year,nerc,month,type,generation (mwh),total fuel (mmbtu),elec fuel (mmbtu)
2016,FRCC,1,COW,14986.81587251358,696082.9822653237,60437.590616743975
2016,FRCC,1,NG,252414.5831463873,2966903.787717085,2094633.7531660667
2016,FRCC,1,OOG,-2015.6098878179798,,
2016,FRCC,1,OTH,82929.11890424829,,
2016,FRCC,1,PEL,3127.1985794810835,105548.21313820037,33576.9035618125
2016,FRCC,1,SUN,2853.9900000000016,,
2016,FRCC,1,WAS,130336.92105998438,,
2016,FRCC,1,WWW,62466.66424139735,,
2016,FRCC,2,COW,12534.80187076135,596793.7869481664,50493.90255884344
2016,FRCC,2,NG,227817.8887933276,2714569.611392296,1875942.960277803
2016,FRCC,2,OOG,-5733.354787354077,,
2016,FRCC,2,OTH,73352.95857218526,,
2016,FRCC,2,PEL,1472.4118713883315,56707.22018336988,16063.299411838438
2016,FRCC,2,SUN,6826.299999999999,,
2016,FRCC,2,WAS,122881.22651967834,,
2016,FRCC,2,WWW,55911.50996015947,,
2016,FRCC,3,COW,11821.640123872736,519662.56099774176,47639.097450966634
2016,FRCC,3,NG,270951.4316306142,3016059.2580741113,2232633.0271288636
2016,FRCC,3,OOG,-7045.217340685135,,
2016,FRCC,3,OTH,78821.60567564418,,
2016,FRCC,3,PEL,873.2099664670574,30457.13603078597,9478.45612111654
2016,FRCC,3,SUN,8514.04,,
2016,FRCC,3,WAS,126920.23120506394,,
2016,FRCC,3,WWW,59160.26172346602,,
2016,FRCC,4,COW,7129.72688382417,369979.73115807504,28366.30210939133
2016,FRCC,4,NG,257494.21738852368,2875466.0260868175,2074347.576291384
2016,FRCC,4,OOG,-6518.212539302377,,
2016,FRCC,4,OTH,80161.92679290855,,
2016,FRCC,4,PEL,778.6320198386677,30854.04658108212,8449.949177256061
2016,FRCC,4,SUN,7350.9000000000015,,
2016,FRCC,4,WAS,126124.34298505583,,
2016,FRCC,4,WWW,52305.468632810516,,
2016,FRCC,5,COW,11073.308889516411,396508.26835437067,44806.50610601365
2016,FRCC,5,NG,273971.33841014706,3015556.4803164755,2244751.270415643
2016,FRCC,5,OOG,-6849.285420698394,,
2016,FRCC,5,OTH,88160.14963006375,,
2016,FRCC,5,PEL,1065.479508184997,38128.40719557788,10910.7694841409
2016,FRCC,5,SUN,9817.509999999998,,
2016,FRCC,5,WAS,125364.08234389304,,
2016,FRCC,5,WWW,64690.63921905667,,
2016,FRCC,6,COW,14146.317999235865,472881.5615161148,56701.639579555515
2016,FRCC,6,NG,303816.93185097823,3362034.3794615045,2529824.129075669
2016,FRCC,6,OOG,-4014.996600286677,,
2016,FRCC,6,OTH,84056.32030829502,,
2016,FRCC,6,PEL,1687.4545279990027,68482.56643371774,17842.446506174347
2016,FRCC,6,SUN,12203.32,,
2016,FRCC,6,WAS,115697.379950103,,
2016,FRCC,6,WWW,68100.49276335313,,
2016,FRCC,7,COW,13281.891355027858,439360.82746649825,53514.30117215238
2016,FRCC,7,NG,335832.14515619463,3493176.5194429024,2766854.208392795
2016,FRCC,7,OOG,-3092.665862340196,,
2016,FRCC,7,OTH,88585.58189194229,,
2016,FRCC,7,PEL,3042.6682714824788,129430.83083460975,32913.22172437483
2016,FRCC,7,SUN,13672.689999999999,,
2016,FRCC,7,WAS,122322.5082559596,,
2016,FRCC,7,WWW,68615.3045050789,,
2016,FRCC,8,COW,12216.622735595194,391463.3894287748,49618.814928511005
2016,FRCC,8,NG,328627.48800440336,3537623.391361845,2691523.345000973
2016,FRCC,8,OOG,-4807.712083155695,,
2016,FRCC,8,OTH,87829.32231834382,,
2016,FRCC,8,PEL,2517.74812314009,107071.86975948837,26480.305601259144
2016,FRCC,8,SUN,13270.240000000002,,
2016,FRCC,8,WAS,128423.12880483427,,
2016,FRCC,8,WWW,64920.572288947966,,
2016,FRCC,9,COW,11361.896544406034,373236.52920896665,45997.29842759678
2016,FRCC,9,NG,297580.94234775956,3241619.1065077195,2419030.541239383
2016,FRCC,9,OOG,-4891.021682603567,,
2016,FRCC,9,OTH,80661.59674759969,,
2016,FRCC,9,PEL,890.1046330130241,28674.5377658539,9185.596515138774
2016,FRCC,9,SUN,12760.900000000001,,
2016,FRCC,9,WAS,113512.1839535348,,
2016,FRCC,9,WWW,65442.96860148237,,
2016,FRCC,10,COW,11866.799531926132,495871.29984695103,47618.22997670486
2016,FRCC,10,NG,255219.8262214577,2824968.8735113805,2070808.2980891888
2016,FRCC,10,OOG,-4663.055587938074,,
2016,FRCC,10,OTH,81093.49314978652,,
2016,FRCC,10,PEL,1119.66698707055,46754.4631853895,12133.183470867201
2016,FRCC,10,SUN,10192.91,,
2016,FRCC,10,WAS,119613.8151725923,,
2016,FRCC,10,WWW,57954.97100736169,,
2016,FRCC,11,COW,9252.002784014618,411674.9304602572,37507.60212471013
2016,FRCC,11,NG,277792.3206173589,3146370.9673771667,2403293.4961741273
2016,FRCC,11,OOG,-5404.5365906757,,
2016,FRCC,11,OTH,79190.32877839805,,
2016,FRCC,11,PEL,1153.9001275193846,32118.761558726037,11196.632444242063
2016,FRCC,11,SUN,8752.25,,
2016,FRCC,11,WAS,116320.2728606344,,
2016,FRCC,11,WWW,64375.10978490559,,
2016,FRCC,12,COW,10357.206415263217,499615.59457413014,42336.06641115209
2016,FRCC,12,NG,220559.3855498414,2760960.7456137068,1797978.2377149372
2016,FRCC,12,OOG,-5330.537801847524,,
2016,FRCC,12,OTH,84692.51902827063,,
2016,FRCC,12,PEL,1187.7134501981827,34757.16695477528,11734.374655900894
2016,FRCC,12,SUN,5520.639999999999,,
2016,FRCC,12,WAS,128078.45147515874,,
2016,FRCC,12,WWW,64885.062558706035,,
2016,MRO,1,COW,375199.1388773355,7708542.716916455,3973259.7692397884
2016,MRO,1,HYC,105624.8085718469,,
2016,MRO,1,NG,138422.22499769693,2708187.46311952,1456183.853797804
2016,MRO,1,OOG,82.83730220307193,,
2016,MRO,1,OTH,21989.024999999998,,
2016,MRO,1,PEL,3801.3784091412663,24748.740118250462,18692.765951555088
2016,MRO,1,SUN,4742.401264932719,,
2016,MRO,1,WAS,98803.62433719992,,
2016,MRO,1,WND,176588.79179658645,,
2016,MRO,1,WWW,78362.37866649145,,
2016,MRO,2,COW,304969.0933418823,6683636.213052973,3145493.999702356
2016,MRO,2,HYC,101657.07314337496,,
2016,MRO,2,NG,135521.9968389011,2627077.9048253195,1474384.413524911
2016,MRO,2,OOG,94.77311010164686,,
2016,MRO,2,OTH,19624.974000000002,,
2016,MRO,2,PC,-1007.471,118875.0,44503.0
2016,MRO,2,PEL,2874.0809888868266,23726.38161775163,15755.539743867135
2016,MRO,2,SUN,7574.192266345202,,
2016,MRO,2,WAS,87839.43013611263,,
2016,MRO,2,WND,179629.7655593163,,
2016,MRO,2,WWW,73830.85309240564,,
2016,MRO,3,COW,277306.6033418861,6258779.114818387,2838092.796897095
2016,MRO,3,HYC,119775.16620220653,,
2016,MRO,3,NG,136767.90267181478,2683854.9936400843,1428182.7872028374
2016,MRO,3,OOG,68.23191452659267,,
2016,MRO,3,OTH,20573.958000000006,,
2016,MRO,3,PEL,2276.390497491042,19137.916597397256,11913.851039206475
2016,MRO,3,SUN,8290.766636842862,,
2016,MRO,3,WAS,94725.2667058986,,
2016,MRO,3,WND,177192.97711422396,,
2016,MRO,3,WWW,72590.65897306829,,
2016,MRO,4,COW,222298.95381176716,4201450.850889124,2280328.2962997337
2016,MRO,4,HYC,128738.06042047778,,
2016,MRO,4,NG,182075.2037925911,2660807.089320588,1555490.8095462967
2016,MRO,4,OOG,64.66842714261716,,
2016,MRO,4,OTH,21759.510000000002,,
2016,MRO,4,PC,-153.864,122387.0,61012.0
2016,MRO,4,PEL,2593.816746016986,20176.034511043938,13137.175385817623
2016,MRO,4,SUN,9073.291115946367,,
2016,MRO,4,WAS,94526.29612732331,,
2016,MRO,4,WND,184739.49758634737,,
2016,MRO,4,WWW,62751.814410063715,,
2016,MRO,5,COW,277702.9837478635,5452507.973095522,2843651.5359023395
2016,MRO,5,HYC,128040.91523352431,,
2016,MRO,5,NG,224408.2219568808,2989784.414452279,1917387.1604396924
2016,MRO,5,OTH,22927.202000000005,,
2016,MRO,5,PEL,3232.3924885002302,30135.97929215853,16765.28344605461
2016,MRO,5,SUN,11080.05599918667,,
2016,MRO,5,WAS,97571.232313714,,
2016,MRO,5,WND,137926.3714325359,,
2016,MRO,5,WWW,65347.791557432996,,
2016,MRO,6,COW,335583.2599427067,6257201.704508517,3519754.836584697
2016,MRO,6,HYC,127705.24115017579,,
2016,MRO,6,NG,231762.94748213078,3169606.360601831,2142441.5214168364
2016,MRO,6,OTH,22196.716,,
2016,MRO,6,PEL,2903.5134726998263,26901.16951248047,16075.365945474168
2016,MRO,6,SUN,11011.422282186086,,
2016,MRO,6,WAS,91991.98274269285,,
2016,MRO,6,WND,129476.0174816532,,
2016,MRO,6,WWW,71850.87809282713,,
2016,MRO,7,COW,401118.4545699775,6914327.835021579,4156614.551539595
2016,MRO,7,HYC,116671.84557068563,,
2016,MRO,7,NG,317524.2701286204,4323768.8273817105,3165020.315841986
2016,MRO,7,OTH,23083.034000000003,,
2016,MRO,7,PC,-594.5,145267.0,62588.0
2016,MRO,7,PEL,3356.765637363156,27490.04651132639,19451.42729883119
2016,MRO,7,SUN,12056.533898670192,,
2016,MRO,7,WAS,96399.04094544692,,
2016,MRO,7,WND,106575.2731750447,,
2016,MRO,7,WWW,77702.45381149485,,
2016,MRO,8,COW,406927.9596640622,7116402.541114042,4285256.257564214
2016,MRO,8,HYC,105934.23439422288,,
2016,MRO,8,NG,415645.5362435679,5324776.878397044,3871314.453775381
2016,MRO,8,OTH,24227.809999999998,,
2016,MRO,8,PEL,3166.850776071781,24386.435808229235,17661.360443008434
2016,MRO,8,SUN,11178.820320882623,,
2016,MRO,8,WAS,96127.85402981899,,
2016,MRO,8,WND,90520.70433788336,,
2016,MRO,8,WWW,78813.42029200139,,
2016,MRO,9,COW,329420.9844332746,5797034.34184411,3450761.346622437
2016,MRO,9,HYC,77121.96741183265,,
2016,MRO,9,NG,181666.84480726335,2864217.4044323727,1792221.248684409
2016,MRO,9,OOG,61.49392648096909,,
2016,MRO,9,OTH,22917.596,,
2016,MRO,9,PEL,2264.7585684693727,13720.669038739781,9727.617146655311
2016,MRO,9,SUN,10351.954122384705,,
2016,MRO,9,WAS,87971.73031689308,,
2016,MRO,9,WND,133667.54757513688,,
2016,MRO,9,WWW,75257.02095282383,,
2016,MRO,10,COW,297423.9347871066,5020165.958226583,3142308.212278246
2016,MRO,10,HYC,94902.46976904708,,
2016,MRO,10,NG,127217.75648533837,2339493.412817594,1309535.2612293246
2016,MRO,10,OTH,21437.347999999994,,
2016,MRO,10,PEL,2831.1838196515587,11208.776660538415,10436.375237400494
2016,MRO,10,SUN,8852.834427383354,,
2016,MRO,10,WAS,90127.93948512441,,
2016,MRO,10,WND,160492.33179270293,,
2016,MRO,10,WWW,65675.61647407709,,
2016,MRO,11,COW,277717.3778842797,5344822.261024847,2969679.2237955867
2016,MRO,11,HYC,108027.79199720794,,
2016,MRO,11,NG,114436.0910807804,2283312.101394604,1171058.180708826
2016,MRO,11,OTH,20863.039000000004,,
2016,MRO,11,PEL,2791.741678013127,13813.284390096112,9678.072669286223
2016,MRO,11,SUN,7167.000350976584,,
2016,MRO,11,WAS,89324.42009809817,,
2016,MRO,11,WND,174380.1467988954,,
2016,MRO,11,WWW,68332.10886105632,,
2016,MRO,12,COW,371579.82463942055,6513910.625436041,3842650.5490482273
2016,MRO,12,HYC,127898.74857245386,,
2016,MRO,12,NG,130261.45198533122,2621632.5878088092,1447670.9699848485
2016,MRO,12,OTH,21437.017,,
2016,MRO,12,PC,-1052.4089999999999,136185.0,53805.0
2016,MRO,12,PEL,3860.4268402367784,19137.268774111766,13827.02248209538
2016,MRO,12,SUN,12543.70678603516,,
2016,MRO,12,WAS,97698.03371149585,,
2016,MRO,12,WND,213321.89761345412,,
2016,MRO,12,WWW,78400.26978566601,,
2016,NPCC,1,COW,1781.5620000000454,88952.00000000003,7736.0
2016,NPCC,1,HYC,1147818.5099999998,,
2016,NPCC,1,NG,1056724.130194621,12376230.585878348,10135060.001204884
2016,NPCC,1,OTH,92798.538,,
2016,NPCC,1,PEL,23950.307000000004,326764.0,248977.0
2016,NPCC,1,SUN,4174.84,,
2016,NPCC,1,WAS,177024.48700000002,,
2016,NPCC,1,WND,43013.490000000034,,
2016,NPCC,1,WWW,103040.02200000003,,
2016,NPCC,2,COW,1680.0319999999801,85485.0,7306.0
2016,NPCC,2,HYC,978218.9199999999,,
2016,NPCC,2,NG,678177.5409479295,8292993.345279177,6220551.77855502
2016,NPCC,2,OTH,82226.382,,
2016,NPCC,2,PEL,23805.216999999997,319871.0,220944.0
2016,NPCC,2,SUN,8016.459999999999,,
2016,NPCC,2,WAS,154755.674,,
2016,NPCC,2,WND,44955.609999999986,,
2016,NPCC,2,WWW,91379.85200000001,,
2016,NPCC,3,COW,1610.3800000000037,85365.0,6993.0
2016,NPCC,3,HYC,856156.03,,
2016,NPCC,3,NG,743002.9297002299,8813073.181413867,6765647.169341293
2016,NPCC,3,OTH,87551.53,,
2016,NPCC,3,PEL,-261.403,11173.0,3699.0
2016,NPCC,3,SUN,9035.17,,
2016,NPCC,3,WAS,165200.185,,
2016,NPCC,3,WND,45282.46000000001,,
2016,NPCC,3,WWW,96028.06700000002,,
2016,NPCC,4,COW,1260.5180000000155,32032.0,5471.0
2016,NPCC,4,HYC,651350.0700000001,,
2016,NPCC,4,NG,698709.9489796757,7752692.366998716,6212567.711124443
2016,NPCC,4,OTH,89170.85500000001,,
2016,NPCC,4,PEL,7722.0700000000015,104725.0,70310.0
2016,NPCC,4,SUN,8648.07,,
2016,NPCC,4,WAS,166978.76399999997,,
2016,NPCC,4,WND,45510.21000000001,,
2016,NPCC,4,WWW,69134.92000000003,,
2016,NPCC,5,COW,1385.2270000000262,64252.0,6017.0
2016,NPCC,5,HYC,639387.81,,
2016,NPCC,5,NG,712664.5065138002,8020448.189280523,6506795.955472479
2016,NPCC,5,OTH,97916.495,,
2016,NPCC,5,PEL,7389.223,117736.0,92822.0
2016,NPCC,5,SUN,10579.71,,
2016,NPCC,5,WAS,180572.94400000002,,
2016,NPCC,5,WND,36598.609999999986,,
2016,NPCC,5,WWW,73022.23899999999,,
2016,NPCC,6,COW,1387.2990000000018,67960.0,6025.0
2016,NPCC,6,HYC,432572.1,,
2016,NPCC,6,NG,870195.5132154209,9576181.286083939,7880318.574849351
2016,NPCC,6,OTH,93605.87399999998,,
2016,NPCC,6,PEL,12091.392,160132.0,119182.0
2016,NPCC,6,SUN,13940.240000000002,,
2016,NPCC,6,WAS,176852.83800000002,,
2016,NPCC,6,WND,34193.580000000016,,
2016,NPCC,6,WWW,89935.84500000002,,
2016,NPCC,7,COW,1550.5430000000024,68289.0,6737.0
2016,NPCC,7,HYC,591497.9100000001,,
2016,NPCC,7,NG,1072510.6666531255,11924901.215812048,9879336.849332068
2016,NPCC,7,OTH,97752.58199999998,,
2016,NPCC,7,PEL,18309.45999999999,255080.0,183833.0
2016,NPCC,7,SUN,15235.439999999999,,
2016,NPCC,7,WAS,181963.78900000002,,
2016,NPCC,7,WND,29081.850000000013,,
2016,NPCC,7,WWW,101289.19399999996,,
2016,NPCC,8,COW,1613.6200000000272,71513.0,7006.0
2016,NPCC,8,HYC,642112.62,,
2016,NPCC,8,NG,1100759.2052637641,12174436.71536523,10123922.434582194
2016,NPCC,8,OTH,97347.87400000001,,
2016,NPCC,8,PEL,36011.370000000024,457597.0,371225.0
2016,NPCC,8,SUN,13939.939999999999,,
2016,NPCC,8,WAS,179899.00400000002,,
2016,NPCC,8,WND,25392.04999999999,,
2016,NPCC,8,WWW,94609.36599999998,,
2016,NPCC,9,COW,1269.469000000001,56081.0,5521.0
2016,NPCC,9,HYC,381720.1199999999,,
2016,NPCC,9,NG,841285.0256032305,9582922.859819869,7728157.890375426
2016,NPCC,9,OTH,90104.35299999999,,
2016,NPCC,9,PEL,9875.44900000001,146405.00000000006,115893.0
2016,NPCC,9,SUN,12792.369999999999,,
2016,NPCC,9,WAS,169443.914,,
2016,NPCC,9,WND,35297.12,,
2016,NPCC,9,WWW,90787.725,,
2016,NPCC,10,COW,1217.761999999998,41952.0,5296.0
2016,NPCC,10,HYC,397945.4499999999,,
2016,NPCC,10,NG,608748.5736920832,7375563.033882855,5748597.686852904
2016,NPCC,10,OTH,90072.214,,
2016,NPCC,10,PEL,7836.272000000006,99372.0,76410.0
2016,NPCC,10,SUN,10528.38,,
2016,NPCC,10,WAS,165594.13999999998,,
2016,NPCC,10,WND,41523.200000000026,,
2016,NPCC,10,WWW,78556.24899999998,,
2016,NPCC,11,COW,1244.6079999999938,56773.0,5408.0
2016,NPCC,11,HYC,455759.77,,
2016,NPCC,11,NG,598348.6977402207,7386247.382681193,5640621.653487556
2016,NPCC,11,OTH,87872.006,,
2016,NPCC,11,PEL,-7037.4109999999755,135863.0,113625.0
2016,NPCC,11,SUN,8785.2,,
2016,NPCC,11,WAS,166026.362,,
2016,NPCC,11,WND,44769.259999999966,,
2016,NPCC,11,WWW,75870.065,,
2016,NPCC,12,COW,1547.1919999999463,62436.0,6723.0
2016,NPCC,12,HYC,599118.7500000002,,
2016,NPCC,12,NG,653905.7874931878,7917182.577855804,6165438.922014456
2016,NPCC,12,OTH,95038.16300000002,,
2016,NPCC,12,PEL,14739.21500000002,207079.0,140569.0
2016,NPCC,12,SUN,6221.15,,
2016,NPCC,12,WAS,183377.98599999998,,
2016,NPCC,12,WND,61730.12,,
2016,NPCC,12,WWW,95375.65600000002,,
2016,RFC,1,COW,745721.0812628549,11330374.078120599,8387987.200773736
2016,RFC,1,HYC,503443.2026297009,,
2016,RFC,1,NG,1252019.363351866,16926056.889809094,10627990.933386676
2016,RFC,1,OOG,212691.59199873853,,
2016,RFC,1,OTH,52652.17600000001,,
2016,RFC,1,PC,-1730.437,926148.0,71083.0
2016,RFC,1,PEL,-157397.72710426548,-1044326.5441173768,-1073584.5463576068
2016,RFC,1,SUN,7934.3099999999995,,
2016,RFC,1,WAS,313893.5198727129,,
2016,RFC,1,WND,-94729.87739614573,,
2016,RFC,1,WWW,152696.51177630742,,
2016,RFC,2,COW,635410.2975028538,9884908.271716151,7109976.355926364
2016,RFC,2,HYC,432073.0967485125,,
2016,RFC,2,NG,904163.4295490067,14012130.5183568,8074978.366541929
2016,RFC,2,OOG,130743.69936120133,,
2016,RFC,2,OTH,46897.53,,
2016,RFC,2,PC,24171.737999999994,1279859.0,146629.0
2016,RFC,2,PEL,-137098.40912519474,-872514.9960075032,-911497.2096372031
2016,RFC,2,SUN,15905.54,,
2016,RFC,2,WAS,240489.16982685166,,
2016,RFC,2,WND,-76783.10859399309,,
2016,RFC,2,WWW,137571.29841500003,,
2016,RFC,3,COW,543122.8903470079,8746670.190193731,6047817.063533809
2016,RFC,3,HYC,419315.59827288816,,
2016,RFC,3,NG,970168.3805781046,14811715.89283393,8684884.625565598
2016,RFC,3,OOG,87020.87364661045,,
2016,RFC,3,OTH,49786.511,,
2016,RFC,3,PC,14024.52599999999,1306661.0,73121.0
2016,RFC,3,PEL,-34900.41658312554,-270867.22498395114,-284101.9004413965
2016,RFC,3,SUN,17227.15,,
2016,RFC,3,WAS,252185.99745271797,,
2016,RFC,3,WND,-67786.84096247925,,
2016,RFC,3,WWW,142275.65326653697,,
2016,RFC,4,COW,440594.4661937136,7374895.815348284,5081408.140521547
2016,RFC,4,HYC,408858.7664253427,,
2016,RFC,4,NG,978277.8790658981,13931051.764970299,8500282.866486294
2016,RFC,4,OOG,82885.60266443992,,
2016,RFC,4,OTH,50627.358,,
2016,RFC,4,PC,30241.625,1002983.0,183093.0
2016,RFC,4,PEL,-86879.81046494925,-634905.8709285352,-645064.3488756461
2016,RFC,4,SUN,17559.14,,
2016,RFC,4,WAS,254660.83948591264,,
2016,RFC,4,WND,-55144.9087677144,,
2016,RFC,4,WWW,115995.7247824693,,
2016,RFC,5,COW,525042.8818180985,7707275.815714761,5341091.620554245
2016,RFC,5,HYC,397604.3545991934,,
2016,RFC,5,NG,959079.5630268015,13698561.57282786,8489272.842170205
2016,RFC,5,OOG,36419.363000000005,,
2016,RFC,5,OTH,54290.689,,
2016,RFC,5,PC,32699.541999999994,1133197.0,198427.0
2016,RFC,5,PEL,5482.899440528622,87101.0521184806,75339.3005008569
2016,RFC,5,SUN,21694.44,,
2016,RFC,5,WAS,262176.7994038588,,
2016,RFC,5,WND,-38331.19182327998,,
2016,RFC,5,WWW,124747.63770460342,,
2016,RFC,6,COW,615793.4197299452,9254669.690539204,6833371.943644146
2016,RFC,6,HYC,456840.58438282844,,
2016,RFC,6,NG,1129945.8903644495,15231495.447218252,9854710.206657737
2016,RFC,6,OOG,71384.95000000001,,
2016,RFC,6,OTH,50851.40400000001,,
2016,RFC,6,PC,33092.582,1173357.0,200707.0
2016,RFC,6,PEL,6719.849398746485,104656.02767518484,88099.54972560654
2016,RFC,6,SUN,22141.38,,
2016,RFC,6,WAS,257084.17663037634,,
2016,RFC,6,WND,-28840.269400447374,,
2016,RFC,6,WWW,139688.8440845646,,
2016,RFC,7,COW,710030.8485483839,10135412.009067329,7755207.795449913
2016,RFC,7,HYC,473700.554190792,,
2016,RFC,7,NG,1468171.3568333946,19477532.31879745,13279348.234838296
2016,RFC,7,OOG,54170.24700000001,,
2016,RFC,7,OTH,51838.75899999999,,
2016,RFC,7,PC,16176.104,1046778.0,84058.0
2016,RFC,7,PEL,11052.266238207658,179560.31227558418,149870.57414328482
2016,RFC,7,SUN,26056.93,,
2016,RFC,7,WAS,266881.3269132228,,
2016,RFC,7,WND,-12887.499020873616,,
2016,RFC,7,WWW,150987.29760956368,,
2016,RFC,8,COW,708606.7030078213,10171272.29265244,7777274.730726481
2016,RFC,8,HYC,474317.81622642966,,
2016,RFC,8,NG,1587681.0050939484,20672399.979068458,14324362.643710045
2016,RFC,8,OOG,73578.28099999999,,
2016,RFC,8,OTH,52159.18,,
2016,RFC,8,PC,16560.26999999999,1019009.0,86089.0
2016,RFC,8,PEL,19522.124200931852,297384.0241394456,260883.70968752535
2016,RFC,8,SUN,26244.710000000006,,
2016,RFC,8,WAS,267880.54128485575,,
2016,RFC,8,WND,-11766.814228694642,,
2016,RFC,8,WWW,143213.66755573868,,
2016,RFC,9,COW,575036.0734143732,8597664.873465106,6425654.90549009
2016,RFC,9,HYC,313987.65173747315,,
2016,RFC,9,NG,1115706.4068850847,15620767.361426262,10023904.867555566
2016,RFC,9,OOG,80706.55478773697,,
2016,RFC,9,OTH,49649.712999999996,,
2016,RFC,9,PC,33615.893,972398.0,202878.00000000006
2016,RFC,9,PEL,6598.582982994569,94990.44171035006,82562.63801420123
2016,RFC,9,SUN,23651.16,,
2016,RFC,9,WAS,247565.68034165798,,
2016,RFC,9,WND,-20520.872552857407,,
2016,RFC,9,WWW,139022.56406084515,,
2016,RFC,10,COW,475096.8788824811,7392421.097542427,5292366.103445976
2016,RFC,10,HYC,358088.74570523214,,
2016,RFC,10,NG,810395.3413314314,12362572.598106356,7512927.216193301
2016,RFC,10,OOG,34428.13599999999,,
2016,RFC,10,OTH,47418.46600000001,,
2016,RFC,10,PC,9258.161999999997,1430853.0,48473.0
2016,RFC,10,PEL,6089.440139829047,91196.12683604793,78525.84327539518
2016,RFC,10,SUN,19722.15,,
2016,RFC,10,WAS,235245.73872529675,,
2016,RFC,10,WND,-51283.39680459596,,
2016,RFC,10,WWW,128039.16764406432,,
2016,RFC,11,COW,512578.2299106994,7803800.798148964,5768946.517069552
2016,RFC,11,HYC,312435.4724703626,,
2016,RFC,11,NG,815693.2154397345,12806510.217665907,7407364.615294043
2016,RFC,11,OOG,26952.908999999985,,
2016,RFC,11,OTH,46425.49500000001,,
2016,RFC,11,PC,12671.982999999993,904659.0,65839.0
2016,RFC,11,PEL,6394.229896112479,91877.46929258294,80739.62641635656
2016,RFC,11,SUN,16223.14,,
2016,RFC,11,WAS,247968.31111576143,,
2016,RFC,11,WND,-64943.813703893924,,
2016,RFC,11,WWW,127966.14665064476,,
2016,RFC,12,COW,665730.4417855269,9799267.711747061,7387130.259102055
2016,RFC,12,HYC,391020.8902513103,,
2016,RFC,12,NG,858973.532151425,13882303.084266933,8215398.076472986
2016,RFC,12,OOG,30272.100999999988,,
2016,RFC,12,OTH,50564.66100000001,,
2016,RFC,12,PC,14169.425999999978,1093151.0,73641.0
2016,RFC,12,PEL,10220.115657642926,160724.7089852622,133523.18938935216
2016,RFC,12,SUN,11554.4,,
2016,RFC,12,WAS,271572.83651798713,,
2016,RFC,12,WND,-73222.63695599842,,
2016,RFC,12,WWW,145626.03481075805,,
2016,SERC,1,COW,74115.44320463637,3930293.0496215774,529739.1260079367
2016,SERC,1,HYC,1569731.1765921076,,
2016,SERC,1,NG,679556.3810366841,15622157.15284218,5758317.382239811
2016,SERC,1,OOG,34539.012902637376,,
2016,SERC,1,OTH,99324.13010848184,,
2016,SERC,1,PC,9706.643999999993,343934.0,49244.0
2016,SERC,1,PEL,15780.863053808662,271571.96540741733,131463.70552899348
2016,SERC,1,SUN,153023.63999999998,,
2016,SERC,1,WAS,138458.20273010287,,
2016,SERC,1,WND,-7295.768862230085,,
2016,SERC,1,WWW,461581.0219254288,,
2016,SERC,2,COW,66833.08701124603,3498495.2464073086,477005.205606084
2016,SERC,2,HYC,1426300.698579892,,
2016,SERC,2,NG,631692.1389094911,14895365.628804931,5293352.026521227
2016,SERC,2,OOG,30545.49890960278,,
2016,SERC,2,OTH,87252.20065016058,,
2016,SERC,2,PC,14287.862999999987,435441.0,72481.0
2016,SERC,2,PEL,9095.622660872437,148690.25778384606,70048.85322338896
2016,SERC,2,SUN,268686.48000000004,,
2016,SERC,2,WAS,121585.1305173574,,
2016,SERC,2,WND,-6365.208876734429,,
2016,SERC,2,WWW,432292.44250975206,,
2016,SERC,3,COW,57747.41021695626,3195619.578276885,378977.65384117595
2016,SERC,3,HYC,1170479.7543548252,,
2016,SERC,3,NG,717066.507011142,15695926.213540599,6025077.359157674
2016,SERC,3,OOG,33983.804235800744,,
2016,SERC,3,OTH,98093.08699616278,,
2016,SERC,3,PC,18512.53300000002,507663.0,93910.0
2016,SERC,3,PEL,6947.760805513348,93608.93215930703,52643.994276068006
2016,SERC,3,SUN,293085.58,,
2016,SERC,3,WAS,129761.21263631947,,
2016,SERC,3,WND,-6322.367444195023,,
2016,SERC,3,WWW,436648.2441188939,,
2016,SERC,4,COW,94293.3977110943,2679827.179176229,800886.3015171076
2016,SERC,4,HYC,989105.2374432645,,
2016,SERC,4,NG,673822.3861503515,14842253.84663224,5620247.3826396195
2016,SERC,4,OOG,27694.49299941962,,
2016,SERC,4,OTH,99871.34346699339,,
2016,SERC,4,PC,17144.616000000005,354117.0,86969.0
2016,SERC,4,PEL,901.5219148126969,65692.31058856208,45427.37528865157
2016,SERC,4,SUN,306886.45000000007,,
2016,SERC,4,WAS,130406.06740170822,,
2016,SERC,4,WND,-6083.2940596166945,,
2016,SERC,4,WWW,395082.49478354503,,
2016,SERC,5,COW,75511.22044362866,2739807.0919562224,565983.5193356859
2016,SERC,5,HYC,1047726.2964395169,,
2016,SERC,5,NG,726480.5956796935,15713749.416804941,6181145.656536235
2016,SERC,5,OOG,14856.401263030457,,
2016,SERC,5,OTH,106591.25593651342,,
2016,SERC,5,PC,18695.55400000002,382689.0,94843.0
2016,SERC,5,PEL,8338.132311550718,112346.66931681678,60559.7303727994
2016,SERC,5,SUN,373389.17,,
2016,SERC,5,WAS,137774.43693853414,,
2016,SERC,5,WND,-3314.818930489848,,
2016,SERC,5,WWW,435382.20598227816,,
2016,SERC,6,COW,95401.86728358293,3524736.742853753,763541.0983268077
2016,SERC,6,HYC,990281.4083901655,,
2016,SERC,6,NG,826354.4990456122,16667151.45710831,7029208.996789516
2016,SERC,6,OOG,20400.10086664662,,
2016,SERC,6,OTH,103609.14581468313,,
2016,SERC,6,PC,19126.61800000003,406562.0,97019.0
2016,SERC,6,PEL,9537.96753837364,169987.5594452956,73420.4160874019
2016,SERC,6,SUN,394852.31,,
2016,SERC,6,WAS,132869.12267682774,,
2016,SERC,6,WND,-2260.2802587961887,,
2016,SERC,6,WWW,450846.7078309801,,
2016,SERC,7,COW,177478.44698612034,3807133.8667754075,1553628.643826732
2016,SERC,7,HYC,1123408.2527230838,,
2016,SERC,7,NG,1214875.5372569466,20371426.344496917,10195754.263683671
2016,SERC,7,OOG,21930.62503078544,,
2016,SERC,7,OTH,109861.33821098716,,
2016,SERC,7,PC,19994.864000000012,448169.0,101427.0
2016,SERC,7,PEL,11514.17053536268,177201.39273550385,89329.45541466161
2016,SERC,7,SUN,437934.866855745,,
2016,SERC,7,WAS,138705.99688537073,,
2016,SERC,7,WND,-1149.4435836921532,,
2016,SERC,7,WWW,468980.05888044956,,
2016,SERC,8,COW,175617.29686950982,3458648.9119173517,1503095.5913325527
2016,SERC,8,HYC,1149138.3495908326,,
2016,SERC,8,NG,924684.688355018,18316000.40196288,7978836.643496146
2016,SERC,8,OOG,20768.51800979737,,
2016,SERC,8,OTH,109963.74268651733,,
2016,SERC,8,PC,20739.774000000067,441235.0,105213.0
2016,SERC,8,PEL,7923.631620735127,97081.02829209217,62159.90088729926
2016,SERC,8,SUN,400245.8197316266,,
2016,SERC,8,WAS,137592.379880491,,
2016,SERC,8,WND,-1143.2246552086406,,
2016,SERC,8,WWW,461850.3539541099,,
2016,SERC,9,COW,109407.36690497141,2906306.7067808295,914414.3881455369
2016,SERC,9,HYC,1035716.7899046994,,
2016,SERC,9,NG,800494.365399194,16474053.591871995,6780846.844777059
2016,SERC,9,OOG,25118.37384446433,,
2016,SERC,9,OTH,45631.512011718914,,
2016,SERC,9,PC,17754.35199999999,330345.0,90056.0
2016,SERC,9,PEL,7336.05393365505,95051.5682249678,57639.34149230754
2016,SERC,9,SUN,374276.3452691575,,
2016,SERC,9,WAS,127323.48238791412,,
2016,SERC,9,WND,-3323.341511961703,,
2016,SERC,9,WWW,437410.9301844937,,
2016,SERC,10,COW,70614.74825145674,2874506.756779782,490204.8105150199
2016,SERC,10,HYC,907541.6477984572,,
2016,SERC,10,NG,670348.545123943,14715550.828303121,5645376.600629157
2016,SERC,10,OOG,19575.360302371726,,
2016,SERC,10,OTH,41722.3007981461,,
2016,SERC,10,PC,13878.206999999991,527714.0,70403.0
2016,SERC,10,PEL,7577.905535053174,83986.94497471988,52753.905001645966
2016,SERC,10,SUN,312101.13145858765,,
2016,SERC,10,WAS,127084.90461698655,,
2016,SERC,10,WND,-5503.638828191617,,
2016,SERC,10,WWW,423988.5038304339,,
2016,SERC,11,COW,55220.837516731466,2533014.976504737,407798.06562939746
2016,SERC,11,HYC,743097.8445769117,,
2016,SERC,11,NG,630457.4040961921,14605931.757798597,5349950.484606903
2016,SERC,11,OOG,20405.245905282143,,
2016,SERC,11,OTH,42292.34535856422,,
2016,SERC,11,PC,15123.320000000029,363928.0,76718.0
2016,SERC,11,PEL,7564.485734915466,60698.48348998069,38457.30246026222
2016,SERC,11,SUN,265286.5036678291,,
2016,SERC,11,WAS,126395.60492550596,,
2016,SERC,11,WND,-5743.409511048289,,
2016,SERC,11,WWW,444182.44023230247,,
2016,SERC,12,COW,71156.16452857072,2961629.823010676,549378.5148678559
2016,SERC,12,HYC,945369.2645961284,,
2016,SERC,12,NG,626041.8456020365,15142993.264986202,5302998.26770033
2016,SERC,12,OOG,19605.16763377473,,
2016,SERC,12,OTH,42115.20249685778,,
2016,SERC,12,PC,16823.907,423765.0,85343.0
2016,SERC,12,PEL,10486.633115184635,124104.95803538348,80604.45321784852
2016,SERC,12,SUN,201768.66999999998,,
2016,SERC,12,WAS,138992.83929535828,,
2016,SERC,12,WND,-5430.700745372279,,
2016,SERC,12,WWW,462296.8022383422,,
2016,SPP,1,COW,63843.46703046364,1753456.8691473312,644348.6348122446
2016,SPP,1,HYC,147807.6845816332,,
2016,SPP,1,NG,-111701.13318827815,2211829.7312614713,-191505.05297356332
2016,SPP,1,OOG,10415.836552815099,,
2016,SPP,1,OTH,15513.572797180152,,
2016,SPP,1,PC,0.0,0.0,0.0
2016,SPP,1,PEL,905.5047815407706,44645.05952925352,34339.28128285646
2016,SPP,1,WAS,8117.621999999999,,
2016,SPP,1,WND,-10992.588441311496,,
2016,SPP,1,WWW,75202.66086807041,,
2016,SPP,2,COW,54071.942507529566,1545681.9927826286,534722.1533818685
2016,SPP,2,HYC,151712.27325310837,,
2016,SPP,2,NG,14481.647425664036,3006803.6869607223,630895.2946180551
2016,SPP,2,OOG,8510.90851197991,,
2016,SPP,2,OTH,14915.958264263005,,
2016,SPP,2,PC,0.0,0.0,0.0
2016,SPP,2,PEL,551.0478490372705,27782.86913521006,21867.49689140783
2016,SPP,2,WAS,7079.548,,
2016,SPP,2,WND,-17416.219126332257,,
2016,SPP,2,WWW,70268.85262745971,,
2016,SPP,3,COW,47866.26148802287,1428922.531676778,465238.50044413377
2016,SPP,3,HYC,143007.9302652277,,
2016,SPP,3,NG,-135028.90436233248,2153278.640251135,-195634.22689229576
2016,SPP,3,OOG,10717.279219066015,,
2016,SPP,3,OTH,16282.934631149648,,
2016,SPP,3,PC,0.0,0.0,0.0
2016,SPP,3,PEL,485.9553154050501,23749.79953435397,20484.058232641073
2016,SPP,3,WAS,7451.930000000001,,
2016,SPP,3,WND,-21085.53150918228,,
2016,SPP,3,WWW,71421.69313580889,,
2016,SPP,4,COW,134069.10630569278,1894060.10648514,1294713.6332989514
2016,SPP,4,HYC,107223.57762052491,,
2016,SPP,4,NG,-33609.22784211053,2577954.197944985,345634.12656996655
2016,SPP,4,OOG,8569.552191230165,,
2016,SPP,4,OTH,17529.633688257672,,
2016,SPP,4,PC,0.0,0.0,0.0
2016,SPP,4,PEL,714.0696842890661,25190.444788084882,21727.475928898803
2016,SPP,4,WAS,7686.6359999999995,,
2016,SPP,4,WND,-19824.396744516307,,
2016,SPP,4,WWW,64582.09847298401,,
2016,SPP,5,COW,56006.71139435972,1332216.4526333676,557323.7905509231
2016,SPP,5,HYC,94874.8176823666,,
2016,SPP,5,NG,17862.196835892304,3146832.7649171306,807965.1055856722
2016,SPP,5,OOG,5885.250944000513,,
2016,SPP,5,OTH,17637.183853766077,,
2016,SPP,5,PC,0.0,0.0,0.0
2016,SPP,5,PEL,567.2695108145767,27503.614694595522,23349.059725076942
2016,SPP,5,WAS,8197.782,,
2016,SPP,5,WND,-9192.372632161201,,
2016,SPP,5,WWW,71673.95309316846,,
2016,SPP,6,COW,82037.05431717807,1618336.7424166298,774232.260239612
2016,SPP,6,HYC,54009.92331415538,,
2016,SPP,6,NG,-19156.09195883962,2929481.510775288,681705.4443268911
2016,SPP,6,OOG,7946.044391113924,,
2016,SPP,6,OTH,17447.212977043597,,
2016,SPP,6,PC,0.0,0.0,0.0
2016,SPP,6,PEL,564.2268562292878,29886.22163629604,22625.138742322506
2016,SPP,6,WAS,8048.905000000001,,
2016,SPP,6,WND,-12639.451618343772,,
2016,SPP,6,WWW,73522.35417031351,,
2016,SPP,7,COW,89359.00587674422,1729856.0256573209,867302.5920308311
2016,SPP,7,HYC,109202.63131426947,,
2016,SPP,7,NG,279808.98822811304,5098834.669151641,3019771.491792282
2016,SPP,7,OOG,8585.933351392585,,
2016,SPP,7,OTH,18293.1311684091,,
2016,SPP,7,PC,0.0,0.0,0.0
2016,SPP,7,PEL,713.9597895841207,40059.722221845426,26617.671356905354
2016,SPP,7,SUN,1865.2731442550719,,
2016,SPP,7,WAS,8352.636,,
2016,SPP,7,WND,-10497.556813941292,,
2016,SPP,7,WWW,76208.17719619349,,
2016,SPP,8,COW,75475.96904596858,1597987.1748898504,738583.1701581975
2016,SPP,8,HYC,102612.3590095289,,
2016,SPP,8,NG,125415.89249763291,4213503.212729057,1804623.1636250794
2016,SPP,8,OOG,8196.23443458782,,
2016,SPP,8,OTH,19922.376803751577,,
2016,SPP,8,PC,0.0,0.0,0.0
2016,SPP,8,PEL,440.5063720441172,3175.5581125954213,3169.805804343236
2016,SPP,8,SUN,1961.6702683734093,,
2016,SPP,8,WAS,8137.484,,
2016,SPP,8,WND,-8622.147575042638,,
2016,SPP,8,WWW,74871.38261408352,,
2016,SPP,9,COW,63369.44809843381,1397443.8786441674,638720.2953469438
2016,SPP,9,HYC,94753.57941031456,,
2016,SPP,9,NG,134129.62587278677,3987882.205746236,1673074.1919697511
2016,SPP,9,OOG,7662.918767616988,,
2016,SPP,9,OTH,19509.275517496146,,
2016,SPP,9,PC,0.0,0.0,0.0
2016,SPP,9,PEL,506.22117802123967,25942.15237920153,22819.547502581867
2016,SPP,9,SUN,1776.8047308424966,,
2016,SPP,9,WAS,7682.611999999999,,
2016,SPP,9,WND,-22100.303450891457,,
2016,SPP,9,WWW,70726.69380638654,,
2016,SPP,10,COW,64696.91122500511,1317320.5760592674,609528.9306312087
2016,SPP,10,HYC,83420.08672726371,,
2016,SPP,10,NG,21992.985701294325,2939953.1094448157,718120.1344038593
2016,SPP,10,OOG,7648.002864908223,,
2016,SPP,10,OTH,15078.336954246453,,
2016,SPP,10,PC,0.0,0.0,0.0
2016,SPP,10,PEL,574.3074480199075,23602.68834330429,23602.693014691165
2016,SPP,10,SUN,1476.568541412329,,
2016,SPP,10,WAS,7687.847000000001,,
2016,SPP,10,WND,-20640.066770450856,,
2016,SPP,10,WWW,70118.18220865863,,
2016,SPP,11,COW,52478.23665984599,1284443.1156460443,538897.0931934441
2016,SPP,11,HYC,66612.75203938344,,
2016,SPP,11,NG,18963.168430409525,3024399.395136131,730900.0555861229
2016,SPP,11,OOG,7976.444797306094,,
2016,SPP,11,OTH,16355.872562844372,,
2016,SPP,11,PC,0.0,0.0,0.0
2016,SPP,11,PEL,670.9497044571264,31668.541462248784,28289.40566472265
2016,SPP,11,SUN,1218.8063321709012,,
2016,SPP,11,WAS,7547.598,,
2016,SPP,11,WND,-15886.180772333224,,
2016,SPP,11,WWW,73259.70578324496,,
2016,SPP,12,COW,59150.72029151709,1507550.22402435,638870.9911325222
2016,SPP,12,HYC,98527.0552513049,,
2016,SPP,12,NG,-60481.465687117394,2679564.9358471204,203579.0480154052
2016,SPP,12,OOG,7691.496155559025,,
2016,SPP,12,OTH,15257.732991253437,,
2016,SPP,12,PC,0.0,0.0,0.0
2016,SPP,12,PEL,592.7481544904495,35937.218145373015,32115.6498381886
2016,SPP,12,WAS,8532.096,,
2016,SPP,12,WND,-11254.796438504214,,
2016,SPP,12,WWW,75155.80453097328,,
2016,TRE,1,HYC,123688.59762471115,,
2016,TRE,1,NG,566147.2294425978,8468629.41316834,5179930.117629235
2016,TRE,1,OOG,20519.661131423894,,
2016,TRE,1,OTH,30564.01819008973,,
2016,TRE,1,PC,-9454.844000000001,214414.0,29604.0
2016,TRE,1,PEL,144.55058557299407,3623.0789756373,1669.7748877574054
2016,TRE,1,SUN,6577.480513992744,,
2016,TRE,1,WND,79221.28427121442,,
2016,TRE,1,WWW,30636.44052230448,,
2016,TRE,2,HYC,88280.03827511214,,
2016,TRE,2,NG,597376.8277199661,8734053.054055266,5418466.307778657
2016,TRE,2,OOG,16763.88089446837,,
2016,TRE,2,OTH,27317.939513391153,,
2016,TRE,2,PC,2166.4040000000005,253209.0,13949.0
2016,TRE,2,PEL,83.26616057157625,2081.3380204101304,990.3492437733577
2016,TRE,2,SUN,11794.968868982702,,
2016,TRE,2,WND,90014.25525933236,,
2016,TRE,2,WWW,28732.600395223184,,
2016,TRE,3,HYC,60902.26090485253,,
2016,TRE,3,NG,663350.8628591421,9284017.633921295,5904351.617538222
2016,TRE,3,OOG,21106.04432468132,,
2016,TRE,3,OTH,29479.23469704337,,
2016,TRE,3,PC,2411.6370000000006,306153.0,13173.0
2016,TRE,3,PEL,57.33693365754552,1175.8750051645068,719.3918583360505
2016,TRE,3,SUN,12536.753116521691,,
2016,TRE,3,WND,108130.98550059857,,
2016,TRE,3,WWW,29076.013782225895,,
2016,TRE,4,HYC,44915.97809039011,,
2016,TRE,4,NG,606170.074683218,8654650.646674674,5378725.463311662
2016,TRE,4,OOG,16881.199257069966,,
2016,TRE,4,OTH,32373.168051840403,,
2016,TRE,4,PC,2817.514,188201.0,18871.0
2016,TRE,4,PEL,62.16847571395018,1246.0545234193166,770.8737615691389
2016,TRE,4,SUN,12393.593594287659,,
2016,TRE,4,WND,94310.02755776874,,
2016,TRE,4,WWW,26780.593918127444,,
2016,TRE,5,HYC,50670.22604539895,,
2016,TRE,5,NG,661399.9913037864,9389320.360635618,5930583.425745452
2016,TRE,5,OOG,11590.445213667443,,
2016,TRE,5,OTH,31986.667579656754,,
2016,TRE,5,PC,2862.343999999999,213628.0,17938.0
2016,TRE,5,PEL,73.51964783192322,1493.4005178278771,898.2237327246733
2016,TRE,5,SUN,15033.092042478072,,
2016,TRE,5,WND,98312.25359337528,,
2016,TRE,5,WWW,29457.172443460346,,
2016,TRE,6,HYC,24377.942762675008,,
2016,TRE,6,NG,713056.0985093082,9573895.60839947,6373940.167487042
2016,TRE,6,OOG,15651.524342526161,,
2016,TRE,6,OTH,31684.444899978265,,
2016,TRE,6,PC,2950.863000000004,222345.0,18885.0
2016,TRE,6,PEL,100.92863512736115,2554.4363113026952,1178.6646266522862
2016,TRE,6,SUN,16149.669205508348,,
2016,TRE,6,WND,79912.77173982307,,
2016,TRE,6,WWW,30214.288057961447,,
2016,TRE,7,HYC,33636.496201168964,,
2016,TRE,7,NG,766892.420240048,10331342.213998375,6840322.477367656
2016,TRE,7,OOG,16915.318480162226,,
2016,TRE,7,OTH,33370.795728661426,,
2016,TRE,7,PC,3072.4150000000036,246331.0,19661.0
2016,TRE,7,PEL,164.18753763077484,4676.753281183292,1821.5110236022974
2016,TRE,7,SUN,17909.126671131617,,
2016,TRE,7,WND,100895.42921458071,,
2016,TRE,7,WWW,31128.872997219627,,
2016,TRE,8,HYC,37709.43077898601,,
2016,TRE,8,NG,750753.6311374707,10227746.476838717,6713722.858109375
2016,TRE,8,OOG,16147.319638770534,,
2016,TRE,8,OTH,37062.666191387274,,
2016,TRE,8,PC,3107.2960000000003,239878.0,19538.0
2016,TRE,8,PEL,143.08985277314832,,
2016,TRE,8,SUN,15808.850927593923,,
2016,TRE,8,WND,72309.97864301076,,
2016,TRE,8,WWW,30789.167295118747,,
2016,TRE,9,HYC,36530.1715356803,,
2016,TRE,9,NG,681959.250337097,9457461.43844066,6088953.2000928875
2016,TRE,9,OOG,15096.371356304282,,
2016,TRE,9,OTH,36376.28772318528,,
2016,TRE,9,PC,3325.6710000000003,176950.0,23530.0
2016,TRE,9,PEL,59.30604440576755,1131.7060775915495,760.0354661516466
2016,TRE,9,SUN,14753.44675397847,,
2016,TRE,9,WND,74647.72030122284,,
2016,TRE,9,WWW,29170.76239396851,,
2016,TRE,10,NG,608969.2346652389,8619538.24703603,5409224.447703861
2016,TRE,10,OOG,15064.18342065814,,
2016,TRE,10,OTH,30092.94809782091,,
2016,TRE,10,PEL,80.50667335850648,,
2016,TRE,10,SUN,12106.929676955291,,
2016,TRE,10,WND,94682.54797385255,,
2016,TRE,10,WWW,28661.886835404377,,
2016,TRE,11,HYC,17323.398916134294,,
2016,TRE,11,NG,604647.5198825682,8717965.61625449,5394509.9797335155
2016,TRE,11,OOG,15710.49588808748,,
2016,TRE,11,OTH,29969.867300193382,,
2016,TRE,11,PEL,73.32985990301867,1243.1099282477844,932.0934059043367
2016,TRE,11,SUN,31800.903913232643,,
2016,TRE,11,WND,76831.24891692626,,
2016,TRE,11,WWW,29918.824687845994,,
2016,TRE,12,HYC,25501.1513288025,,
2016,TRE,12,NG,594542.5570583018,8803209.215082683,5374726.450120624
2016,TRE,12,OOG,15150.111012513731,,
2016,TRE,12,OTH,27432.265483618146,,
2016,TRE,12,PC,2667.767,255049.0,16939.0
2016,TRE,12,PEL,87.5820063790027,1411.1972359559845,1125.150543028418
2016,TRE,12,SUN,6625.436483905771,,
2016,TRE,12,WND,84043.92124360598,,
2016,TRE,12,WWW,30801.130075554604,,
2016,WECC,1,COW,357175.32075219933,6035398.303928714,4057631.6785495495
2016,WECC,1,GEO,532689.64,,
2016,WECC,1,HYC,2136981.0899999985,,
2016,WECC,1,NG,2275705.508018427,27955178.976203956,18015038.011549085
2016,WECC,1,OOG,-36322.211,,
2016,WECC,1,OTH,54759.42900000002,,
2016,WECC,1,PEL,1535.7446947206477,58552.48694861796,18637.115144631956
2016,WECC,1,SUN,288814.4882210745,,
2016,WECC,1,WAS,259262.827,,
2016,WECC,1,WND,247865.5286318856,,
2016,WECC,1,WWW,241641.648,,
2016,WECC,2,COW,290635.4487657282,5293375.489092772,3405899.3828244843
2016,WECC,2,GEO,495561.86999999994,,
2016,WECC,2,HYC,2254387.4400000004,,
2016,WECC,2,NG,1709278.5178157187,21176945.250325494,12895388.852182398
2016,WECC,2,OOG,-35540.78400000002,,
2016,WECC,2,OTH,43595.69,,
2016,WECC,2,PEL,1691.5205944383135,69880.92926691548,16302.671122927588
2016,WECC,2,SUN,461263.04886467196,,
2016,WECC,2,WAS,231546.115,,
2016,WECC,2,WND,267543.3657784135,,
2016,WECC,2,WWW,228093.184,,
2016,WECC,3,COW,240077.16448225596,4661652.024036477,2777228.8878328176
2016,WECC,3,GEO,531777.3400000001,,
2016,WECC,3,HYC,2990846.45,,
2016,WECC,3,NG,1641349.3099112855,21349718.18632498,12864209.640957808
2016,WECC,3,OOG,-35705.320999999996,,
2016,WECC,3,OTH,48030.96,,
2016,WECC,3,PEL,220.96006459151295,60863.5656569424,12695.14891402833
2016,WECC,3,SUN,507035.61024663545,,
2016,WECC,3,WAS,247511.11,,
2016,WECC,3,WND,312286.13730103394,,
2016,WECC,3,WWW,229738.18800000002,,
2016,WECC,4,COW,184788.49809391223,2604168.316943147,2092243.3262532684
2016,WECC,4,GEO,489120.26,,
2016,WECC,4,HYC,2973982.8099999996,,
2016,WECC,4,NG,2073884.8807818561,25065669.061371677,15686183.064030332
2016,WECC,4,OOG,-25064.530999999974,,
2016,WECC,4,OTH,49663.489,,
2016,WECC,4,PEL,257.32662427788216,61115.97993634283,14249.499333452877
2016,WECC,4,SUN,549049.3752897659,,
2016,WECC,4,WAS,233100.924,,
2016,WECC,4,WND,289315.75442773296,,
2016,WECC,4,WWW,189705.289,,
2016,WECC,5,COW,213686.21870653282,3768126.3982457556,2358110.0275507923
2016,WECC,5,GEO,530340.01,,
2016,WECC,5,HYC,2859636.640000002,,
2016,WECC,5,NG,2275462.003272999,27088325.80076517,17432396.583634622
2016,WECC,5,OOG,-37349.03199999998,,
2016,WECC,5,OTH,52759.176000000014,,
2016,WECC,5,PEL,876.9140925889163,113167.87686454282,23432.632738346583
2016,WECC,5,SUN,671444.0219583352,,
2016,WECC,5,WAS,250455.72499999998,,
2016,WECC,5,WND,283040.30836002,,
2016,WECC,5,WWW,208820.343,,
2016,WECC,6,COW,295443.5857273517,4754573.558165781,3247884.2216251823
2016,WECC,6,GEO,480557.31,,
2016,WECC,6,HYC,2592516.0500000017,,
2016,WECC,6,NG,2674792.367490936,29748842.95035142,20572613.95939696
2016,WECC,6,OOG,-35962.30799999999,,
2016,WECC,6,OTH,51047.96000000001,,
2016,WECC,6,PEL,1378.0985708244143,87787.01898572259,15426.41836636823
2016,WECC,6,SUN,665616.5685123055,,
2016,WECC,6,WAS,241001.85199999998,,
2016,WECC,6,WND,249171.0120561112,,
2016,WECC,6,WWW,230693.14400000003,,
2016,WECC,7,COW,348645.21366374264,5304035.436011868,3873274.1159807695
2016,WECC,7,GEO,497302.28,,
2016,WECC,7,HYC,2528575.48,,
2016,WECC,7,NG,2912508.403503566,33059665.890918948,23070505.15875125
2016,WECC,7,OOG,-34370.78600000001,,
2016,WECC,7,OTH,54254.026,,
2016,WECC,7,PEL,1592.92999036915,72250.94213994715,18547.139038339912
2016,WECC,7,SUN,729107.5294301983,,
2016,WECC,7,WAS,251488.584,,
2016,WECC,7,WND,263402.89702888136,,
2016,WECC,7,WWW,247783.00799999997,,
2016,WECC,8,COW,353225.3456770381,5396069.689997543,3919399.4352900498
2016,WECC,8,GEO,505687.1800000001,,
2016,WECC,8,HYC,2284087.559999999,,
2016,WECC,8,NG,2931307.818404192,33773501.94427677,23362471.457700808
2016,WECC,8,OOG,-34569.15400000001,,
2016,WECC,8,OTH,55258.761,,
2016,WECC,8,PEL,1649.2310543038602,64292.083888149136,19067.91757656458
2016,WECC,8,SUN,669887.9287515233,,
2016,WECC,8,WAS,250754.90000000002,,
2016,WECC,8,WND,194402.32347805172,,
2016,WECC,8,WWW,247565.164,,
2016,WECC,9,COW,303999.4916045471,4628700.67005682,3420113.7659673947
2016,WECC,9,GEO,511617.75,,
2016,WECC,9,HYC,1857712.27,,
2016,WECC,9,NG,2334714.7057475816,27831081.03175489,18654653.21530552
2016,WECC,9,OOG,-37392.257,,
2016,WECC,9,OTH,45370.893,,
2016,WECC,9,PEL,1396.765659440985,64416.924803295406,15960.223862963641
2016,WECC,9,SUN,616317.9391236367,,
2016,WECC,9,WAS,235978.106,,
2016,WECC,9,WND,212321.53963935107,,
2016,WECC,9,WWW,225785.05800000002,,
2016,WECC,10,COW,283755.5143220256,4175397.3115449897,3195666.7131528445
2016,WECC,10,GEO,531163.7600000001,,
2016,WECC,10,HYC,1869618.9900000005,,
2016,WECC,10,NG,2176047.8517792127,26650147.89689784,17599949.3548984
2016,WECC,10,OOG,-36856.70300000001,,
2016,WECC,10,OTH,42244.331999999995,,
2016,WECC,10,PEL,-239.40260298274188,59981.0,13702.0
2016,WECC,10,SUN,528130.4258956613,,
2016,WECC,10,WAS,234657.682,,
2016,WECC,10,WND,257868.09263668355,,
2016,WECC,10,WWW,206794.483,,
2016,WECC,11,COW,281023.76224443177,4418083.91821515,3171775.4981873096
2016,WECC,11,GEO,541762.38,,
2016,WECC,11,HYC,2282734.4300000006,,
2016,WECC,11,NG,1908482.5317127362,24741025.561691914,15217603.534408908
2016,WECC,11,OOG,-33491.023000000016,,
2016,WECC,11,OTH,41810.33900000001,,
2016,WECC,11,PEL,8.246999079401064,62218.34987811764,12538.866939225969
2016,WECC,11,SUN,429705.5657357908,,
2016,WECC,11,WAS,230370.80800000002,,
2016,WECC,11,WND,242108.3382714521,,
2016,WECC,11,WWW,211736.76300000004,,
2016,WECC,12,COW,329206.29033970344,5059872.021207734,3718894.619438183
2016,WECC,12,GEO,591011.69,,
2016,WECC,12,HYC,2764294.98,,
2016,WECC,12,NG,1990895.7308469939,25851210.588538744,15566702.027976409
2016,WECC,12,OOG,-36352.388999999996,,
2016,WECC,12,OTH,41856.370999999985,,
2016,WECC,12,PEL,2337.9237758680283,87555.48186913828,23474.159873585988
2016,WECC,12,SUN,339991.3367300591,,
2016,WECC,12,WAS,247692.09999999998,,
2016,WECC,12,WND,293152.5352828145,,
2016,WECC,12,WWW,240493.04000000007,,
2017,FRCC,1,COW,5683.569927358583,114303.73710982274,24537.457154521424
2017,FRCC,1,NG,671325.4155825285,7990407.75313564,6678375.564351905
2017,FRCC,1,OOG,-5120.124218436265,,
2017,FRCC,1,OTH,4757.78858650042,,
2017,FRCC,1,PEL,4001.752962378406,76575.74251595291,48370.81150746745
2017,FRCC,1,SUN,7809.679999999993,,
2017,FRCC,1,WAS,77750.5603680036,,
2017,FRCC,1,WWW,74533.30493989815,,
2017,FRCC,2,COW,4885.236459600125,103938.2055913882,21074.129571398065
2017,FRCC,2,NG,592135.7089184351,7311156.885632375,6082559.061739105
2017,FRCC,2,OOG,-4491.399288720758,,
2017,FRCC,2,OTH,4000.995777379621,,
2017,FRCC,2,PEL,3462.3940814448433,53536.93465443007,39702.96678719721
2017,FRCC,2,SUN,9190.510000000002,,
2017,FRCC,2,WAS,68838.39795056007,,
2017,FRCC,2,WWW,74799.84877889123,,
2017,FRCC,3,COW,3834.4625998207325,48259.50217504241,16565.40884219296
2017,FRCC,3,NG,785354.0587409161,8745901.007305717,7581402.181407547
2017,FRCC,3,OOG,-4296.806713328192,,
2017,FRCC,3,OTH,3997.093507185898,,
2017,FRCC,3,PEL,1802.1897249862714,42033.52711864281,19206.792452111717
2017,FRCC,3,SUN,15835.449999999997,,
2017,FRCC,3,WAS,74445.6291027951,,
2017,FRCC,3,WWW,77693.54741221391,,
2017,FRCC,4,COW,1727.6222288879953,30389.368537696744,7325.829754544515
2017,FRCC,4,NG,985432.7783716385,9214267.67601633,8080478.732532138
2017,FRCC,4,OOG,-5309.765222306072,,
2017,FRCC,4,OTH,3999.8990864058815,,
2017,FRCC,4,PEL,3681.4939769331704,68234.62231161838,42056.83836425399
2017,FRCC,4,SUN,16545.380000000012,,
2017,FRCC,4,WAS,66441.4684905485,,
2017,FRCC,4,WWW,76351.01784648614,,
2017,FRCC,5,COW,1717.6068154187535,25620.26327934388,5189.942792202353
2017,FRCC,5,NG,1073887.1200659533,10059188.522317514,9028483.11784004
2017,FRCC,5,OOG,-5293.84503727599,,
2017,FRCC,5,OTH,4041.086900033827,,
2017,FRCC,5,PEL,2442.2219067428223,69985.22778660216,25686.68605468459
2017,FRCC,5,SUN,23110.89,,
2017,FRCC,5,WAS,62194.7672028529,,
2017,FRCC,5,WWW,83131.33539256947,,
2017,FRCC,6,COW,2981.4830822667777,51632.83684015271,12941.87290828566
2017,FRCC,6,NG,1197682.8470827744,11206526.423711132,10173599.62151811
2017,FRCC,6,OOG,-4120.047802368936,,
2017,FRCC,6,OTH,4060.756174502358,,
2017,FRCC,6,PEL,1385.17473833902,56649.23325158858,11839.324344049921
2017,FRCC,6,SUN,24189.440000000002,,
2017,FRCC,6,WAS,50125.639708690345,,
2017,FRCC,6,WWW,93727.64094476192,,
2017,MRO,1,COW,447616.4150063183,6404094.032847442,4705752.596338254
2017,MRO,1,HYC,360271.11712148105,,
2017,MRO,1,NG,856126.0431961186,8832096.294062762,7953917.797966716
2017,MRO,1,OOG,-5.174920141638265,,
2017,MRO,1,OTH,6976.361000000002,,
2017,MRO,1,PC,-0.0010000000002037268,4.0,2.0
2017,MRO,1,PEL,246.2275299909195,2981.6484117959963,2988.8673315831466
2017,MRO,1,SUN,23649.862872078615,,
2017,MRO,1,WAS,80083.01920949484,,
2017,MRO,1,WND,2721405.013002952,,
2017,MRO,1,WWW,70771.93330486075,,
2017,MRO,2,COW,341434.0391260145,5090639.482230241,3544669.8157591014
2017,MRO,2,HYC,309061.4794023709,,
2017,MRO,2,NG,481789.27356791095,5500121.799915957,4915810.299671819
2017,MRO,2,OOG,-4.423425055045771,,
2017,MRO,2,OTH,7084.651000000002,,
2017,MRO,2,PC,-0.004000000000246473,-2.0,5.0
2017,MRO,2,PEL,776.8846296654755,5298.391608933309,5350.9506892080435
2017,MRO,2,SUN,28988.304616784106,,
2017,MRO,2,WAS,77276.99189324357,,
2017,MRO,2,WND,3151915.3628385505,,
2017,MRO,2,WWW,54386.88901102425,,
2017,MRO,3,COW,249119.26613375542,3978271.709653057,2566560.6404010453
2017,MRO,3,HYC,261302.22904353868,,
2017,MRO,3,NG,755113.2852621599,7205037.970188905,6626009.182501557
2017,MRO,3,OOG,-5.506792334802125,,
2017,MRO,3,OTH,7160.632999999999,,
2017,MRO,3,PC,-0.0030000000006111804,-3.0,-2.0
2017,MRO,3,PEL,148.73194965774738,1775.1219047072825,1775.2025669402244
2017,MRO,3,SUN,50538.60384586673,,
2017,MRO,3,WAS,80059.44363362252,,
2017,MRO,3,WND,3520993.6771913976,,
2017,MRO,3,WWW,72456.2467194645,,
2017,MRO,4,COW,234147.25996488627,3706566.570445602,2437058.7688436913
2017,MRO,4,HYC,323341.9142734563,,
2017,MRO,4,NG,587459.0691455698,5646752.149655005,5093338.274985442
2017,MRO,4,OOG,-4.4005142014281216,,
2017,MRO,4,OTH,4274.233999999995,,
2017,MRO,4,PC,0.0030000000000427463,5.0,-2.0
2017,MRO,4,PEL,3210.810155010823,21889.270431400666,21867.241370981017
2017,MRO,4,SUN,54495.84296386028,,
2017,MRO,4,WAS,75028.2818477518,,
2017,MRO,4,WND,3367017.8506536363,,
2017,MRO,4,WWW,78638.14709306683,,
2017,MRO,5,COW,269861.3700935546,4099408.3460306376,2760477.248442608
2017,MRO,5,HYC,343118.7066194911,,
2017,MRO,5,NG,670621.4759700466,5651723.856110623,5212852.374659274
2017,MRO,5,OOG,-4.941097427104087,,
2017,MRO,5,OTH,1223.9039999999993,,
2017,MRO,5,PC,0.003000000000156433,-3.0,-3.0
2017,MRO,5,PEL,3767.314649115673,29446.159802179085,27669.24559398762
2017,MRO,5,SUN,86439.08313419786,,
2017,MRO,5,WAS,75889.0504059903,,
2017,MRO,5,WND,2967804.0660811015,,
2017,MRO,5,WWW,57608.77370522234,,
2017,MRO,6,COW,322580.2824572164,4831568.955419028,3407927.9458666565
2017,MRO,6,HYC,348646.64902762766,,
2017,MRO,6,NG,813627.7666207169,7001808.875915579,6501249.11360144
2017,MRO,6,OOG,-3.6663489893348866,,
2017,MRO,6,OTH,4310.040999999999,,
2017,MRO,6,PC,0.0039999999999054126,2.0,1.0
2017,MRO,6,PEL,3607.5878432598147,4471.175613530971,4518.773810136879
2017,MRO,6,SUN,95102.36663310489,,
2017,MRO,6,WAS,81286.86124189595,,
2017,MRO,6,WND,2596884.655504296,,
2017,MRO,6,WWW,60427.92143606911,,
2017,NPCC,1,COW,41012.136999999995,503833.0,464396.0
2017,NPCC,1,HYC,1022286.3600000003,,
2017,NPCC,1,NG,1656472.13888901,16507156.940290108,14705711.86014817
2017,NPCC,1,OOG,-11203.0,,
2017,NPCC,1,OTH,5752.353999999993,,
2017,NPCC,1,PEL,36704.176999999996,460584.0,426036.0
2017,NPCC,1,SUN,41803.851230136446,,
2017,NPCC,1,WAS,92345.38400000003,,
2017,NPCC,1,WND,309890.37,,
2017,NPCC,1,WWW,256260.64899999998,,
2017,NPCC,2,COW,3224.4350000000322,49427.0,16433.0
2017,NPCC,2,HYC,892974.4599999997,,
2017,NPCC,2,NG,1433573.4194054157,14356039.032885764,12574588.658158097
2017,NPCC,2,OOG,-10535.0,,
2017,NPCC,2,OTH,5482.651000000002,,
2017,NPCC,2,PEL,22292.615,282077.0,255061.0
2017,NPCC,2,SUN,50729.587988433705,,
2017,NPCC,2,WAS,82817.468,,
2017,NPCC,2,WND,409636.11000000004,,
2017,NPCC,2,WWW,285207.593,,
2017,NPCC,3,COW,-6845.146999999999,60840.0,21138.0
2017,NPCC,3,HYC,1019396.0499999999,,
2017,NPCC,3,NG,2014832.595543176,19036212.63307842,16918626.261215102
2017,NPCC,3,OOG,-11829.0,,
2017,NPCC,3,OTH,5911.99500000001,,
2017,NPCC,3,PEL,4907.675000000001,65194.0,54660.0
2017,NPCC,3,SUN,90866.75782390898,,
2017,NPCC,3,WAS,87709.858,,
2017,NPCC,3,WND,504373.41000000003,,
2017,NPCC,3,WWW,287242.005,,
2017,NPCC,4,COW,-0.005999999993946403,-3.0,-3.0
2017,NPCC,4,HYC,1001097.6200000001,,
2017,NPCC,4,NG,1434317.9468850254,16004976.702479346,13457523.62020822
2017,NPCC,4,OOG,-11114.0,,
2017,NPCC,4,OTH,4035.012000000009,,
2017,NPCC,4,PEL,11390.643,159185.0,140851.0
2017,NPCC,4,SUN,96915.63661918296,,
2017,NPCC,4,WAS,80173.617,,
2017,NPCC,4,WND,541549.09,,
2017,NPCC,4,WWW,264919.97599999997,,
2017,NPCC,5,COW,0.0010000000111176632,1.0,-2.0
2017,NPCC,5,HYC,1097999.9799999997,,
2017,NPCC,5,NG,1479343.709654119,17864152.50168816,15325268.999232382
2017,NPCC,5,OOG,-10736.0,,
2017,NPCC,5,OTH,4217.171000000014,,
2017,NPCC,5,PEL,23446.493,309191.0,286965.0
2017,NPCC,5,SUN,138819.26343397447,,
2017,NPCC,5,WAS,86989.01099999998,,
2017,NPCC,5,WND,421907.25,,
2017,NPCC,5,WWW,297025.32700000005,,
2017,NPCC,6,COW,-0.0009999999892897904,2.0,3.0
2017,NPCC,6,HYC,1014016.7799999999,,
2017,NPCC,6,NG,2007285.6315653147,21605917.587943364,18943637.44509041
2017,NPCC,6,OOG,-9741.0,,
2017,NPCC,6,OTH,4288.478000000032,,
2017,NPCC,6,PEL,21976.653,257572.0,238511.0
2017,NPCC,6,SUN,153332.6614317437,,
2017,NPCC,6,WAS,82568.6,,
2017,NPCC,6,WND,455973.66,,
2017,NPCC,6,WWW,277034.393,,
2017,RFC,1,COW,748767.4490776655,10090075.259202035,8269346.354221512
2017,RFC,1,HYC,589998.4718423192,,
2017,RFC,1,NG,2111545.742172122,24862667.554142453,19762147.79522669
2017,RFC,1,OOG,137574.04985548748,,
2017,RFC,1,OTH,7406.565000000004,,
2017,RFC,1,PC,108749.10199999998,987967.0,987966.0
2017,RFC,1,PEL,22080.76371444655,282521.1228949033,265785.23818113486
2017,RFC,1,SUN,65780.11157341201,,
2017,RFC,1,WAS,360304.25379210117,,
2017,RFC,1,WND,908183.9204537799,,
2017,RFC,1,WWW,162468.66628141084,,
2017,RFC,2,COW,605565.9551001161,7910934.581935573,6373820.63892039
2017,RFC,2,HYC,489581.467249123,,
2017,RFC,2,NG,1605505.9473353273,19783883.357402958,14976971.642644743
2017,RFC,2,OOG,200288.42226705083,,
2017,RFC,2,OTH,7702.564000000009,,
2017,RFC,2,PC,69635.62100000001,833394.0,833398.0
2017,RFC,2,PEL,7230.3511150892145,118933.4546547188,108784.76936059722
2017,RFC,2,SUN,85081.92214811804,,
2017,RFC,2,WAS,324341.2803276569,,
2017,RFC,2,WND,1507153.3157257854,,
2017,RFC,2,WWW,159545.90294873982,,
2017,RFC,3,COW,576710.6271825385,8345455.662343235,6455511.601743233
2017,RFC,3,HYC,527085.6959954769,,
2017,RFC,3,NG,2641117.83166579,28864370.056813307,23585167.165020023
2017,RFC,3,OOG,223647.82655361775,,
2017,RFC,3,OTH,8119.807000000008,,
2017,RFC,3,PC,-0.9720000000149593,1005170.0,1005177.0
2017,RFC,3,PEL,5458.4574854247085,82506.08554733232,78172.57721509105
2017,RFC,3,SUN,145381.4524393414,,
2017,RFC,3,WAS,336684.3495896459,,
2017,RFC,3,WND,1759833.5503784912,,
2017,RFC,3,WWW,176928.74399431964,,
2017,RFC,4,COW,499721.8797481399,7334665.289954368,5601332.880731413
2017,RFC,4,HYC,551289.5600009236,,
2017,RFC,4,NG,1776467.923246271,20381744.749249708,15893108.053151235
2017,RFC,4,OOG,129057.78443830904,,
2017,RFC,4,OTH,7893.651000000014,,
2017,RFC,4,PC,87117.997,675538.0,675534.0
2017,RFC,4,PEL,4862.8770537984265,80328.56754801898,72010.35816384722
2017,RFC,4,SUN,149385.3426032391,,
2017,RFC,4,WAS,316940.1566148454,,
2017,RFC,4,WND,1781935.8358248295,,
2017,RFC,4,WWW,160353.1118390024,,
2017,RFC,5,COW,549559.9734692471,7733192.642106165,5989152.787708009
2017,RFC,5,HYC,607338.3471262167,,
2017,RFC,5,NG,2280455.8078050995,26126533.51369691,21527650.305872336
2017,RFC,5,OOG,135496.2025213722,,
2017,RFC,5,OTH,7602.638000000006,,
2017,RFC,5,PC,76831.18100000001,971869.0,971863.0
2017,RFC,5,PEL,8835.135335545943,139589.49654032357,131725.21698267976
2017,RFC,5,SUN,210169.2611167715,,
2017,RFC,5,WAS,326246.8074059258,,
2017,RFC,5,WND,1473442.2018231512,,
2017,RFC,5,WWW,166378.20135722344,,
2017,RFC,6,COW,670716.4467947114,8682576.85940654,7205347.940408384
2017,RFC,6,HYC,640480.4325839179,,
2017,RFC,6,NG,2582709.9639238273,28704278.64842834,23998436.80462769
2017,RFC,6,OOG,189994.5889461984,,
2017,RFC,6,OTH,8586.717999999986,,
2017,RFC,6,PC,73453.47599999998,1023990.0,1023992.0
2017,RFC,6,PEL,8970.180464954094,131504.58550279736,125136.44631488329
2017,RFC,6,SUN,225404.47073672837,,
2017,RFC,6,WAS,326660.52429179626,,
2017,RFC,6,WND,1417840.4875149578,,
2017,RFC,6,WWW,167570.25786260306,,
2017,SERC,1,COW,187946.73999393082,2963870.9436100833,1826874.5900633319
2017,SERC,1,HYC,3517788.0888910247,,
2017,SERC,1,NG,2767734.8327723937,35516875.56687335,22744294.238231555
2017,SERC,1,OOG,52346.20196937077,,
2017,SERC,1,OTH,5059.9532312558285,,
2017,SERC,1,PC,0.002999999967869371,4.0,5.0
2017,SERC,1,PEL,68312.9876099671,812448.6244500503,728138.9201036999
2017,SERC,1,SUN,274849.17,,
2017,SERC,1,WAS,143264.0786304004,,
2017,SERC,1,WND,224071.91533025066,,
2017,SERC,1,WWW,629566.6623468618,,
2017,SERC,2,COW,135412.37526888048,2244542.798564864,1297343.9188003244
2017,SERC,2,HYC,2905288.1965135806,,
2017,SERC,2,NG,2175969.120468085,32387700.193909276,20592302.05259867
2017,SERC,2,OOG,54775.77925374152,,
2017,SERC,2,OTH,5961.383010819264,,
2017,SERC,2,PC,0.0009999999892897904,5.0,-2.0
2017,SERC,2,PEL,41502.992914354356,348213.4366770623,347992.16732306546
2017,SERC,2,SUN,316202.2794758982,,
2017,SERC,2,WAS,128261.33782853943,,
2017,SERC,2,WND,272011.6771973326,,
2017,SERC,2,WWW,592740.0973426665,,
2017,SERC,3,COW,117524.72332894515,2128567.1682183472,1231927.6412827796
2017,SERC,3,HYC,3208033.2523506233,,
2017,SERC,3,NG,3273060.0080362805,42167363.234641775,29424270.088560794
2017,SERC,3,OOG,57846.68077500886,,
2017,SERC,3,OTH,6262.8141221763935,,
2017,SERC,3,PC,0.001999999978579581,-1.0,2.0
2017,SERC,3,PEL,13953.912911091918,189920.71807708158,117677.51512425579
2017,SERC,3,SUN,546904.6976035802,,
2017,SERC,3,WAS,134507.68467393643,,
2017,SERC,3,WND,320788.51572493196,,
2017,SERC,3,WWW,597277.6605300463,,
2017,SERC,4,COW,127001.12780125956,2280396.611600419,1353318.9309219501
2017,SERC,4,HYC,3209495.296222151,,
2017,SERC,4,NG,3887140.6807213738,44274366.973224804,31638999.012309767
2017,SERC,4,OOG,61262.380355710135,,
2017,SERC,4,OTH,4753.6171180256615,,
2017,SERC,4,PC,-0.0009999999892897904,-3.0,0.0
2017,SERC,4,PEL,37896.99969781354,597226.0240547184,514918.3982729919
2017,SERC,4,SUN,581407.5020517929,,
2017,SERC,4,WAS,122543.4180468544,,
2017,SERC,4,WND,334330.2758193888,,
2017,SERC,4,WWW,550968.324631057,,
2017,SERC,5,COW,141057.47868312694,2377285.2374633774,1438301.4938078462
2017,SERC,5,HYC,3746757.3293536655,,
2017,SERC,5,NG,4332961.978197681,49834260.03380526,37180611.07191643
2017,SERC,5,OOG,63361.3519765665,,
2017,SERC,5,OTH,5214.871698477913,,
2017,SERC,5,PC,0.005000000004656613,-4.0,2.0
2017,SERC,5,PEL,32963.4300238562,355296.06461679505,263436.2354706619
2017,SERC,5,SUN,726725.3155525574,,
2017,SERC,5,WAS,127567.42498523087,,
2017,SERC,5,WND,268841.9804474038,,
2017,SERC,5,WWW,552490.4568914596,,
2017,SERC,6,COW,166499.19387888632,2679200.6224909043,1670878.7582733808
2017,SERC,6,HYC,3389047.427234654,,
2017,SERC,6,NG,4937193.518468194,55579984.069840364,42522685.7490952
2017,SERC,6,OOG,60063.381205370904,,
2017,SERC,6,OTH,5390.337042311973,,
2017,SERC,6,PC,-0.003999999957159162,-2.0,-3.0
2017,SERC,6,PEL,17999.61909876891,260256.9581410991,167188.59586985473
2017,SERC,6,SUN,770715.838161039,,
2017,SERC,6,WAS,130822.00475761741,,
2017,SERC,6,WND,267698.3154503866,,
2017,SERC,6,WWW,575538.2785907956,,
2017,SPP,1,COW,524536.6256610808,5815481.524621008,5609215.782547832
2017,SPP,1,HYC,590884.2972994506,,
2017,SPP,1,NG,730085.2759382448,9345357.564664988,7094406.742143797
2017,SPP,1,OOG,11500.915515169683,,
2017,SPP,1,OTH,2822.0878052835365,,
2017,SPP,1,PC,0.0,0.0,0.0
2017,SPP,1,PEL,1282.2221292768804,39149.19452422887,38491.673610069956
2017,SPP,1,SUN,0.0,,
2017,SPP,1,WAS,58634.550441394684,,
2017,SPP,1,WND,2210823.7112320443,,
2017,SPP,1,WWW,89783.12214090783,,
2017,SPP,2,COW,102929.20846278744,1256006.1872924163,1096514.8567139958
2017,SPP,2,HYC,501479.64791403385,,
2017,SPP,2,NG,670737.947138753,9347265.774942901,7311258.836000731
2017,SPP,2,OOG,12482.823321766777,,
2017,SPP,2,OTH,2712.562257232159,,
2017,SPP,2,PC,0.0,0.0,0.0
2017,SPP,2,PEL,850.9506588710245,28778.459251338878,28300.64557656955
2017,SPP,2,SUN,594.5258458310132,,
2017,SPP,2,WAS,52160.45713254096,,
2017,SPP,2,WND,2235194.268647088,,
2017,SPP,2,WWW,86165.94056098271,,
2017,SPP,3,COW,117492.45123775107,1319980.1739269078,1169021.6227974626
2017,SPP,3,HYC,574055.0182407808,,
2017,SPP,3,NG,999340.4077525144,12106831.71608144,10219647.92393936
2017,SPP,3,OOG,12856.1424358133,,
2017,SPP,3,OTH,2831.6479866909644,,
2017,SPP,3,PC,0.0,0.0,0.0
2017,SPP,3,PEL,864.9164550213976,32587.27037629572,32161.292410343853
2017,SPP,3,SUN,1245.9546947149656,,
2017,SPP,3,WAS,50697.88788490563,,
2017,SPP,3,WND,2612558.4424757655,,
2017,SPP,3,WWW,90425.36255640932,,
2017,SPP,4,COW,109260.56595738849,1235558.1879263693,1096793.3976934834
2017,SPP,4,HYC,563793.8681670545,,
2017,SPP,4,NG,1112092.0540698227,12521619.18026682,10667698.729326464
2017,SPP,4,OOG,14016.991336827992,,
2017,SPP,4,OTH,2820.0220428656385,,
2017,SPP,4,PC,0.0,0.0,0.0
2017,SPP,4,PEL,796.3383126197508,26959.800906592714,26407.826740258755
2017,SPP,4,SUN,1313.1993032505304,,
2017,SPP,4,WAS,49322.90692181191,,
2017,SPP,4,WND,2563387.5950351045,,
2017,SPP,4,WWW,83431.0443736487,,
2017,SPP,5,COW,122164.93978399954,1488390.8794887164,1331764.3814083738
2017,SPP,5,HYC,624326.9345606791,,
2017,SPP,5,NG,1369020.3699480547,14912658.739870813,13279988.164052635
2017,SPP,5,OOG,14410.586840368864,,
2017,SPP,5,OTH,2885.494269380536,,
2017,SPP,5,PC,0.0,0.0,0.0
2017,SPP,5,PEL,796.3805010439356,27492.0560692451,26948.632754489463
2017,SPP,5,SUN,1544.015323280747,,
2017,SPP,5,WAS,51642.69781243773,,
2017,SPP,5,WND,2220806.1332332715,,
2017,SPP,5,WWW,86165.76315932575,,
2017,SPP,6,COW,147897.257644101,1778094.028548033,1601023.8504489025
2017,SPP,6,HYC,574335.8881571984,,
2017,SPP,6,NG,1428276.912761683,15802902.100549165,14211994.185972752
2017,SPP,6,OOG,14314.317235617975,,
2017,SPP,6,OTH,2941.0251779262408,,
2017,SPP,6,PC,0.0,0.0,0.0
2017,SPP,6,PEL,702.4142313419648,25961.127046239835,25511.55740436686
2017,SPP,6,SUN,1632.224427418577,,
2017,SPP,6,WAS,48384.1260180573,,
2017,SPP,6,WND,1839251.7673672966,,
2017,SPP,6,WWW,89091.87385883271,,
2017,TRE,1,HYC,79780.64484572517,,
2017,TRE,1,NG,1785244.5873951467,20728423.5320397,15810161.13535055
2017,TRE,1,OOG,22319.562798549985,,
2017,TRE,1,OTH,13735.076376960244,,
2017,TRE,1,PC,454.91200000000026,21067.0,5333.0
2017,TRE,1,PEL,45.68668698836675,353.59680351461895,966.6404725475933
2017,TRE,1,SUN,36425.02452387606,,
2017,TRE,1,WAS,6939.379558605302,,
2017,TRE,1,WND,2617038.5711801453,,
2017,TRE,1,WWW,57722.48798606046,,
2017,TRE,2,HYC,59562.83892089166,,
2017,TRE,2,NG,1532304.2557691596,19330172.555160403,14839624.586308343
2017,TRE,2,OOG,24257.57187121663,,
2017,TRE,2,OTH,12570.623954568999,,
2017,TRE,2,PC,406.47099999999864,16981.0,4762.0
2017,TRE,2,PEL,34.79120105444549,258.87899216372176,711.2631367729313
2017,TRE,2,SUN,42163.503926152385,,
2017,TRE,2,WAS,6168.507867459031,,
2017,TRE,2,WND,2557944.2365142065,,
2017,TRE,2,WWW,55122.612357695485,,
2017,TRE,3,HYC,63777.81436957999,,
2017,TRE,3,NG,1934844.476176954,22840113.655714136,18497279.303694323
2017,TRE,3,OOG,24967.7977412231,,
2017,TRE,3,OTH,3706.0693839467162,,
2017,TRE,3,PC,13.28099999999904,18896.0,157.0
2017,TRE,3,PEL,33.173368735045116,227.96074286265164,624.556773432993
2017,TRE,3,SUN,72107.37931583181,,
2017,TRE,3,WAS,6117.472115094377,,
2017,TRE,3,WND,3019411.672075854,,
2017,TRE,3,WWW,58110.663787546146,,
2017,TRE,4,HYC,76337.3713364143,,
2017,TRE,4,NG,2338707.1188150174,24269453.018269278,20010924.672052816
2017,TRE,4,OOG,27249.144605660258,,
2017,TRE,4,OTH,3643.0547527028625,,
2017,TRE,4,PC,0.0,10061.0,-4.0
2017,TRE,4,PEL,39.78960036453978,294.7049000840093,801.3564674308359
2017,TRE,4,SUN,78796.9621524959,,
2017,TRE,4,WAS,5951.560078188092,,
2017,TRE,4,WND,2993519.5917874924,,
2017,TRE,4,WWW,53761.54321673892,,
2017,TRE,5,HYC,93446.21233994835,,
2017,TRE,5,NG,2504963.68966362,25980285.60783629,22036223.080187153
2017,TRE,5,OOG,28009.331796395476,,
2017,TRE,5,OTH,4703.868132107758,,
2017,TRE,5,PC,428.3649999999998,19662.0,5025.0
2017,TRE,5,PEL,41.169343971073125,290.53339025767445,793.90513933131
2017,TRE,5,SUN,98007.17296905395,,
2017,TRE,5,WAS,6231.4781875622875,,
2017,TRE,5,WND,2657019.7523798514,,
2017,TRE,5,WWW,55728.87049419947,,
2017,TRE,6,HYC,71405.50299660188,,
2017,TRE,6,NG,2758221.549404377,28636901.21419159,24665503.958141007
2017,TRE,6,OOG,27864.169764171053,,
2017,TRE,6,OTH,3586.9836052594273,,
2017,TRE,6,PC,767.7440000000006,21058.0,9005.0
2017,TRE,6,PEL,36.99449742188152,243.66525044414757,664.5229877849958
2017,TRE,6,SUN,104324.74983580573,,
2017,TRE,6,WAS,5838.281981942706,,
2017,TRE,6,WND,2132689.476921568,,
2017,TRE,6,WWW,57659.895306937615,,
2017,WECC,1,COW,270167.7413336457,3730268.502609607,3129731.219674549
2017,WECC,1,GEO,784271.1,,
2017,WECC,1,HYC,4496473.28,,
2017,WECC,1,NG,1697637.4670544383,17591940.794790998,15137792.866580622
2017,WECC,1,OOG,-82919.08899999998,,
2017,WECC,1,OTH,3647.4600000000078,,
2017,WECC,1,PEL,1514.456366951777,98307.07039955411,16472.848793497105
2017,WECC,1,SUN,1016754.239800497,,
2017,WECC,1,WAS,255588.24299999996,,
2017,WECC,1,WND,2274975.688800828,,
2017,WECC,1,WWW,358104.735,,
2017,WECC,2,COW,219327.59458260227,3083519.744385522,2562619.6402347926
2017,WECC,2,GEO,700398.59,,
2017,WECC,2,HYC,4313701.280000001,,
2017,WECC,2,NG,1185816.9273969135,12481579.400150374,10524046.862878494
2017,WECC,2,OOG,-76349.79,,
2017,WECC,2,OTH,3638.7960000000126,,
2017,WECC,2,PEL,-449.9516004793573,55355.444161352956,13097.237126589582
2017,WECC,2,SUN,1174686.615998783,,
2017,WECC,2,WAS,228996.603,,
2017,WECC,2,WND,2305338.9390770365,,
2017,WECC,2,WWW,356274.538,,
2017,WECC,3,COW,191277.42351718465,2779647.783683414,2257377.084933285
2017,WECC,3,GEO,782523.15,,
2017,WECC,3,HYC,5252737.779999999,,
2017,WECC,3,NG,1377923.1258222118,15887925.726176307,14103270.893661298
2017,WECC,3,OOG,-84856.579,,
2017,WECC,3,OTH,6555.452999999997,,
2017,WECC,3,PEL,68.17810508291448,58965.31623307763,9406.063457824375
2017,WECC,3,SUN,2070407.814276756,,
2017,WECC,3,WAS,246925.56800000003,,
2017,WECC,3,WND,2831855.722153561,,
2017,WECC,3,WWW,372943.797,,
2017,WECC,4,COW,161420.8302994367,2414880.971535543,1886457.1920549192
2017,WECC,4,GEO,777088.66,,
2017,WECC,4,HYC,5105615.13,,
2017,WECC,4,NG,1197134.492745278,12181880.550838713,10575864.905433916
2017,WECC,4,OOG,-81002.80899999998,,
2017,WECC,4,OTH,2297.305000000008,,
2017,WECC,4,PEL,1269.9182034597543,61540.00984756687,15130.980620236338
2017,WECC,4,SUN,2203803.5743061784,,
2017,WECC,4,WAS,232402.51700000002,,
2017,WECC,4,WND,2946571.400879549,,
2017,WECC,4,WWW,347888.455,,
2017,WECC,5,COW,185824.73015465896,2688537.631631761,2109946.1458409643
2017,WECC,5,GEO,720231.24,,
2017,WECC,5,HYC,5549491.509999999,,
2017,WECC,5,NG,1145283.4986954243,12090698.224674426,10575028.886239747
2017,WECC,5,OOG,-82685.53300000002,,
2017,WECC,5,OTH,2114.459999999995,,
2017,WECC,5,PEL,644.99523972435,96688.46179459737,22828.07800416537
2017,WECC,5,SUN,2547828.6684701648,,
2017,WECC,5,WAS,241336.16400000002,,
2017,WECC,5,WND,2552277.5960352193,,
2017,WECC,5,WWW,367288.5310000001,,
2017,WECC,6,COW,227202.39814281798,3166639.697295353,2620225.6320943953
2017,WECC,6,GEO,697558.3900000001,,
2017,WECC,6,HYC,5361297.930000002,,
2017,WECC,6,NG,1624987.079173121,16100247.07942046,14643222.12195338
2017,WECC,6,OOG,-72694.36299999995,,
2017,WECC,6,OTH,2354.3120000000163,,
2017,WECC,6,PEL,666.9761259143067,1984.2551942999762,2007.7792689233004
2017,WECC,6,SUN,2781287.45877416,,
2017,WECC,6,WAS,229919.93600000002,,
2017,WECC,6,WND,2217705.847241494,,
2017,WECC,6,WWW,365173.00299999997,,
