fuel category,year,month,generation (MWh),quarter,total fuel (mmbtu),elec fuel (mmbtu),all fuel CO2 (kg),elec fuel CO2 (kg),datetime,adjusted CO2 (kg),adjusted index (g/kWh),adjusted index (lb/MWh)
Coal,2001,1,7894331.0,1,82044000.0,82044000.0,7814691000.0,7814691000.0,2001-01-01,7968211070.94,1009.35862341,2225.23202118
Coal,2001,2,7340263.0,1,76249000.0,76249000.0,7262717250.0,7262717250.0,2001-02-01,7501849820.39,1022.01376441,2253.13154502
Coal,2001,3,7916251.0,1,81548000.0,81548000.0,7767447000.0,7767447000.0,2001-03-01,7992824130.71,1009.67290334,2225.92488269
Coal,2001,4,6874749.0,2,71232000.0,71232000.0,6784848000.0,6784848000.0,2001-04-01,7050058027.96,1025.50042597,2260.8182391
Coal,2001,5,7290853.0,2,75015000.0,75015000.0,7145178750.0,7145178750.0,2001-05-01,7600761539.14,1042.50648575,2298.30979848
Coal,2001,6,7857280.0,2,82156000.0,82156000.0,7825359000.0,7825359000.0,2001-06-01,8055127673.98,1025.18017354,2260.11221059
Coal,2001,7,8417504.0,3,88487000.0,88487000.0,8428386750.0,8428386750.0,2001-07-01,8766391694.84,1041.4478799,2295.97599602
Coal,2001,8,8402331.0,3,88676000.0,88676000.0,8446389000.0,8446389000.0,2001-08-01,8716776307.36,1037.42358012,2287.10402473
Coal,2001,9,7562793.0,3,79863000.0,79863000.0,7606950750.0,7606950750.0,2001-09-01,7736998188.73,1023.03450441,2255.38186843
Coal,2001,10,7125236.0,4,74844000.0,74844000.0,7128891000.0,7128891000.0,2001-10-01,7140891097.45,1002.19713388,2209.44380136
Coal,2001,11,6422639.0,4,64112000.0,64112000.0,6106668000.0,6106668000.0,2001-11-01,6438397949.51,1002.45365643,2210.00933098
Coal,2001,12,7694347.0,4,79847000.0,79847000.0,7605426750.0,7605426750.0,2001-12-01,7782029107.92,1011.39565293,2229.72285645
Coal,2002,1,7602120.0,1,80215000.0,80215000.0,7640478750.0,7640478750.0,2002-01-01,7461139992.69,981.455172069,2163.71607234
Coal,2002,2,6361870.0,1,67263000.0,67263000.0,6406800750.0,6406800750.0,2002-02-01,6267851941.16,985.221631558,2172.01960893
Coal,2002,3,7254514.0,1,77712000.0,77712000.0,7402068000.0,7402068000.0,2002-03-01,7225220514.13,995.962033312,2195.69789864
Coal,2002,4,6404733.0,2,67911000.0,67911000.0,6468522750.0,6468522750.0,2002-04-01,6428906739.29,1003.77435551,2212.92094416
Coal,2002,5,6774116.0,2,73263000.0,73263000.0,6978300750.0,6978300750.0,2002-05-01,6812330471.1,1005.64124841,2217.03669624
Coal,2002,6,7468105.0,2,80544000.0,80544000.0,7671816000.0,7671816000.0,2002-06-01,7423168494.11,993.982877063,2191.33465077
Coal,2002,7,7894321.0,3,85127000.0,85127000.0,8108346750.0,8108346750.0,2002-07-01,8167962443.86,1034.66307538,2281.01821597
Coal,2002,8,7868125.0,3,84308000.0,84308000.0,8030337000.0,8030337000.0,2002-08-01,8125354698.17,1032.69262984,2276.67417175
Coal,2002,9,6795618.0,3,72949000.0,72949000.0,6948392250.0,6948392250.0,2002-09-01,6999143691.15,1029.94954854,2270.62677471
Coal,2002,10,5988965.0,4,63554000.0,63554000.0,6053518500.0,6053518500.0,2002-10-01,6101878055.67,1018.85351737,2246.1644644
Coal,2002,11,5729535.0,4,60735000.0,60735000.0,5785008750.0,5785008750.0,2002-11-01,5916484967.19,1032.62916924,2276.53426651
Coal,2002,12,7132225.0,4,75334000.0,75334000.0,7175563500.0,7175563500.0,2002-12-01,7286997952.09,1021.70051451,2252.44095428
Coal,2003,1,8329017.0,1,86523000.0,86523000.0,8241315750.0,8241315750.0,2003-01-01,8316439261.84,998.489889244,2201.27080983
Coal,2003,2,7230630.0,1,76444000.0,76444000.0,7281291000.0,7281291000.0,2003-02-01,7228439039.61,999.696989005,2203.93198196
Coal,2003,3,6719210.0,1,70958000.0,70958000.0,6758749500.0,6758749500.0,2003-03-01,6702499511.44,997.513027787,2199.11722106
Coal,2003,4,6288641.0,2,66035000.0,66035000.0,6289833750.0,6289833750.0,2003-04-01,6215093509.7,988.304708394,2178.81656013
Coal,2003,5,6366079.0,2,67054000.0,67054000.0,6386893500.0,6386893500.0,2003-05-01,6429101938.7,1009.89980468,2226.42510941
Coal,2003,6,7000822.0,2,73625000.0,73625000.0,7012781250.0,7012781250.0,2003-06-01,6995120334.81,999.185572039,2202.80451212
Coal,2003,7,7743805.0,3,81519000.0,81519000.0,7764684750.0,7764684750.0,2003-07-01,7699171159.46,994.236187438,2191.89309882
Coal,2003,8,7775450.0,3,82472000.0,82472000.0,7855458000.0,7855458000.0,2003-08-01,7776073851.05,1000.08023343,2204.77688263
Coal,2003,9,6469277.0,3,68026000.0,68026000.0,6479476500.0,6479476500.0,2003-09-01,6381336729.3,986.406476226,2174.63171749
Coal,2003,10,6246981.0,4,65787000.0,65787000.0,6266211750.0,6266211750.0,2003-10-01,6063451772.9,970.621132496,2139.8313487
Coal,2003,11,6266631.0,4,64516000.0,64516000.0,6145149000.0,6145149000.0,2003-11-01,6033783840.98,962.843326978,2122.68439866
Coal,2003,12,7623996.0,4,79561000.0,79561000.0,7578185250.0,7578185250.0,2003-12-01,7430255630.34,974.588080889,2148.57688313
Coal,2004,1,8274366.94,1,85715070.0,85715070.0,8164360417.5,8164360417.5,2004-01-01,8056233548.58,973.637452509,2146.4811278
Coal,2004,2,7307381.34,1,75581390.0,75581390.0,7199127397.5,7199127397.5,2004-02-01,7069639201.13,967.46548075,2132.87439886
Coal,2004,3,6949872.61,1,71466640.0,71466640.0,6807197460.0,6807197460.0,2004-03-01,6804932335.92,979.144902041,2158.62285104
Coal,2004,4,5959734.55,2,61569900.0,61569900.0,5864532975.0,5864532975.0,2004-04-01,5744375996.45,963.864405077,2124.93546743
Coal,2004,5,7200707.13,2,75200880.0,75200880.0,7162883820.0,7162883820.0,2004-05-01,7032444995.89,976.632554127,2153.08412883
Coal,2004,6,7390471.36,2,77242940.0,77242940.0,7357390035.0,7357390035.0,2004-06-01,7181857602.51,971.77260457,2142.36988403
Coal,2004,7,7880846.15,3,82012120.0,82012120.0,7811654430.0,7811654430.0,2004-07-01,7312407229.76,927.870826378,2045.58402383
Coal,2004,8,7577264.94,3,78837310.0,78837310.0,7509253777.5,7509253777.5,2004-08-01,7390320398.15,975.328229469,2150.20861469
Coal,2004,9,7012253.69,3,73090010.0,73090010.0,6961823452.5,6961823452.5,2004-09-01,6841936132.35,975.711438123,2151.05343649
Coal,2004,10,6598162.28,4,68272760.0,68272760.0,6502980390.0,6502980390.0,2004-10-01,6306199620.37,955.750912566,2107.04846184
Coal,2004,11,6209092.62,4,64664380.0,64664380.0,6159282195.0,6159282195.0,2004-11-01,5924796976.27,954.213012895,2103.65800823
Coal,2004,12,7760357.38,4,81079330.0,81079330.0,7722806182.5,7722806182.5,2004-12-01,7539271637.55,971.510881313,2141.79288894
Coal,2005,1,7530266.18,1,77932340.0,77932340.0,7423055385.0,7423055385.0,2005-01-01,7178783921.39,953.324059175,2101.69822086
Coal,2005,2,6672339.24,1,68501080.0,68501080.0,6524727870.0,6524727870.0,2005-02-01,6360164477.74,953.213595557,2101.45469277
Coal,2005,3,7172452.45,1,73685560.0,73685560.0,7018549590.0,7018549590.0,2005-03-01,6911511424.42,963.618995399,2124.39443726
Coal,2005,4,6664554.85,2,67777700.0,67777700.0,6455825925.0,6455825925.0,2005-04-01,6389080811.02,958.665800616,2113.47462404
Coal,2005,5,7048240.3,2,72331950.0,72331950.0,6889618237.5,6889618237.5,2005-05-01,6663323991.21,945.388310784,2084.20306995
Coal,2005,6,7707720.87,2,79454650.0,79454650.0,7568055412.5,7568055412.5,2005-06-01,7446795181.38,966.147491194,2129.96875909
Coal,2005,7,8212637.08,3,85773600.0,85773600.0,8169935400.0,8169935400.0,2005-07-01,8035563950.64,978.438943833,2157.06649558
Coal,2005,8,8096849.28,3,85365850.0,85365850.0,8131097212.5,8131097212.5,2005-08-01,7892779126.72,974.796350257,2149.03603378
Coal,2005,9,7822648.9,3,81473040.0,81473040.0,7760307060.0,7760307060.0,2005-09-01,7527587607.13,962.281153528,2121.44503107
Coal,2005,10,6856548.67,4,70572700.0,70572700.0,6722049675.0,6722049675.0,2005-10-01,6643144927.07,968.875923851,2135.98386172
Coal,2005,11,6905766.6,4,70999990.0,70999990.0,6762749047.5,6762749047.5,2005-11-01,6712784645.16,972.054955515,2142.99235493
Coal,2005,12,8393088.58,4,86981970.0,86981970.0,8285032642.5,8285032642.5,2005-12-01,8100543665.41,965.144545801,2127.75766567
Coal,2006,1,8180421.11,1,84589100.0,84589100.0,8057111775.0,8057111775.0,2006-01-01,7900952078.02,965.8368404,2129.28389835
Coal,2006,2,7523922.46,1,77385400.0,77385400.0,7370959350.0,7370959350.0,2006-02-01,7278888058.99,967.432625428,2132.80196602
Coal,2006,3,7322824.81,1,76016790.0,76016790.0,7240599247.5,7240599247.5,2006-03-01,7028969615.51,959.87133352,2116.13234188
Coal,2006,4,6347505.21,2,66651920.0,66651920.0,6348595380.0,6348595380.0,2006-04-01,6185347875.3,974.453375092,2148.27991073
Coal,2006,5,7311742.58,2,77352660.0,77352660.0,7367840865.0,7367840865.0,2006-05-01,7104069068.7,971.597261661,2141.98332306
Coal,2006,6,7699465.95,2,80932110.0,80932110.0,7708783477.5,7708783477.5,2006-06-01,7503065938.62,974.491735836,2148.36448082
Coal,2006,7,8446395.36,3,89348920.0,89348920.0,8510484630.0,8510484630.0,2006-07-01,8340373948.46,987.447732787,2176.9272717
Coal,2006,8,8303318.95,3,87697960.0,87697960.0,8353230690.0,8353230690.0,2006-08-01,8168982017.49,983.821296843,2168.93243102
Coal,2006,9,7324596.97,3,78990240.0,78990240.0,7523820360.0,7523820360.0,2006-09-01,7144666892.56,975.434815297,2150.4435938
Coal,2006,10,7326080.37,4,77596110.0,77596110.0,7391029477.5,7391029477.5,2006-10-01,7031722257.0,959.820518185,2116.02031439
Coal,2006,11,7495173.18,4,78765640.0,78765640.0,7502427210.0,7502427210.0,2006-11-01,7154492430.79,954.546647418,2104.3935389
Coal,2006,12,7917041.06,4,83181170.0,83181170.0,7923006442.5,7923006442.5,2006-12-01,7602696598.57,960.295208898,2117.06681754
Coal,2007,1,8543586.55,1,89827390.0,89827390.0,8556058897.5,8556058897.5,2007-01-01,8280650245.2,969.224130491,2136.75151808
Coal,2007,2,7802224.5,1,80819980.0,80819980.0,7698103095.0,7698103095.0,2007-02-01,7541207302.42,966.545797602,2130.84686539
Coal,2007,3,7368057.06,1,75965390.0,75965390.0,7235703397.5,7235703397.5,2007-03-01,7101326386.92,963.799048934,2124.79138328
Coal,2007,4,6029485.2,2,62815510.0,62815510.0,5983177327.5,5983177327.5,2007-04-01,5849650424.7,970.17410785,2138.84583817
Coal,2007,5,6640114.81,2,70806300.0,70806300.0,6744300075.0,6744300075.0,2007-05-01,6523807879.72,982.484198902,2165.9846649
Coal,2007,6,7711318.42,2,81417200.0,81417200.0,7754988300.0,7754988300.0,2007-06-01,7519990691.18,975.188713733,2149.9010383
Coal,2007,7,8148596.27,3,87120380.0,87120380.0,8298216195.0,8298216195.0,2007-07-01,8008022395.54,982.748700537,2166.5677852
Coal,2007,8,8926299.15,3,94584010.0,94584010.0,9009126952.5,9009126952.5,2007-08-01,8799055459.72,985.745078879,2173.1736009
Coal,2007,9,7477275.55,3,79520150.0,79520150.0,7574294287.5,7574294287.5,2007-09-01,7424871674.59,992.991581618,2189.14924084
Coal,2007,10,7209595.27,4,75805710.0,75805710.0,7220493877.5,7220493877.5,2007-10-01,7090556515.1,983.488843626,2168.19950466
Coal,2007,11,6978178.76,4,73479520.0,73479520.0,6998924280.0,6998924280.0,2007-11-01,6780558163.81,971.680204394,2142.16617861
Coal,2007,12,7648327.71,4,81537740.0,81537740.0,7766469735.0,7766469735.0,2007-12-01,7312095187.25,956.038426241,2107.68231449
Coal,2008,1,8678853.27,1,90351680.0,90351680.0,8605997520.0,8605997520.0,2008-01-01,8260813164.66,951.832334026,2098.40956359
Coal,2008,2,7734860.05,1,81344540.0,81344540.0,7748067435.0,7748067435.0,2008-02-01,7432958953.81,960.968770703,2118.55175189
Coal,2008,3,7640650.14,1,80703250.0,80703250.0,7686984562.5,7686984562.5,2008-03-01,7345892302.72,961.422414078,2119.55185408
Coal,2008,4,6539482.13,2,68669810.0,68669810.0,6540799402.5,6540799402.5,2008-04-01,6339715342.54,969.452200726,2137.25432172
Coal,2008,5,6548551.86,2,69198400.0,69198400.0,6591147600.0,6591147600.0,2008-05-01,6433229897.27,982.389700014,2165.77633265
Coal,2008,6,7299413.75,2,77299880.0,77299880.0,7362813570.0,7362813570.0,2008-06-01,7220920038.14,989.246573143,2180.89299515
Coal,2008,7,8337761.61,3,88105190.0,88105190.0,8392019347.5,8392019347.5,2008-07-01,8121039527.17,974.007162478,2147.2961904
Coal,2008,8,8051778.95,3,85115580.0,85115580.0,8107258995.0,8107258995.0,2008-08-01,7897430651.15,980.830534494,2162.33899635
Coal,2008,9,7776057.52,3,82161170.0,82161170.0,7825851442.5,7825851442.5,2008-09-01,7554855902.46,971.553500348,2141.88684687
Coal,2008,10,7169040.53,4,75813680.0,75813680.0,7221253020.0,7221253020.0,2008-10-01,6913024168.24,964.288615653,2125.87068207
Coal,2008,11,7838716.32,4,81949600.0,81949600.0,7805699400.0,7805699400.0,2008-11-01,7352332709.51,937.951114616,2067.80702728
Coal,2008,12,8005421.8,4,85008640.0,85008640.0,8097072960.0,8097072960.0,2008-12-01,7487026281.17,935.244446604,2061.83990698
Coal,2009,1,7843454.68,1,83439320.0,83439320.0,7947595230.0,7947595230.0,2009-01-01,7365842879.71,939.106959908,2070.35520381
Coal,2009,2,6726922.24,1,71448100.0,71448100.0,6805431525.0,6805431525.0,2009-02-01,6356312731.03,944.906526976,2083.14092937
Coal,2009,3,6978920.28,1,73942720.0,73942720.0,7043044080.0,7043044080.0,2009-03-01,6745709263.74,966.583510499,2130.93000725
Coal,2009,4,6181787.48,2,65114230.0,65114230.0,6202130407.5,6202130407.5,2009-04-01,5930903311.78,959.415594756,2115.1276202
Coal,2009,5,6398359.4,2,67917010.0,67917010.0,6469095202.5,6469095202.5,2009-05-01,6233325266.26,974.206804679,2147.73632159
Coal,2009,6,7573157.88,2,80140340.0,80140340.0,7633367385.0,7633367385.0,2009-06-01,7367284989.41,972.815449796,2144.66894062
Coal,2009,7,7188997.87,3,76953500.0,76953500.0,7329820875.0,7329820875.0,2009-07-01,7010094853.66,975.114331709,2149.73705569
Coal,2009,8,7879679.77,3,83595590.0,83595590.0,7962479947.5,7962479947.5,2009-08-01,7709547148.52,978.408688367,2156.99979437
Coal,2009,9,6806422.23,3,72885600.0,72885600.0,6942353400.0,6942353400.0,2009-09-01,6785374425.46,996.907655177,2197.7826166
Coal,2009,10,6548484.37,4,69941610.0,69941610.0,6661938352.5,6661938352.5,2009-10-01,6433184846.64,982.39294517,2165.78348692
Coal,2009,11,6226959.49,4,65029590.0,65029590.0,6194068447.5,6194068447.5,2009-11-01,6068657742.59,974.57800269,2148.55466473
Coal,2009,12,7684450.01,4,81982890.0,81982890.0,7808870272.5,7808870272.5,2009-12-01,7396426469.0,962.518652522,2121.96862135
Coal,2010,1,8527381.44,1,90089340.0,90089340.0,8581009635.0,8581009635.0,2010-01-01,8212280890.83,963.048381101,2123.13646098
Coal,2010,2,7954192.34,1,84526290.0,84526290.0,8051129122.5,8051129122.5,2010-02-01,7687561152.24,966.47916264,2130.69996196
Coal,2010,3,7276075.11,1,76200620.0,76200620.0,7258109055.0,7258109055.0,2010-03-01,7059308050.24,970.208243251,2138.92109307
Coal,2010,4,6253747.44,2,66419430.0,66419430.0,6326450707.5,6326450707.5,2010-04-01,6127629742.83,979.833260236,2160.14040552
Coal,2010,5,6348567.2,2,67602670.0,67602670.0,6439154317.5,6439154317.5,2010-05-01,6191328000.28,975.232332782,2149.99720085
Coal,2010,6,8114809.24,2,85225110.0,85225110.0,8117691727.5,8117691727.5,2010-06-01,7879424180.67,970.993149392,2140.65149715
Coal,2010,7,8253821.17,3,87134850.0,87134850.0,8299594462.5,8299594462.5,2010-07-01,8129002740.35,984.877497697,2171.26093142
Coal,2010,8,8728680.44,3,91754280.0,91754280.0,8739595170.0,8739595170.0,2010-08-01,8548316389.99,979.336618948,2159.04551013
Coal,2010,9,7398595.63,3,77261530.0,77261530.0,7359160732.5,7359160732.5,2010-09-01,7228382655.85,976.993880642,2153.88070926
Coal,2010,10,6823549.84,4,71321400.0,71321400.0,6793363350.0,6793363350.0,2010-10-01,6624296244.0,970.799129386,2140.22376065
Coal,2010,11,6867092.67,4,71800300.0,71800300.0,6838978575.0,6838978575.0,2010-11-01,6779378325.81,987.226858817,2176.44033295
Coal,2010,12,8507345.95,4,89103180.0,89103180.0,8487077895.0,8487077895.0,2010-12-01,8306636964.55,976.407567457,2152.58812321
Coal,2011,1,8928763.57,1,90438350.0,90438350.0,8614252837.5,8614252837.5,2011-01-01,8604724749.12,963.70843305,2124.5916115
Coal,2011,2,7661742.13,1,77095640.0,77095640.0,7343359710.0,7343359710.0,2011-02-01,7332067500.42,956.971322712,2109.73897805
Coal,2011,3,7370853.38,1,77435250.0,77435250.0,7375707562.5,7375707562.5,2011-03-01,7135709394.49,968.098132823,2134.26914362
Coal,2011,4,6645564.74,2,70230090.0,70230090.0,6689416072.5,6689416072.5,2011-04-01,6460032272.62,972.081760597,2143.05144941
Coal,2011,5,6965235.2,2,73248750.0,73248750.0,6976943437.5,6976943437.5,2011-05-01,6762790047.39,970.934915074,2140.52311377
Coal,2011,6,7671278.61,2,81030200.0,81030200.0,7718126550.0,7718126550.0,2011-06-01,7470436657.66,973.818973009,2146.8813079
Coal,2011,7,9190196.85,3,97335190.0,97335190.0,9271176847.5,9271176847.5,2011-07-01,8929245774.99,971.605496675,2142.00147797
Coal,2011,8,8438080.94,3,89058340.0,89058340.0,8482806885.0,8482806885.0,2011-08-01,8317750169.36,985.739557193,2173.16142779
Coal,2011,9,6966682.95,3,73454150.0,73454150.0,6996507787.5,6996507787.5,2011-09-01,6872167780.24,986.43326093,2174.69076705
Coal,2011,10,7365743.05,4,78329620.0,78329620.0,7460896305.0,7460896305.0,2011-10-01,7141467891.95,969.551590854,2137.4734372
Coal,2011,11,6763643.25,4,72291900.0,72291900.0,6885803475.0,6885803475.0,2011-11-01,6602428665.74,976.164534659,2152.05233311
Coal,2011,12,7688244.99,4,81668890.0,81668890.0,7778961772.5,7778961772.5,2011-12-01,7429750596.98,966.377971389,2130.47687572
Coal,2012,1,7611206.98,1,80325210.0,80325210.0,7650976252.5,7650976252.5,2012-01-01,7422588544.33,975.218327899,2149.96632569
Coal,2012,2,6623099.48,1,69413940.0,69413940.0,6611677785.0,6611677785.0,2012-02-01,6450430015.25,973.929205612,2147.12432669
Coal,2012,3,6120388.69,1,64637080.0,64637080.0,6156681870.0,6156681870.0,2012-03-01,6048542856.12,988.261230207,2178.72070811
Coal,2012,4,5148681.16,2,55232690.0,55232690.0,5260913722.5,5260913722.5,2012-04-01,5059966615.31,982.769462329,2166.61355665
Coal,2012,5,6579929.16,2,70231660.0,70231660.0,6689565615.0,6689565615.0,2012-05-01,6584561527.9,1000.70401486,2206.15207116
Coal,2012,6,7558465.55,2,80415460.0,80415460.0,7659572565.0,7659572565.0,2012-06-01,7585045164.94,1003.51653583,2212.3525549
Coal,2012,7,8179576.61,3,87008000.0,87008000.0,8287512000.0,8287512000.0,2012-07-01,8025418860.48,981.153333862,2163.05063983
Coal,2012,8,8086134.42,3,85425250.0,85425250.0,8136755062.5,8136755062.5,2012-08-01,7869083512.52,973.157642922,2145.42333959
Coal,2012,9,6059532.53,3,65429540.0,65429540.0,6232163685.0,6232163685.0,2012-09-01,6017486715.3,993.061211489,2189.30274685
Coal,2012,10,6541700.48,4,69491370.0,69491370.0,6619052992.5,6619052992.5,2012-10-01,6325848224.75,967.00364746,2131.85624119
Coal,2012,11,6932684.34,4,73898060.0,73898060.0,7038790215.0,7038790215.0,2012-11-01,6709814342.16,967.852279592,2133.72713559
Coal,2012,12,7320269.08,4,78271180.0,78271180.0,7455329895.0,7455329895.0,2012-12-01,7143016540.26,975.78606226,2151.21795286
Coal,2013,1,7662565.32,1,81262300.0,81262300.0,7740234075.0,7740234075.0,2013-01-01,7438715842.68,970.786614147,2140.19616955
Coal,2013,2,7152595.11,1,75700950.0,75700950.0,7210515487.5,7210515487.5,2013-02-01,6897183511.78,964.291058799,2125.87606823
Coal,2013,3,7940589.29,1,83823720.0,83823720.0,7984209330.0,7984209330.0,2013-03-01,7634955535.45,961.509940461,2119.74481474
Coal,2013,4,5637342.8,2,60301030.0,60301030.0,5743673107.5,5743673107.5,2013-04-01,5521779993.34,979.500482629,2159.406764
Coal,2013,5,6033103.51,2,64949000.0,64949000.0,6186392250.0,6186392250.0,2013-05-01,5960321759.05,987.936266828,2178.00429385
Coal,2013,6,6852138.44,2,73371050.0,73371050.0,6988592512.5,6988592512.5,2013-06-01,6737899431.53,983.327977176,2167.84485848
Coal,2013,7,7113168.38,3,75909210.0,75909210.0,7230352252.5,7230352252.5,2013-07-01,6979079877.85,981.149257969,2163.04165412
Coal,2013,8,7712970.52,3,81407880.0,81407880.0,7754100570.0,7754100570.0,2013-08-01,7577092072.92,982.383123762,2165.76183465
Coal,2013,9,6899109.14,3,73327760.0,73327760.0,6984469140.0,6984469140.0,2013-09-01,6847103841.54,992.462026994,2187.98178471
Coal,2013,10,6491238.51,4,69066850.0,69066850.0,6578617462.5,6578617462.5,2013-10-01,6371966844.27,981.625745912,2164.09211944
Coal,2013,11,6174235.02,4,66302770.0,66302770.0,6315338842.5,6315338842.5,2013-11-01,6047996563.95,979.553992415,2159.52473168
Coal,2013,12,7634204.43,4,81138850.0,81138850.0,7728475462.5,7728475462.5,2013-12-01,7423891732.99,972.451262088,2143.8660524
Coal,2014,1,8188391.65,1,87200440.0,87200440.0,8305841910.0,8305841910.0,2014-01-01,7886989274.0,963.191504647,2123.45199114
Coal,2014,2,7608427.29,1,80601240.0,80601240.0,7677268110.0,7677268110.0,2014-02-01,7310530949.83,960.846528617,2118.28225699
Coal,2014,3,6894380.21,1,73047070.0,73047070.0,6957733417.5,6957733417.5,2014-03-01,6759683245.6,980.462788489,2161.5282635
Coal,2014,4,5953373.58,2,63171050.0,63171050.0,6017042512.5,6017042512.5,2014-04-01,5800499687.28,974.321468212,2147.98910882
Coal,2014,5,5920904.43,2,63469280.0,63469280.0,6045448920.0,6045448920.0,2014-05-01,5867668484.07,991.008815197,2184.77803398
Coal,2014,6,7031846.1,2,74569670.0,74569670.0,7102761067.5,7102761067.5,2014-06-01,6916967334.61,983.663071723,2168.58360792
Coal,2014,7,7494998.99,3,80235960.0,80235960.0,7642475190.0,7642475190.0,2014-07-01,7413015911.51,989.061629148,2180.48526762
Coal,2014,8,7854278.06,3,82884810.0,82884810.0,7894778152.5,7894778152.5,2014-08-01,7744841360.13,986.066612484,2173.88245388
Coal,2014,9,6530670.54,3,69336600.0,69336600.0,6604311150.0,6604311150.0,2014-09-01,6448803084.74,987.464157814,2176.96348232
Coal,2014,10,6022260.9,4,63976360.0,63976360.0,6093748290.0,6093748290.0,2014-10-01,5993248359.44,995.182450405,2193.97923016
Coal,2014,11,6710829.57,4,70610330.0,70610330.0,6725633932.5,6725633932.5,2014-11-01,6509109820.86,969.941160473,2138.33228238
Coal,2014,12,7391599.85,4,77254460.0,77254460.0,7358487315.0,7358487315.0,2014-12-01,7217675535.73,976.470004086,2152.72577101
Coal,2015,1,7471733.65,1,78057150.0,78057150.0,7434943537.5,7434943537.5,2015-01-01,7284659081.03,974.962361115,2149.40202131
Coal,2015,2,7392473.37,1,76934090.0,76934090.0,7327972072.5,7327972072.5,2015-02-01,7181597773.34,971.474283896,2141.71220628
Coal,2015,3,6062463.36,1,64045870.0,64045870.0,6100369117.5,6100369117.5,2015-03-01,5983255231.24,986.934662684,2175.79615735
Coal,2015,4,5221622.21,2,55581880.0,55581880.0,5294174070.0,5294174070.0,2015-04-01,5097664773.48,976.260742058,2152.26443194
Coal,2015,5,6484140.21,2,68672240.0,68672240.0,6541030860.0,6541030860.0,2015-05-01,6452086610.55,995.056615308,2193.70181411
Coal,2015,6,6386043.22,2,68090090.0,68090090.0,6485581072.5,6485581072.5,2015-06-01,6447191916.78,1009.57536532,2225.70985039
Coal,2015,7,7024772.27,3,75114940.0,75114940.0,7154698035.0,7154698035.0,2015-07-01,6977492532.15,993.269570026,2189.76209408
Coal,2015,8,6476748.87,3,68933290.0,68933290.0,6565895872.5,6565895872.5,2015-08-01,6458013694.76,997.107317943,2198.22279314
Coal,2015,9,5803224.06,3,61899150.0,61899150.0,5895894037.5,5895894037.5,2015-09-01,5827461167.19,1004.17648999,2213.80748983
Coal,2015,10,4950496.11,4,51826900.0,51826900.0,4936512225.0,4936512225.0,2015-10-01,4953985358.08,1000.70482796,2206.15386372
Coal,2015,11,4260864.46,4,45819880.0,45819880.0,4364343570.0,4364343570.0,2015-11-01,4401277060.68,1032.95401719,2277.25042631
Coal,2015,12,5085847.23,4,54757260.0,54757260.0,5215629015.0,5215629015.0,2015-12-01,5102035876.19,1003.18307756,2211.61741279
Coal,2016,1,6427398.95,1,68431860.0,68431860.0,6518134665.0,6518134665.0,2016-01-01,6336533985.51,985.862871561,2173.43328664
Coal,2016,2,5641409.37,1,60297670.0,60297670.0,5743353067.5,5743353067.5,2016-02-01,5593455559.22,991.499675412,2185.86018441
Coal,2016,3,4737806.57,1,50817180.0,50817180.0,4840336395.0,4840336395.0,2016-03-01,4696535779.6,991.289051211,2185.3958423
Coal,2016,4,4560060.59,2,49230230.0,49230230.0,4689179407.5,4689179407.5,2016-04-01,4530394763.44,993.494422722,2190.25780433
Coal,2016,5,4565166.51,2,49362800.0,49362800.0,4701806700.0,4701806700.0,2016-05-01,4644230999.79,1017.31908127,2242.78164656
Coal,2016,6,5656676.41,2,60967840.0,60967840.0,5807186760.0,5807186760.0,2016-06-01,5709934221.65,1009.41503593,2225.35638821
Coal,2016,7,6725251.86,3,72947870.0,72947870.0,6948284617.5,6948284617.5,2016-07-01,6804039220.59,1011.7151539,2230.4272283
Coal,2016,8,6856075.94,3,73416610.0,73416610.0,6992932102.5,6992932102.5,2016-08-01,6909044234.77,1007.72574505,2221.63217754
Coal,2016,9,5750944.06,3,61709580.0,61709580.0,5877837495.0,5877837495.0,2016-09-01,5841314198.09,1015.71396577,2239.24300893
Coal,2016,10,5237196.26,4,55451500.0,55451500.0,5281755375.0,5281755375.0,2016-10-01,5238666110.86,1000.28065606,2205.21873435
Coal,2016,11,4635982.78,4,49283710.0,49283710.0,4694273377.5,4694273377.5,2016-11-01,4640301134.81,1000.93148638,2206.65355487
Coal,2016,12,6095325.12,4,64593550.0,64593550.0,6152535637.5,6152535637.5,2016-12-01,6042734340.22,991.371948379,2185.5785974
Coal,2017,1,6296060.7,1,66542870.0,66542870.0,6338208367.5,6338208367.5,2017-01-01,6222371299.56,988.295951397,2178.79725445
Coal,2017,2,4712231.81,1,50114640.0,50114640.0,4773419460.0,4773419460.0,2017-02-01,4659678208.96,988.847407521,2180.01299462
Coal,2017,3,4656855.4,1,50311430.0,50311430.0,4792163707.5,4792163707.5,2017-03-01,4664350491.1,1001.60947473,2208.148248
Hydro,2001,1,193594.0,1,,,0.0,0.0,2001-01-01,0.0,0.0,0.0
Hydro,2001,2,165380.0,1,,,0.0,0.0,2001-02-01,0.0,0.0,0.0
Hydro,2001,3,243527.0,1,,,0.0,0.0,2001-03-01,0.0,0.0,0.0
Hydro,2001,4,202527.0,2,,,0.0,0.0,2001-04-01,0.0,0.0,0.0
Hydro,2001,5,142603.0,2,,,0.0,0.0,2001-05-01,0.0,0.0,0.0
Hydro,2001,6,549853.0,2,,,0.0,0.0,2001-06-01,0.0,0.0,0.0
Hydro,2001,7,611025.0,3,,,0.0,0.0,2001-07-01,0.0,0.0,0.0
Hydro,2001,8,688597.0,3,,,0.0,0.0,2001-08-01,0.0,0.0,0.0
Hydro,2001,9,242969.0,3,,,0.0,0.0,2001-09-01,0.0,0.0,0.0
Hydro,2001,10,411209.0,4,,,0.0,0.0,2001-10-01,0.0,0.0,0.0
Hydro,2001,11,178578.0,4,,,0.0,0.0,2001-11-01,0.0,0.0,0.0
Hydro,2001,12,225646.0,4,,,0.0,0.0,2001-12-01,0.0,0.0,0.0
Hydro,2002,1,253903.0,1,,,0.0,0.0,2002-01-01,0.0,0.0,0.0
Hydro,2002,2,434969.0,1,,,0.0,0.0,2002-02-01,0.0,0.0,0.0
Hydro,2002,3,528604.0,1,,,0.0,0.0,2002-03-01,0.0,0.0,0.0
Hydro,2002,4,553778.0,2,,,0.0,0.0,2002-04-01,0.0,0.0,0.0
Hydro,2002,5,622023.0,2,,,0.0,0.0,2002-05-01,0.0,0.0,0.0
Hydro,2002,6,185181.0,2,,,0.0,0.0,2002-06-01,0.0,0.0,0.0
Hydro,2002,7,211585.0,3,,,0.0,0.0,2002-07-01,0.0,0.0,0.0
Hydro,2002,8,197532.0,3,,,0.0,0.0,2002-08-01,0.0,0.0,0.0
Hydro,2002,9,192898.0,3,,,0.0,0.0,2002-09-01,0.0,0.0,0.0
Hydro,2002,10,242078.0,4,,,0.0,0.0,2002-10-01,0.0,0.0,0.0
Hydro,2002,11,282109.0,4,,,0.0,0.0,2002-11-01,0.0,0.0,0.0
Hydro,2002,12,320089.0,4,,,0.0,0.0,2002-12-01,0.0,0.0,0.0
Hydro,2003,1,329261.0,1,,,0.0,0.0,2003-01-01,0.0,0.0,0.0
Hydro,2003,2,297512.0,1,,,0.0,0.0,2003-02-01,0.0,0.0,0.0
Hydro,2003,3,337921.0,1,,,0.0,0.0,2003-03-01,0.0,0.0,0.0
Hydro,2003,4,418298.0,2,,,0.0,0.0,2003-04-01,0.0,0.0,0.0
Hydro,2003,5,328265.0,2,,,0.0,0.0,2003-05-01,0.0,0.0,0.0
Hydro,2003,6,364120.0,2,,,0.0,0.0,2003-06-01,0.0,0.0,0.0
Hydro,2003,7,341394.0,3,,,0.0,0.0,2003-07-01,0.0,0.0,0.0
Hydro,2003,8,369979.0,3,,,0.0,0.0,2003-08-01,0.0,0.0,0.0
Hydro,2003,9,278941.0,3,,,0.0,0.0,2003-09-01,0.0,0.0,0.0
Hydro,2003,10,293924.0,4,,,0.0,0.0,2003-10-01,0.0,0.0,0.0
Hydro,2003,11,245582.0,4,,,0.0,0.0,2003-11-01,0.0,0.0,0.0
Hydro,2003,12,342855.0,4,,,0.0,0.0,2003-12-01,0.0,0.0,0.0
Hydro,2004,1,341303.87,1,,,0.0,0.0,2004-01-01,0.0,0.0,0.0
Hydro,2004,2,347407.59,1,,,0.0,0.0,2004-02-01,0.0,0.0,0.0
Hydro,2004,3,338896.63,1,,,0.0,0.0,2004-03-01,0.0,0.0,0.0
Hydro,2004,4,261119.55,2,,,0.0,0.0,2004-04-01,0.0,0.0,0.0
Hydro,2004,5,260650.82,2,,,0.0,0.0,2004-05-01,0.0,0.0,0.0
Hydro,2004,6,311295.01,2,,,0.0,0.0,2004-06-01,0.0,0.0,0.0
Hydro,2004,7,347494.77,3,,,0.0,0.0,2004-07-01,0.0,0.0,0.0
Hydro,2004,8,332078.02,3,,,0.0,0.0,2004-08-01,0.0,0.0,0.0
Hydro,2004,9,265594.52,3,,,0.0,0.0,2004-09-01,0.0,0.0,0.0
Hydro,2004,10,312484.78,4,,,0.0,0.0,2004-10-01,0.0,0.0,0.0
Hydro,2004,11,328437.13,4,,,0.0,0.0,2004-11-01,0.0,0.0,0.0
Hydro,2004,12,333488.31,4,,,0.0,0.0,2004-12-01,0.0,0.0,0.0
Hydro,2005,1,277640.42,1,,,0.0,0.0,2005-01-01,0.0,0.0,0.0
Hydro,2005,2,324668.57,1,,,0.0,0.0,2005-02-01,0.0,0.0,0.0
Hydro,2005,3,339488.42,1,,,0.0,0.0,2005-03-01,0.0,0.0,0.0
Hydro,2005,4,280061.73,2,,,0.0,0.0,2005-04-01,0.0,0.0,0.0
Hydro,2005,5,282585.99,2,,,0.0,0.0,2005-05-01,0.0,0.0,0.0
Hydro,2005,6,217904.59,2,,,0.0,0.0,2005-06-01,0.0,0.0,0.0
Hydro,2005,7,250962.79,3,,,0.0,0.0,2005-07-01,0.0,0.0,0.0
Hydro,2005,8,243063.1,3,,,0.0,0.0,2005-08-01,0.0,0.0,0.0
Hydro,2005,9,228325.0,3,,,0.0,0.0,2005-09-01,0.0,0.0,0.0
Hydro,2005,10,165072.55,4,,,0.0,0.0,2005-10-01,0.0,0.0,0.0
Hydro,2005,11,151996.85,4,,,0.0,0.0,2005-11-01,0.0,0.0,0.0
Hydro,2005,12,199422.99,4,,,0.0,0.0,2005-12-01,0.0,0.0,0.0
Hydro,2006,1,226192.52,1,,,0.0,0.0,2006-01-01,0.0,0.0,0.0
Hydro,2006,2,256055.37,1,,,0.0,0.0,2006-02-01,0.0,0.0,0.0
Hydro,2006,3,181762.58,1,,,0.0,0.0,2006-03-01,0.0,0.0,0.0
Hydro,2006,4,245440.14,2,,,0.0,0.0,2006-04-01,0.0,0.0,0.0
Hydro,2006,5,187441.54,2,,,0.0,0.0,2006-05-01,0.0,0.0,0.0
Hydro,2006,6,184625.0,2,,,0.0,0.0,2006-06-01,0.0,0.0,0.0
Hydro,2006,7,196473.76,3,,,0.0,0.0,2006-07-01,0.0,0.0,0.0
Hydro,2006,8,213571.37,3,,,0.0,0.0,2006-08-01,0.0,0.0,0.0
Hydro,2006,9,215270.32,3,,,0.0,0.0,2006-09-01,0.0,0.0,0.0
Hydro,2006,10,183577.06,4,,,0.0,0.0,2006-10-01,0.0,0.0,0.0
Hydro,2006,11,266947.35,4,,,0.0,0.0,2006-11-01,0.0,0.0,0.0
Hydro,2006,12,234343.98,4,,,0.0,0.0,2006-12-01,0.0,0.0,0.0
Hydro,2007,1,300638.82,1,,,0.0,0.0,2007-01-01,0.0,0.0,0.0
Hydro,2007,2,196375.9,1,,,0.0,0.0,2007-02-01,0.0,0.0,0.0
Hydro,2007,3,198140.93,1,,,0.0,0.0,2007-03-01,0.0,0.0,0.0
Hydro,2007,4,153471.37,2,,,0.0,0.0,2007-04-01,0.0,0.0,0.0
Hydro,2007,5,151748.56,2,,,0.0,0.0,2007-05-01,0.0,0.0,0.0
Hydro,2007,6,83394.48,2,,,0.0,0.0,2007-06-01,0.0,0.0,0.0
Hydro,2007,7,89191.06,3,,,0.0,0.0,2007-07-01,0.0,0.0,0.0
Hydro,2007,8,107404.03,3,,,0.0,0.0,2007-08-01,0.0,0.0,0.0
Hydro,2007,9,71777.35,3,,,0.0,0.0,2007-09-01,0.0,0.0,0.0
Hydro,2007,10,73651.42,4,,,0.0,0.0,2007-10-01,0.0,0.0,0.0
Hydro,2007,11,96096.52,4,,,0.0,0.0,2007-11-01,0.0,0.0,0.0
Hydro,2007,12,146696.56,4,,,0.0,0.0,2007-12-01,0.0,0.0,0.0
Hydro,2008,1,204928.44,1,,,0.0,0.0,2008-01-01,0.0,0.0,0.0
Hydro,2008,2,203946.68,1,,,0.0,0.0,2008-02-01,0.0,0.0,0.0
Hydro,2008,3,286550.63,1,,,0.0,0.0,2008-03-01,0.0,0.0,0.0
Hydro,2008,4,266564.83,2,,,0.0,0.0,2008-04-01,0.0,0.0,0.0
Hydro,2008,5,187234.82,2,,,0.0,0.0,2008-05-01,0.0,0.0,0.0
Hydro,2008,6,114363.44,2,,,0.0,0.0,2008-06-01,0.0,0.0,0.0
Hydro,2008,7,84832.55,3,,,0.0,0.0,2008-07-01,0.0,0.0,0.0
Hydro,2008,8,115329.45,3,,,0.0,0.0,2008-08-01,0.0,0.0,0.0
Hydro,2008,9,91835.35,3,,,0.0,0.0,2008-09-01,0.0,0.0,0.0
Hydro,2008,10,59762.18,4,,,0.0,0.0,2008-10-01,0.0,0.0,0.0
Hydro,2008,11,58178.11,4,,,0.0,0.0,2008-11-01,0.0,0.0,0.0
Hydro,2008,12,243943.54,4,,,0.0,0.0,2008-12-01,0.0,0.0,0.0
Hydro,2009,1,324488.0,1,,,0.0,0.0,2009-01-01,0.0,0.0,0.0
Hydro,2009,2,248669.33,1,,,0.0,0.0,2009-02-01,0.0,0.0,0.0
Hydro,2009,3,378564.84,1,,,0.0,0.0,2009-03-01,0.0,0.0,0.0
Hydro,2009,4,357252.75,2,,,0.0,0.0,2009-04-01,0.0,0.0,0.0
Hydro,2009,5,345628.48,2,,,0.0,0.0,2009-05-01,0.0,0.0,0.0
Hydro,2009,6,233647.72,2,,,0.0,0.0,2009-06-01,0.0,0.0,0.0
Hydro,2009,7,166673.15,3,,,0.0,0.0,2009-07-01,0.0,0.0,0.0
Hydro,2009,8,193929.58,3,,,0.0,0.0,2009-08-01,0.0,0.0,0.0
Hydro,2009,9,189269.81,3,,,0.0,0.0,2009-09-01,0.0,0.0,0.0
Hydro,2009,10,295052.86,4,,,0.0,0.0,2009-10-01,0.0,0.0,0.0
Hydro,2009,11,248367.91,4,,,0.0,0.0,2009-11-01,0.0,0.0,0.0
Hydro,2009,12,336096.58,4,,,0.0,0.0,2009-12-01,0.0,0.0,0.0
Hydro,2010,1,289695.84,1,,,0.0,0.0,2010-01-01,0.0,0.0,0.0
Hydro,2010,2,310734.92,1,,,0.0,0.0,2010-02-01,0.0,0.0,0.0
Hydro,2010,3,264551.39,1,,,0.0,0.0,2010-03-01,0.0,0.0,0.0
Hydro,2010,4,193138.59,2,,,0.0,0.0,2010-04-01,0.0,0.0,0.0
Hydro,2010,5,326433.31,2,,,0.0,0.0,2010-05-01,0.0,0.0,0.0
Hydro,2010,6,176098.58,2,,,0.0,0.0,2010-06-01,0.0,0.0,0.0
Hydro,2010,7,121208.68,3,,,0.0,0.0,2010-07-01,0.0,0.0,0.0
Hydro,2010,8,162271.6,3,,,0.0,0.0,2010-08-01,0.0,0.0,0.0
Hydro,2010,9,125883.09,3,,,0.0,0.0,2010-09-01,0.0,0.0,0.0
Hydro,2010,10,96779.27,4,,,0.0,0.0,2010-10-01,0.0,0.0,0.0
Hydro,2010,11,153403.45,4,,,0.0,0.0,2010-11-01,0.0,0.0,0.0
Hydro,2010,12,360047.28,4,,,0.0,0.0,2010-12-01,0.0,0.0,0.0
Hydro,2011,1,245800.88,1,,,0.0,0.0,2011-01-01,0.0,0.0,0.0
Hydro,2011,2,198591.56,1,,,0.0,0.0,2011-02-01,0.0,0.0,0.0
Hydro,2011,3,318733.59,1,,,0.0,0.0,2011-03-01,0.0,0.0,0.0
Hydro,2011,4,334040.4,2,,,0.0,0.0,2011-04-01,0.0,0.0,0.0
Hydro,2011,5,304345.2,2,,,0.0,0.0,2011-05-01,0.0,0.0,0.0
Hydro,2011,6,339118.67,2,,,0.0,0.0,2011-06-01,0.0,0.0,0.0
Hydro,2011,7,207133.46,3,,,0.0,0.0,2011-07-01,0.0,0.0,0.0
Hydro,2011,8,148198.68,3,,,0.0,0.0,2011-08-01,0.0,0.0,0.0
Hydro,2011,9,180258.89,3,,,0.0,0.0,2011-09-01,0.0,0.0,0.0
Hydro,2011,10,133234.14,4,,,0.0,0.0,2011-10-01,0.0,0.0,0.0
Hydro,2011,11,238149.97,4,,,0.0,0.0,2011-11-01,0.0,0.0,0.0
Hydro,2011,12,321706.55,4,,,0.0,0.0,2011-12-01,0.0,0.0,0.0
Hydro,2012,1,352944.5,1,,,0.0,0.0,2012-01-01,0.0,0.0,0.0
Hydro,2012,2,276252.54,1,,,0.0,0.0,2012-02-01,0.0,0.0,0.0
Hydro,2012,3,334523.91,1,,,0.0,0.0,2012-03-01,0.0,0.0,0.0
Hydro,2012,4,148860.04,2,,,0.0,0.0,2012-04-01,0.0,0.0,0.0
Hydro,2012,5,95240.69,2,,,0.0,0.0,2012-05-01,0.0,0.0,0.0
Hydro,2012,6,97024.97,2,,,0.0,0.0,2012-06-01,0.0,0.0,0.0
Hydro,2012,7,106623.64,3,,,0.0,0.0,2012-07-01,0.0,0.0,0.0
Hydro,2012,8,172608.48,3,,,0.0,0.0,2012-08-01,0.0,0.0,0.0
Hydro,2012,9,171553.98,3,,,0.0,0.0,2012-09-01,0.0,0.0,0.0
Hydro,2012,10,200326.95,4,,,0.0,0.0,2012-10-01,0.0,0.0,0.0
Hydro,2012,11,151475.38,4,,,0.0,0.0,2012-11-01,0.0,0.0,0.0
Hydro,2012,12,254346.91,4,,,0.0,0.0,2012-12-01,0.0,0.0,0.0
Hydro,2013,1,307494.17,1,,,0.0,0.0,2013-01-01,0.0,0.0,0.0
Hydro,2013,2,289604.86,1,,,0.0,0.0,2013-02-01,0.0,0.0,0.0
Hydro,2013,3,322537.76,1,,,0.0,0.0,2013-03-01,0.0,0.0,0.0
Hydro,2013,4,290667.34,2,,,0.0,0.0,2013-04-01,0.0,0.0,0.0
Hydro,2013,5,301825.92,2,,,0.0,0.0,2013-05-01,0.0,0.0,0.0
Hydro,2013,6,238979.34,2,,,0.0,0.0,2013-06-01,0.0,0.0,0.0
Hydro,2013,7,323452.06,3,,,0.0,0.0,2013-07-01,0.0,0.0,0.0
Hydro,2013,8,281409.68,3,,,0.0,0.0,2013-08-01,0.0,0.0,0.0
Hydro,2013,9,200724.82,3,,,0.0,0.0,2013-09-01,0.0,0.0,0.0
Hydro,2013,10,180497.94,4,,,0.0,0.0,2013-10-01,0.0,0.0,0.0
Hydro,2013,11,170617.91,4,,,0.0,0.0,2013-11-01,0.0,0.0,0.0
Hydro,2013,12,367402.22,4,,,0.0,0.0,2013-12-01,0.0,0.0,0.0
Hydro,2014,1,389146.67,1,,,0.0,0.0,2014-01-01,0.0,0.0,0.0
Hydro,2014,2,293541.91,1,,,0.0,0.0,2014-02-01,0.0,0.0,0.0
Hydro,2014,3,249956.13,1,,,0.0,0.0,2014-03-01,0.0,0.0,0.0
Hydro,2014,4,192940.21,2,,,0.0,0.0,2014-04-01,0.0,0.0,0.0
Hydro,2014,5,249136.5,2,,,0.0,0.0,2014-05-01,0.0,0.0,0.0
Hydro,2014,6,234044.0,2,,,0.0,0.0,2014-06-01,0.0,0.0,0.0
Hydro,2014,7,199977.05,3,,,0.0,0.0,2014-07-01,0.0,0.0,0.0
Hydro,2014,8,233948.49,3,,,0.0,0.0,2014-08-01,0.0,0.0,0.0
Hydro,2014,9,212240.33,3,,,0.0,0.0,2014-09-01,0.0,0.0,0.0
Hydro,2014,10,250706.82,4,,,0.0,0.0,2014-10-01,0.0,0.0,0.0
Hydro,2014,11,302546.51,4,,,0.0,0.0,2014-11-01,0.0,0.0,0.0
Hydro,2014,12,335382.38,4,,,0.0,0.0,2014-12-01,0.0,0.0,0.0
Hydro,2015,1,356830.43,1,,,0.0,0.0,2015-01-01,0.0,0.0,0.0
Hydro,2015,2,288172.35,1,,,0.0,0.0,2015-02-01,0.0,0.0,0.0
Hydro,2015,3,340422.84,1,,,0.0,0.0,2015-03-01,0.0,0.0,0.0
Hydro,2015,4,374536.48,2,,,0.0,0.0,2015-04-01,0.0,0.0,0.0
Hydro,2015,5,203961.91,2,,,0.0,0.0,2015-05-01,0.0,0.0,0.0
Hydro,2015,6,181420.18,2,,,0.0,0.0,2015-06-01,0.0,0.0,0.0
Hydro,2015,7,335840.04,3,,,0.0,0.0,2015-07-01,0.0,0.0,0.0
Hydro,2015,8,287312.59,3,,,0.0,0.0,2015-08-01,0.0,0.0,0.0
Hydro,2015,9,187119.16,3,,,0.0,0.0,2015-09-01,0.0,0.0,0.0
Hydro,2015,10,224896.44,4,,,0.0,0.0,2015-10-01,0.0,0.0,0.0
Hydro,2015,11,258036.41,4,,,0.0,0.0,2015-11-01,0.0,0.0,0.0
Hydro,2015,12,364932.17,4,,,0.0,0.0,2015-12-01,0.0,0.0,0.0
Hydro,2016,1,379133.28,1,,,0.0,0.0,2016-01-01,0.0,0.0,0.0
Hydro,2016,2,406726.6,1,,,0.0,0.0,2016-02-01,0.0,0.0,0.0
Hydro,2016,3,314840.23,1,,,0.0,0.0,2016-03-01,0.0,0.0,0.0
Hydro,2016,4,243382.79,2,,,0.0,0.0,2016-04-01,0.0,0.0,0.0
Hydro,2016,5,280701.79,2,,,0.0,0.0,2016-05-01,0.0,0.0,0.0
Hydro,2016,6,214984.44,2,,,0.0,0.0,2016-06-01,0.0,0.0,0.0
Hydro,2016,7,334005.28,3,,,0.0,0.0,2016-07-01,0.0,0.0,0.0
Hydro,2016,8,366172.65,3,,,0.0,0.0,2016-08-01,0.0,0.0,0.0
Hydro,2016,9,208993.55,3,,,0.0,0.0,2016-09-01,0.0,0.0,0.0
Hydro,2016,10,205483.76,4,,,0.0,0.0,2016-10-01,0.0,0.0,0.0
Hydro,2016,11,186411.29,4,,,0.0,0.0,2016-11-01,0.0,0.0,0.0
Hydro,2016,12,309537.86,4,,,0.0,0.0,2016-12-01,0.0,0.0,0.0
Hydro,2017,1,386333.93,1,,,0.0,0.0,2017-01-01,0.0,0.0,0.0
Hydro,2017,2,339738.59,1,,,0.0,0.0,2017-02-01,0.0,0.0,0.0
Hydro,2017,3,416045.92,1,,,0.0,0.0,2017-03-01,0.0,0.0,0.0
Natural Gas,2001,1,22234.0,1,253000.0,228000.0,13426710.0,12099960.0,2001-01-01,12337664.4361,554.9008022,1223.33430853
Natural Gas,2001,2,20352.0,1,239000.0,216000.0,12683730.0,11463120.0,2001-02-01,11840555.2293,581.788287601,1282.61045885
Natural Gas,2001,3,32201.0,1,394000.0,371000.0,20909580.0,19688970.0,2001-03-01,20260257.2666,629.180996448,1387.09242477
Natural Gas,2001,4,31247.0,2,401000.0,380000.0,21281070.0,20166600.0,2001-04-01,20954883.6211,670.620655457,1478.45029702
Natural Gas,2001,5,38737.0,2,495000.0,473000.0,26269650.0,25102110.0,2001-05-01,26702642.2872,689.33170579,1519.70067858
Natural Gas,2001,6,47009.0,2,570000.0,547000.0,30249900.0,29029290.0,2001-06-01,29881649.8048,635.658061325,1401.371762
Natural Gas,2001,7,113659.0,3,1381000.0,1356000.0,73289670.0,71962920.0,2001-07-01,74848860.5158,658.538791612,1451.81461999
Natural Gas,2001,8,138910.0,3,1727000.0,1703000.0,91651890.0,90378210.0,2001-08-01,93271413.3377,671.45211531,1480.28333341
Natural Gas,2001,9,59888.0,3,735000.0,713000.0,39006450.0,37838910.0,2001-09-01,38485799.0744,642.629559752,1416.74112743
Natural Gas,2001,10,38526.0,4,445000.0,423000.0,23616150.0,22448610.0,2001-10-01,22486397.8561,583.668116496,1286.75472963
Natural Gas,2001,11,38703.0,4,439000.0,418000.0,23297730.0,22183260.0,2001-11-01,23388311.8744,604.302298902,1332.24484816
Natural Gas,2001,12,48961.0,4,562000.0,540000.0,29825340.0,28657800.0,2001-12-01,29323250.5025,598.910367487,1320.35779616
Natural Gas,2002,1,43473.0,1,686000.0,425000.0,36406020.0,22554750.0,2002-01-01,22025340.6569,506.644139048,1116.94766895
Natural Gas,2002,2,63719.0,1,943000.0,695000.0,50045010.0,36883650.0,2002-02-01,36083728.2554,566.294641401,1248.45316643
Natural Gas,2002,3,85507.0,1,1192000.0,922000.0,63259440.0,48930540.0,2002-03-01,47761509.537,558.568415884,1231.41992966
Natural Gas,2002,4,69822.0,2,982000.0,723000.0,52114740.0,38369610.0,2002-04-01,38134618.0336,546.169087588,1204.0843705
Natural Gas,2002,5,64522.0,2,887000.0,634000.0,47073090.0,33646380.0,2002-05-01,32846142.3386,509.068880981,1122.29325501
Natural Gas,2002,6,208470.0,2,2605000.0,2327000.0,138247350.0,123493890.0,2002-06-01,119491389.452,573.182661545,1263.63849564
Natural Gas,2002,7,421216.0,3,5137000.0,4813000.0,272620590.0,255425910.0,2002-07-01,257303899.845,610.859748549,1346.70140165
Natural Gas,2002,8,186010.0,3,2414000.0,2120000.0,128110980.0,112508400.0,2002-08-01,113839637.928,612.008160467,1349.23319057
Natural Gas,2002,9,122123.0,3,1602000.0,1349000.0,85018140.0,71591430.0,2002-09-01,72114337.7628,590.505783208,1301.82904966
Natural Gas,2002,10,39410.0,4,584000.0,363000.0,30992880.0,19264410.0,2002-10-01,19418306.9953,492.72537415,1086.26235985
Natural Gas,2002,11,34266.0,4,521000.0,318000.0,27649470.0,16876260.0,2002-11-01,17259807.7042,503.700685935,1110.45853221
Natural Gas,2002,12,35171.0,4,535000.0,306000.0,28392450.0,16239420.0,2002-12-01,16491613.5552,468.898056787,1033.73265599
Natural Gas,2003,1,63071.0,1,1361000.0,1011000.0,72228270.0,53653770.0,2003-01-01,54142849.6261,858.442860048,1892.52312926
Natural Gas,2003,2,26991.0,1,766000.0,486000.0,40651620.0,25792020.0,2003-02-01,25604806.109,948.642366308,2091.37696076
Natural Gas,2003,3,22978.0,1,677000.0,443000.0,35928390.0,23510010.0,2003-03-01,23314346.9127,1014.63778017,2236.87045016
Natural Gas,2003,4,28344.0,2,727000.0,480000.0,38581890.0,25473600.0,2003-04-01,25170904.7205,888.050547574,1957.79623718
Natural Gas,2003,5,36268.0,2,870000.0,599000.0,46170900.0,31788930.0,2003-05-01,31999010.3941,882.293216998,1945.10362619
Natural Gas,2003,6,25433.0,2,743000.0,472000.0,39431010.0,25049040.0,2003-06-01,24985956.7588,982.422709032,2165.84910433
Natural Gas,2003,7,50789.0,3,1101000.0,816000.0,58430070.0,43305120.0,2003-07-01,42939738.276,845.453509146,1863.88680626
Natural Gas,2003,8,92422.0,3,1618000.0,1326000.0,85867260.0,70370820.0,2003-08-01,69659680.3495,753.713188954,1661.63609637
Natural Gas,2003,9,24072.0,3,692000.0,447000.0,36724440.0,23722290.0,2003-09-01,23362986.266,970.546122714,2139.66598213
Natural Gas,2003,10,18830.0,4,613000.0,379000.0,32531910.0,20113530.0,2003-10-01,19462703.1456,1033.60080433,2278.67633324
Natural Gas,2003,11,20161.0,4,635000.0,389000.0,33699450.0,20644230.0,2003-11-01,20270105.9622,1005.41173365,2216.53070801
Natural Gas,2003,12,35045.0,4,997000.0,644000.0,52910790.0,34177080.0,2003-12-01,33509927.8681,956.197114228,2108.03215803
Natural Gas,2004,1,42176.73,1,710040.0,502220.0,37681822.8,26652815.4,2004-01-01,26299831.7822,623.562608629,1374.70612698
Natural Gas,2004,2,40080.06,1,575960.0,372660.0,30566197.2,19777066.2,2004-02-01,19421343.0005,484.563720724,1068.26917871
Natural Gas,2004,3,42991.2,1,617690.0,411640.0,32780808.3,21845734.8,2004-03-01,21838465.5383,507.975249313,1119.88223464
Natural Gas,2004,4,80506.42,2,1145790.0,749350.0,60807075.3,39768004.5,2004-04-01,38953207.6042,483.852189728,1066.70053747
Natural Gas,2004,5,71976.07,2,986340.0,639870.0,52345063.8,33957900.9,2004-05-01,33339514.6782,463.202765561,1021.17681696
Natural Gas,2004,6,74511.84,2,1088310.0,725510.0,57756611.7,38502815.7,2004-06-01,37584216.4596,504.405963664,1112.01338749
Natural Gas,2004,7,58224.43,3,915400.0,651750.0,48580278.0,34588372.5,2004-07-01,32377810.2835,556.086341824,1225.94794918
Natural Gas,2004,8,55151.19,3,899660.0,657650.0,47744956.2,34901485.5,2004-08-01,34348707.3229,622.809903519,1373.0467133
Natural Gas,2004,9,25128.74,3,398970.0,289270.0,21173337.9,15351558.9,2004-09-01,15087194.647,600.395986706,1323.63299229
Natural Gas,2004,10,11877.36,4,199620.0,161890.0,10593833.4,8591502.3,2004-10-01,8331522.67013,701.462502621,1546.44423328
Natural Gas,2004,11,22198.98,4,351460.0,263230.0,18651982.2,13969616.1,2004-11-01,13437789.7633,605.333657819,1334.51858203
Natural Gas,2004,12,55016.59,4,1036140.0,745470.0,54987949.8,39562092.9,2004-12-01,38621889.2297,702.004417753,1547.63893938
Natural Gas,2005,1,88137.98,1,1224180.0,1003690.0,64967232.6,53265828.3,2005-01-01,51513002.6555,584.458625617,1288.49748604
Natural Gas,2005,2,36418.99,1,573520.0,409300.0,30436706.4,21721551.0,2005-02-01,21173701.007,581.391768608,1281.73629307
Natural Gas,2005,3,62136.12,1,916540.0,706070.0,48640777.8,37471134.9,2005-03-01,36899671.8804,593.852205133,1309.20657144
Natural Gas,2005,4,50852.13,2,821690.0,593990.0,43607088.3,31523049.3,2005-04-01,31197140.649,613.48739274,1352.49430603
Natural Gas,2005,5,123153.58,2,1621130.0,1454410.0,86033369.1,77185538.7,2005-05-01,74650326.6313,606.156366963,1336.33232661
Natural Gas,2005,6,306390.6,2,3768170.0,3498730.0,199976781.9,185677601.1,2005-06-01,182702555.65,596.306008244,1314.61622578
Natural Gas,2005,7,253547.33,3,3248560.0,2891970.0,172401079.2,153476847.9,2005-07-01,150952604.38,595.362626692,1312.53644681
Natural Gas,2005,8,307727.44,3,4015650.0,3623120.0,213110545.5,192278978.4,2005-08-01,186643384.965,606.521748484,1337.13784671
Natural Gas,2005,9,179809.43,3,2311370.0,2074660.0,122664405.9,110102206.2,2005-09-01,106800413.502,593.964473954,1309.45407928
Natural Gas,2005,10,63518.58,4,870420.0,686270.0,46193189.4,36420348.9,2005-10-01,35992839.6449,566.650571296,1249.23784948
Natural Gas,2005,11,73377.2,4,1023200.0,863950.0,54301224.0,45849826.5,2005-11-01,45511079.7622,620.234620048,1367.36924336
Natural Gas,2005,12,108982.84,4,1383730.0,1182420.0,73434551.1,62751029.4,2005-12-01,61353705.6084,562.966661618,1241.1163022
Natural Gas,2006,1,34574.76,1,639910.0,443380.0,33960023.7,23530176.6,2006-01-01,23074124.1894,667.369034214,1471.28177283
Natural Gas,2006,2,44060.96,1,740310.0,516540.0,39288251.7,27412777.8,2006-02-01,27070362.4206,614.384308028,1354.47164548
Natural Gas,2006,3,58069.59,1,892410.0,689120.0,47360198.7,36571598.4,2006-03-01,35502676.6649,611.381562448,1347.85179257
Natural Gas,2006,4,30576.82,2,469670.0,309370.0,24925386.9,16418265.9,2006-04-01,15996087.3267,523.144242166,1153.32379628
Natural Gas,2006,5,100459.4,2,1352570.0,1192340.0,71780889.9,63277483.8,2006-05-01,61012123.3134,607.331153813,1338.9222617
Natural Gas,2006,6,136258.75,2,1850380.0,1643400.0,98199666.6,87215238.0,2006-06-01,84887801.4899,622.989727191,1373.44315257
Natural Gas,2006,7,324917.24,3,3786120.0,3508190.0,200929388.4,186179643.3,2006-07-01,182458216.45,561.552894053,1237.99951023
Natural Gas,2006,8,302691.49,3,4164760.0,3900820.0,221023813.2,207016517.4,2006-08-01,202450317.814,668.833860556,1474.51112898
Natural Gas,2006,9,33058.17,3,606920.0,381410.0,32209244.4,20241428.7,2006-09-01,19221387.3499,581.441360787,1281.84562399
Natural Gas,2006,10,29451.25,4,522940.0,293980.0,27752425.8,15601518.6,2006-10-01,14843066.9796,503.987673854,1111.09122578
Natural Gas,2006,11,34934.57,4,593890.0,405750.0,31517742.3,21533152.5,2006-11-01,20534524.6625,587.799553923,1295.86289658
Natural Gas,2006,12,47585.03,4,734210.0,552410.0,38964524.7,29316398.7,2006-12-01,28131200.7375,591.177534984,1303.30999363
Natural Gas,2007,1,36773.76,1,507110.0,446890.0,26912327.7,23716452.3,2007-01-01,22953049.8686,624.16924102,1376.04350875
Natural Gas,2007,2,138695.71,1,1701250.0,1491270.0,90285337.5,79141698.9,2007-02-01,77528704.1893,558.984154515,1232.33646704
Natural Gas,2007,3,67445.87,1,897260.0,793140.0,47617588.2,42091939.8,2007-03-01,41310234.3142,612.494646657,1350.30569802
Natural Gas,2007,4,113512.64,2,1832870.0,1675530.0,97270410.9,88920377.1,2007-04-01,86935936.0748,765.870092307,1688.4372055
Natural Gas,2007,5,117890.69,2,1518330.0,1365050.0,80577773.1,72443203.5,2007-05-01,70074809.3308,594.404946912,1310.42514596
Natural Gas,2007,6,136346.97,2,2011060.0,1841940.0,106726954.2,97751755.8,2007-06-01,94789607.0537,695.208753474,1532.65721791
Natural Gas,2007,7,112214.38,3,1438630.0,1290310.0,76348094.1,68476751.7,2007-07-01,66082076.955,588.891343115,1298.26985503
Natural Gas,2007,8,617442.0,3,7818740.0,7175850.0,414940531.8,380822359.5,2007-08-01,371942484.461,602.392588229,1328.03470001
Natural Gas,2007,9,190212.68,3,2456170.0,2226120.0,130348941.9,118140188.4,2007-09-01,115809566.566,608.842515475,1342.25420962
Natural Gas,2007,10,141591.44,4,1819090.0,1646250.0,96539106.3,87366487.5,2007-10-01,85794272.2,605.928382394,1335.82971182
Natural Gas,2007,11,54833.49,4,727510.0,646760.0,38608955.7,34323553.2,2007-11-01,33252659.9161,606.429755175,1336.93503826
Natural Gas,2007,12,69377.83,4,945160.0,842600.0,50159641.2,44716782.0,2007-12-01,42100642.5838,606.831354971,1337.82040517
Natural Gas,2008,1,136246.09,1,1882940.0,1568970.0,99927625.8,83265237.9,2008-01-01,79925490.5435,586.625939457,1293.27554613
Natural Gas,2008,2,99449.24,1,1370430.0,1108320.0,72728720.1,58818542.4,2008-02-01,56426433.4364,567.389287605,1250.86642345
Natural Gas,2008,3,65659.48,1,960940.0,769300.0,50997085.8,40826751.0,2008-03-01,39015157.8265,594.204489992,1309.98321864
Natural Gas,2008,4,25101.31,2,389240.0,319850.0,20656966.8,16974439.5,2008-04-01,16452593.6215,655.447608969,1444.99979873
Natural Gas,2008,5,22671.84,2,366250.0,303930.0,19436887.5,16129565.1,2008-05-01,15743115.8773,694.390745406,1530.85383732
Natural Gas,2008,6,189941.94,2,2578030.0,2172980.0,136816052.1,115320048.6,2008-06-01,113097641.522,595.432696551,1312.69092282
Natural Gas,2008,7,145728.74,3,1949230.0,1639890.0,103445636.1,87028962.3,2008-07-01,84218781.3899,577.914702275,1274.07075263
Natural Gas,2008,8,149338.59,3,1984880.0,1645340.0,105337581.6,87318193.8,2008-08-01,85058264.5189,569.566543509,1255.66640182
Natural Gas,2008,9,68605.7,3,967700.0,797970.0,51355839.0,42348267.9,2008-09-01,40881821.493,595.895406549,1313.71101328
Natural Gas,2008,10,7151.36,4,130850.0,94430.0,6944209.5,5011400.1,2008-10-01,4797495.65789,670.850811299,1478.95769859
Natural Gas,2008,11,22077.5,4,389410.0,267600.0,20665988.7,14201532.0,2008-11-01,13376685.7905,605.896763242,1335.76000424
Natural Gas,2008,12,46720.56,4,699510.0,536170.0,37122995.7,28454541.9,2008-12-01,26310730.319,563.151005019,1241.52270566
Natural Gas,2009,1,115770.67,1,1599950.0,1315980.0,84909346.5,69839058.6,2009-01-01,64726941.6254,559.096199628,1232.5834817
Natural Gas,2009,2,85697.64,1,1153650.0,967720.0,61224205.5,51356900.4,2009-02-01,47967644.4675,559.73121859,1233.9834445
Natural Gas,2009,3,48299.95,1,678200.0,558330.0,35992074.0,29630573.1,2009-03-01,28379664.9829,587.571311832,1295.35971407
Natural Gas,2009,4,48063.66,2,668260.0,560700.0,35464558.2,29756349.0,2009-04-01,28455065.7976,592.028692729,1305.18645599
Natural Gas,2009,5,18903.87,2,293710.0,219970.0,15587189.7,11673807.9,2009-05-01,11248349.1831,595.028911176,1311.80073758
Natural Gas,2009,6,88587.09,2,1182000.0,1001980.0,62728740.0,53175078.6,2009-06-01,51321512.3315,579.333990218,1277.19971484
Natural Gas,2009,7,45202.54,3,725050.0,602420.0,38478403.5,31970429.4,2009-07-01,30575882.6073,676.419568619,1491.23458098
Natural Gas,2009,8,151311.91,3,2013840.0,1694310.0,106874488.8,89917031.7,2009-08-01,87060764.9773,575.37285054,1268.4669863
Natural Gas,2009,9,98873.49,3,1358360.0,1181950.0,72088165.2,62726086.5,2009-09-01,61307737.9705,620.062445156,1366.98966659
Natural Gas,2009,10,29074.5,4,449870.0,395760.0,23874600.9,21002983.2,2009-10-01,20281795.7938,697.58020925,1537.88532931
Natural Gas,2009,11,44852.4,4,647720.0,565540.0,34374500.4,30013207.8,2009-11-01,29405533.2839,655.606685124,1445.35049803
Natural Gas,2009,12,103792.33,4,1478590.0,1197070.0,78468771.3,63528504.9,2009-12-01,60173097.8721,579.745130224,1278.10611409
Natural Gas,2010,1,188810.88,1,2576800.0,2327730.0,136750776.0,123532631.1,2010-01-01,118224394.206,626.152445274,1380.41568085
Natural Gas,2010,2,45658.17,1,621980.0,500460.0,33008478.6,26559412.2,2010-02-01,25360058.4897,555.43309094,1224.50779229
Natural Gas,2010,3,26153.52,1,383690.0,313290.0,20362428.3,16626300.3,2010-03-01,16170902.7329,618.306932793,1363.11946403
Natural Gas,2010,4,33162.76,2,470550.0,419920.0,24972088.5,22285154.4,2010-04-01,21584800.2677,650.874663861,1434.91828395
Natural Gas,2010,5,136409.3,2,1746970.0,1566250.0,92711697.9,83120887.5,2010-05-01,79921780.5338,585.89685992,1291.66821738
Natural Gas,2010,6,226653.64,2,2915830.0,2648120.0,154743098.1,140535728.4,2010-06-01,136410774.611,601.846829423,1326.83152015
Natural Gas,2010,7,342318.33,3,4370950.0,3944180.0,231966316.5,209317632.6,2010-07-01,205015271.131,598.902405054,1320.34024218
Natural Gas,2010,8,382997.7,3,4875050.0,4375880.0,258718903.5,232227951.6,2010-08-01,227145304.36,593.072241322,1307.48706322
Natural Gas,2010,9,137297.47,3,1749090.0,1589080.0,92824206.3,84332475.6,2010-09-01,82833821.153,603.316442415,1330.07142895
Natural Gas,2010,10,18976.03,4,271410.0,233310.0,14403728.7,12381761.7,2010-10-01,12073615.5712,636.256138465,1402.69028286
Natural Gas,2010,11,44880.17,4,626970.0,527140.0,33273297.9,27975319.8,2010-11-01,27731520.8155,617.901420952,1362.22547263
Natural Gas,2010,12,257390.54,4,3392550.0,2951890.0,180042628.5,156656802.3,2010-12-01,153326174.313,595.694675929,1313.26848255
Natural Gas,2011,1,98329.3,1,1355530.0,1109110.0,71937977.1,58860467.7,2011-01-01,58795363.0706,597.943472298,1318.22617903
Natural Gas,2011,2,47142.32,1,698820.0,555710.0,37086377.4,29491529.7,2011-02-01,29446179.2681,624.623040787,1377.04395572
Natural Gas,2011,3,52229.03,1,760670.0,587110.0,40368756.9,31157927.7,2011-03-01,30144079.8076,577.151821652,1272.38890601
Natural Gas,2011,4,97810.14,2,1414880.0,1111970.0,75087681.6,59012247.9,2011-04-01,56988685.0784,582.645982087,1284.50133211
Natural Gas,2011,5,184062.35,2,2513820.0,2108770.0,133408427.4,111912423.9,2011-05-01,108477334.424,589.351023848,1299.28326718
Natural Gas,2011,6,195008.29,2,2599770.0,2232800.0,137969793.9,118494696.0,2011-06-01,114691967.669,588.138933318,1296.61109239
Natural Gas,2011,7,347177.91,3,4502700.0,3967500.0,238958289.0,210555225.0,2011-07-01,202789719.596,584.108935953,1287.7265602
Natural Gas,2011,8,246980.41,3,3209580.0,2811130.0,170332410.6,149186669.1,2011-08-01,146283825.507,592.289184015,1305.76073508
Natural Gas,2011,9,83512.23,3,1096810.0,962750.0,58207706.7,51093142.5,2011-09-01,50185129.2593,600.931495415,1324.81357479
Natural Gas,2011,10,79524.08,4,1037370.0,894710.0,55053225.9,47482259.7,2011-10-01,45449369.5158,571.51707402,1259.96654139
Natural Gas,2011,11,63115.1,4,879700.0,742750.0,46685679.0,39417742.5,2011-11-01,37795565.0296,598.835540618,1320.19283285
Natural Gas,2011,12,50614.29,4,722530.0,585580.0,38344667.1,31076730.6,2011-12-01,29681641.9054,586.428099761,1292.83938873
Natural Gas,2012,1,109412.64,1,1399770.0,1222550.0,74285793.9,64880728.5,2012-01-01,62943987.3055,575.289905312,1268.28412525
Natural Gas,2012,2,77794.47,1,989020.0,866700.0,52487291.4,45995769.0,2012-02-01,44874009.0761,576.827749788,1271.67445718
Natural Gas,2012,3,217374.23,1,2505080.0,2344510.0,132944595.6,124423145.7,2012-03-01,122237715.859,562.337660076,1239.7296054
Natural Gas,2012,4,605107.05,2,7017310.0,6576980.0,372408641.7,349040328.6,2012-04-01,335708301.499,554.791588528,1223.09353607
Natural Gas,2012,5,526912.87,2,6091720.0,5697780.0,323287580.4,302381184.6,2012-05-01,297634798.65,564.865304297,1245.30204985
Natural Gas,2012,6,294157.25,2,3865390.0,3586690.0,205136247.3,190345638.3,2012-06-01,188493581.228,640.791893548,1412.68980852
Natural Gas,2012,7,486442.03,3,6306890.0,5933090.0,334706652.3,314869086.3,2012-07-01,304911329.694,626.819458207,1381.88617756
Natural Gas,2012,8,245395.89,3,3054910.0,2867360.0,162124073.7,152170795.2,2012-08-01,147164893.916,599.703988181,1322.10741234
Natural Gas,2012,9,135647.43,3,1714540.0,1581660.0,90990637.8,83938696.2,2012-09-01,81047291.8897,597.484905462,1317.21522258
Natural Gas,2012,10,80821.35,4,1099200.0,1004630.0,58334544.0,53315714.1,2012-10-01,50953983.2621,630.452018707,1389.89452044
Natural Gas,2012,11,114761.53,4,1563100.0,1445100.0,82953717.0,76691457.0,2012-11-01,73107085.505,637.034775547,1404.40686617
Natural Gas,2012,12,54835.35,4,728790.0,662370.0,38676885.3,35151975.9,2012-12-01,33679414.4341,614.191656187,1354.04692523
Natural Gas,2013,1,112723.97,1,1565510.0,1312360.0,83081615.7,69646945.2,2013-01-01,66933871.7193,593.785613826,1309.05976424
Natural Gas,2013,2,82092.96,1,1112670.0,935890.0,59049396.9,49667682.3,2013-02-01,47509379.8802,578.726603112,1275.86066922
Natural Gas,2013,3,205609.44,1,2717400.0,2328010.0,144212418.0,123547490.7,2013-03-01,118143144.678,574.599807663,1266.76273597
Natural Gas,2013,4,142951.8,2,2003850.0,1679250.0,106344319.5,89117797.5,2013-04-01,85674943.9037,599.327492929,1321.27739091
Natural Gas,2013,5,167068.19,2,2225060.0,1919110.0,118083934.2,101847167.7,2013-05-01,98125347.5708,587.337108104,1294.84338853
Natural Gas,2013,6,87330.4,2,1226500.0,1038800.0,65090355.0,55129116.0,2013-06-01,53151537.8372,608.625837478,1341.7765213
Natural Gas,2013,7,266996.12,3,3628200.0,3090840.0,192548574.0,164030878.8,2013-07-01,158330405.712,593.006391673,1307.34189108
Natural Gas,2013,8,111799.12,3,1566390.0,1325020.0,83128317.3,70318811.4,2013-08-01,68713592.7147,614.616579404,1354.98371095
Natural Gas,2013,9,64126.94,3,893880.0,785200.0,47438211.6,41670564.0,2013-09-01,40851018.6135,637.033649407,1404.40438348
Natural Gas,2013,10,68473.98,4,965100.0,818320.0,51217857.0,43428242.4,2013-10-01,42064054.0744,614.307129138,1354.3014969
Natural Gas,2013,11,55359.31,4,828870.0,671910.0,43988130.9,35658263.7,2013-11-01,34148770.4322,616.856865308,1359.92264526
Natural Gas,2013,12,53813.91,4,835940.0,644500.0,44363335.8,34203615.0,2013-12-01,32855630.5663,610.541597262,1346.00000532
Natural Gas,2014,1,562241.1,1,7416460.0,6753900.0,393591532.2,358429473.0,2014-01-01,340354348.141,605.353020511,1334.56126902
Natural Gas,2014,2,308795.07,1,4013990.0,3578170.0,213022449.3,189893481.9,2014-02-01,180822417.129,585.574171017,1290.95681742
Natural Gas,2014,3,394446.36,1,5039380.0,4570450.0,267439896.6,242553781.5,2014-03-01,235649547.716,597.41848731,1317.06879712
Natural Gas,2014,4,356756.67,2,4534830.0,4124080.0,240663428.1,218864925.6,2014-04-01,210988360.122,591.406910829,1303.81567561
Natural Gas,2014,5,135703.24,2,1781860.0,1619960.0,94563310.2,85971277.2,2014-05-01,83443092.5539,614.89388576,1355.59506055
Natural Gas,2014,6,106779.64,2,1439970.0,1240150.0,76419207.9,65814760.5,2014-06-01,64093180.6923,600.237842086,1323.28434666
Natural Gas,2014,7,119690.46,3,1577710.0,1412270.0,83729069.7,74949168.9,2014-07-01,72698879.3287,607.390758868,1339.053667
Natural Gas,2014,8,95457.13,3,1288420.0,1153560.0,68376449.4,61219429.2,2014-08-01,60056756.2702,629.148983111,1387.02184817
Natural Gas,2014,9,61491.39,3,896040.0,753950.0,47552842.8,40012126.5,2014-09-01,39069983.0671,635.373229766,1400.74382234
Natural Gas,2014,10,43423.64,4,671170.0,528910.0,35618991.9,28069253.7,2014-10-01,27606327.1212,635.744196508,1401.56165562
Natural Gas,2014,11,185305.46,4,2550240.0,2268220.0,135341236.8,120374435.4,2014-11-01,116499117.779,628.686913917,1386.00317042
Natural Gas,2014,12,129509.13,4,1758120.0,1514210.0,93303428.4,80359124.7,2014-12-01,78821375.0451,608.616358129,1341.75562313
Natural Gas,2015,1,212025.14,1,2617840.0,2440590.0,138928768.8,129522111.3,2015-01-01,126904047.02,598.533018397,1319.52589236
Natural Gas,2015,2,520840.71,1,6133840.0,5873340.0,325522888.8,311698153.8,2015-02-01,305472065.824,586.498059692,1292.9936224
Natural Gas,2015,3,305438.7,1,3495450.0,3298080.0,185503531.5,175029105.6,2015-03-01,171668925.524,562.040519174,1239.07452857
Natural Gas,2015,4,323405.07,2,3722240.0,3490420.0,197539276.8,185236589.4,2015-04-01,178360972.658,551.509513001,1215.85787236
Natural Gas,2015,5,323026.51,2,3871040.0,3622240.0,205436092.8,192232276.8,2015-05-01,189618322.525,587.005452044,1294.11221958
Natural Gas,2015,6,398325.24,2,4063900.0,3848610.0,215671173.0,204245732.7,2015-06-01,203036770.673,509.726098887,1123.74215761
Natural Gas,2015,7,754901.45,3,6996030.0,6609130.0,371279312.1,350746529.1,2015-07-01,342059339.961,453.117873811,998.943664604
Natural Gas,2015,8,593093.46,3,5388470.0,5013540.0,285966102.9,266068567.8,2015-08-01,261696878.532,441.240539951,972.758894375
Natural Gas,2015,9,601763.56,3,5402490.0,5118650.0,286710144.3,271646755.5,2015-09-01,268493787.168,446.178208544,983.644478557
Natural Gas,2015,10,781418.22,4,6756030.0,6429240.0,358542512.1,341199766.8,2015-10-01,342407467.432,438.187207142,966.027516865
Natural Gas,2015,11,635057.57,4,5841800.0,5573710.0,310024326.0,295796789.7,2015-11-01,298299985.839,469.72117164,1035.547295
Natural Gas,2015,12,500431.17,4,3745030.0,3513650.0,198748742.1,186469405.5,2015-12-01,182408218.441,364.50211213,803.581356401
Natural Gas,2016,1,696719.03,1,6104520.0,5766440.0,323966876.4,306024970.8,2016-01-01,297498859.344,426.999761072,941.363673259
Natural Gas,2016,2,490903.88,1,4193120.0,3907070.0,222528878.4,207348204.9,2016-02-01,201936561.406,411.35662119,906.876807077
Natural Gas,2016,3,752202.14,1,6602290.0,6305940.0,350383530.3,334656235.8,2016-03-01,324713998.582,431.68449186,951.691630754
Natural Gas,2016,4,581278.19,2,4937270.0,4681450.0,262020918.9,248444551.5,2016-04-01,240031740.59,412.937806234,910.362687623
Natural Gas,2016,5,648165.95,2,5421360.0,5176070.0,287711575.2,274694034.9,2016-05-01,271330285.088,418.612370934,922.87283296
Natural Gas,2016,6,815265.12,2,7410340.0,7116920.0,393266743.8,377694944.4,2016-06-01,371369714.373,455.5201802,1004.23978927
Natural Gas,2016,7,941510.0,3,8833660.0,8558860.0,468802336.2,454218700.2,2016-07-01,444789184.816,472.421094641,1041.49954525
Natural Gas,2016,8,901480.01,3,8444030.0,8183210.0,448124672.1,434282954.7,2016-08-01,429073255.746,475.965358063,1049.31322838
Natural Gas,2016,9,682963.34,3,6095310.0,5828230.0,323478101.7,309304166.1,2016-09-01,307382233.433,450.071351462,992.227301434
Natural Gas,2016,10,600167.05,4,5195970.0,4967240.0,275750127.9,263611426.8,2016-10-01,261460849.654,435.646791429,960.426916385
Natural Gas,2016,11,473884.38,4,4831430.0,4618210.0,256403990.1,245088404.7,2016-11-01,242270509.406,511.243922845,1127.0883523
Natural Gas,2016,12,670873.35,4,6002510.0,5699210.0,318553205.7,302457074.7,2016-12-01,297059271.074,442.794859974,976.185548299
Natural Gas,2017,1,213818.89,1,3092110.0,2674720.0,164098277.7,141947390.4,2017-01-01,139353160.524,651.734561545,1436.81401438
Natural Gas,2017,2,178816.08,1,2407830.0,2046280.0,127783538.1,108596079.6,2017-02-01,106008447.389,592.835092844,1306.96424568
Natural Gas,2017,3,523855.43,1,5415640.0,5002180.0,287408014.8,265465692.6,2017-03-01,258385378.553,493.237950312,1087.39238526
Other,2001,1,7214.0,1,112000.0,112000.0,8509200.0,8509200.0,2001-01-01,8676363.74168,1202.71191318,2651.4986838
Other,2001,2,6968.0,1,80000.0,80000.0,6078000.0,6078000.0,2001-02-01,6278124.51439,900.993759241,1986.33084162
Other,2001,3,8794.0,1,90000.0,90000.0,6837750.0,6837750.0,2001-03-01,7036151.41497,800.108189102,1763.9185137
Other,2001,4,16197.0,2,176000.0,176000.0,13371600.0,13371600.0,2001-04-01,13894276.7659,857.830262759,1891.17259728
Other,2001,5,9572.0,2,97000.0,97000.0,7369575.0,7369575.0,2001-05-01,7839465.4885,818.99973762,1805.56682156
Other,2001,6,11066.0,2,115000.0,115000.0,8737125.0,8737125.0,2001-06-01,8993665.00355,812.72953222,1791.74352673
Other,2001,7,10458.0,3,107000.0,107000.0,8129325.0,8129325.0,2001-07-01,8455336.62354,808.504171308,1782.42829607
Other,2001,8,10133.0,3,101000.0,101000.0,7673475.0,7673475.0,2001-08-01,7919119.64688,781.517778238,1722.9340939
Other,2001,9,9468.0,3,89000.0,89000.0,6761775.0,6761775.0,2001-09-01,6877373.42425,726.38080104,1601.37911397
Other,2001,10,6938.0,4,69000.0,69000.0,5242275.0,5242275.0,2001-10-01,5251099.34741,756.860672731,1668.5750391
Other,2001,11,13433.0,4,132000.0,132000.0,10028700.0,10028700.0,2001-11-01,10573484.8392,787.127584251,1735.30147224
Other,2001,12,13319.0,4,152000.0,152000.0,11548200.0,11548200.0,2001-12-01,11816355.8073,887.18040448,1955.87791972
Other,2002,1,221363.0,1,2622000.0,2622000.0,261462325.0,261462325.0,2002-01-01,255325232.027,1153.42325514,2542.83690827
Other,2002,2,326245.0,1,3998000.0,3998000.0,406001300.0,406001300.0,2002-02-01,397196063.311,1217.47785655,2684.05168256
Other,2002,3,286455.0,1,4244000.0,4244000.0,430281900.0,430281900.0,2002-03-01,420001763.121,1466.20503437,3232.39561877
Other,2002,4,373225.0,2,4380000.0,4380000.0,438733500.0,438733500.0,2002-04-01,436046507.667,1168.32073861,2575.67990033
Other,2002,5,261130.0,2,3163000.0,3163000.0,318135300.0,318135300.0,2002-05-01,310568844.159,1189.32655826,2621.98933035
Other,2002,6,125874.0,2,3952000.0,3952000.0,400860575.0,400860575.0,2002-06-01,387868477.407,3081.40265192,6793.26028642
Other,2002,7,248767.0,3,3101000.0,3101000.0,313085225.0,313085225.0,2002-07-01,315387148.376,1267.80138996,2794.9949443
Other,2002,8,334552.0,3,4147000.0,4147000.0,421475450.0,421475450.0,2002-08-01,426462491.9,1274.72707352,2810.26330628
Other,2002,9,296499.0,3,3650000.0,3650000.0,368850750.0,368850750.0,2002-09-01,371544856.27,1253.10660835,2762.59882878
Other,2002,10,200609.0,4,2579000.0,2579000.0,260024150.0,260024150.0,2002-10-01,262101396.87,1306.52860475,2880.37296203
Other,2002,11,156772.0,4,2053000.0,2053000.0,204961050.0,204961050.0,2002-11-01,209619211.239,1337.09598167,2947.7618012
Other,2002,12,237006.0,4,2608000.0,2608000.0,260294175.0,260294175.0,2002-12-01,264336469.208,1115.3155161,2458.82458678
Other,2003,1,24968.0,1,283000.0,283000.0,21500925.0,21500925.0,2003-01-01,21696916.1551,868.988952064,1915.77304372
Other,2003,2,25525.0,1,306000.0,306000.0,24032100.0,24032100.0,2003-02-01,23857660.6599,934.67818452,2060.59152559
Other,2003,3,23654.0,1,273000.0,273000.0,22073550.0,22073550.0,2003-03-01,21889841.9139,925.418192015,2040.17694612
Other,2003,4,341583.0,2,3836000.0,3836000.0,389408850.0,389408850.0,2003-04-01,384781619.428,1126.46595243,2483.40683872
Other,2003,5,237904.0,2,2663000.0,2663000.0,267738425.0,267738425.0,2003-05-01,269507801.756,1132.8426666,2497.4649428
Other,2003,6,307215.0,2,3419000.0,3419000.0,345291775.0,345291775.0,2003-06-01,344422195.794,1121.11126017,2471.60188418
Other,2003,7,344853.0,3,3894000.0,3894000.0,395409025.0,395409025.0,2003-07-01,392072809.069,1136.92735476,2506.47004629
Other,2003,8,339464.0,3,3848000.0,3848000.0,390059300.0,390059300.0,2003-08-01,386117515.12,1137.43287983,2507.58452688
Other,2003,9,322053.0,3,3719000.0,3719000.0,377123525.0,377123525.0,2003-09-01,371411517.823,1153.26209606,2542.48161698
Other,2003,10,236145.0,4,2677000.0,2677000.0,270709200.0,270709200.0,2003-10-01,261949682.546,1109.27473606,2445.50708311
Other,2003,11,393575.0,4,5023000.0,5023000.0,509739425.0,509739425.0,2003-11-01,500501697.465,1271.68061352,2803.54708056
Other,2003,12,369644.0,4,4305000.0,4305000.0,436457750.0,436457750.0,2003-12-01,427937896.391,1157.702807,2552.27160831
Other,2004,1,400054.46,1,4666890.0,4666890.0,471848101.5,471848101.5,2004-01-01,465599056.234,1163.83918388,2565.79986478
Other,2004,2,333043.43,1,3767820.0,3767820.0,383343759.5,383343759.5,2004-02-01,376448688.852,1130.3291251,2491.9235892
Other,2004,3,340463.24,1,3891400.0,3891400.0,393208486.25,393208486.25,2004-03-01,393077644.444,1154.5376953,2545.29380306
Other,2004,4,452853.81,2,5131050.0,5131050.0,520938791.25,520938791.25,2004-04-01,510265404.054,1126.77732369,2484.09328781
Other,2004,5,317869.56,2,3527330.0,3527330.0,356671515.5,356671515.5,2004-05-01,350176392.273,1101.63550191,2428.66562751
Other,2004,6,199741.5,2,2284210.0,2284210.0,228750988.5,228750988.5,2004-06-01,223293452.981,1117.91216638,2464.549162
Other,2004,7,221642.88,3,2477470.0,2477470.0,249399038.25,249399038.25,2004-07-01,233459806.336,1053.31516328,2322.13860896
Other,2004,8,251414.18,3,2891480.0,2891480.0,293514929.25,293514929.25,2004-08-01,288866168.739,1148.96529997,2533.0089003
Other,2004,9,227536.63,3,2589050.0,2589050.0,261972728.75,261972728.75,2004-09-01,257461380.737,1131.51619032,2494.54059319
Other,2004,10,380792.37,4,4167770.0,4167770.0,422558904.5,422558904.5,2004-10-01,409772234.165,1076.10410935,2372.37911947
Other,2004,11,195537.21,4,2187350.0,2187350.0,219366317.5,219366317.5,2004-11-01,211014993.87,1079.15518417,2379.10551902
Other,2004,12,317378.73,4,3636300.0,3636300.0,368171462.5,368171462.5,2004-12-01,359421769.676,1132.46961974,2496.64252368
Other,2005,1,386984.04,1,4172920.0,4172920.0,419936657.0,419936657.0,2005-01-01,406117745.984,1049.44313978,2313.60234597
Other,2005,2,302809.68,1,3388140.0,3388140.0,343439642.75,343439642.75,2005-02-01,334777581.47,1105.5709364,2437.3416864
Other,2005,3,321240.73,1,3527930.0,3527930.0,356966071.75,356966071.75,2005-03-01,351522070.393,1094.26370184,2412.41375708
Other,2005,4,267547.54,2,2942600.0,2942600.0,297188726.25,297188726.25,2005-04-01,294116168.898,1099.30432886,2423.52632341
Other,2005,5,313439.19,2,3436940.0,3436940.0,346601994.0,346601994.0,2005-05-01,335217613.285,1069.48213236,2357.78030899
Other,2005,6,306356.19,2,3401450.0,3401450.0,345225476.25,345225476.25,2005-06-01,339694052.554,1108.82059394,2444.50588141
Other,2005,7,306797.34,3,3532480.0,3532480.0,359001784.25,359001784.25,2005-07-01,353097258.974,1150.91369102,2537.30432322
Other,2005,8,286243.57,3,3249250.0,3249250.0,328900800.0,328900800.0,2005-08-01,319260894.46,1115.34695595,2458.89389909
Other,2005,9,304772.42,3,3407930.0,3407930.0,345782323.0,345782323.0,2005-09-01,335412852.772,1100.53545125,2426.24045582
Other,2005,10,366226.19,4,4121470.0,4121470.0,418842450.75,418842450.75,2005-10-01,413925995.265,1130.24684353,2491.74219124
Other,2005,11,261385.53,4,2931620.0,2931620.0,296561169.5,296561169.5,2005-11-01,294370122.414,1126.19134814,2482.8014461
Other,2005,12,278846.58,4,3132400.0,3132400.0,317694077.5,317694077.5,2005-12-01,310619747.45,1113.9449781,2455.80309871
Other,2006,1,281369.98,1,3165990.0,3165990.0,320342479.0,320342479.0,2006-01-01,314133730.028,1116.44365909,2461.31169082
Other,2006,2,256931.36,1,2906520.0,2906520.0,294889583.25,294889583.25,2006-02-01,291206091.951,1133.40034455,2498.6943996
Other,2006,3,237512.23,1,2677670.0,2677670.0,271398598.25,271398598.25,2006-03-01,263466107.65,1109.27385781,2445.50514693
Other,2006,4,270365.09,2,2959800.0,2959800.0,298547485.0,298547485.0,2006-04-01,290870647.992,1075.84395601,2371.80558542
Other,2006,5,258208.32,2,2884180.0,2884180.0,291387325.5,291387325.5,2006-05-01,280955536.91,1088.0963747,2398.81726767
Other,2006,6,277511.51,2,3066880.0,3066880.0,309227985.5,309227985.5,2006-06-01,300975889.652,1084.55281603,2391.00513823
Other,2006,7,275767.01,3,3036020.0,3036020.0,307770079.5,307770079.5,2006-07-01,301618258.51,1093.74307866,2411.26599121
Other,2006,8,282997.82,3,3110790.0,3110790.0,315793359.0,315793359.0,2006-08-01,308827849.565,1091.27289237,2405.82021851
Other,2006,9,251242.23,3,2835610.0,2835610.0,287496318.5,287496318.5,2006-09-01,273008302.994,1086.63381548,2395.59290961
Other,2006,10,328011.59,4,3698770.0,3698770.0,375435809.5,375435809.5,2006-10-01,357184387.611,1088.93831346,2400.67340586
Other,2006,11,329080.76,4,3742790.0,3742790.0,380005491.5,380005491.5,2006-11-01,362382244.638,1101.19547748,2427.69554966
Other,2006,12,317391.1,4,3587030.0,3587030.0,364653894.25,364653894.25,2006-12-01,349911733.834,1102.46233695,2430.48846804
Other,2007,1,291181.41,1,3209400.0,3209400.0,325159200.0,325159200.0,2007-01-01,314692738.966,1080.74460855,2382.609564
Other,2007,2,194499.42,1,2160100.0,2160100.0,217170076.25,217170076.25,2007-02-01,212743911.672,1093.80229346,2411.39653615
Other,2007,3,207980.66,1,2310460.0,2310460.0,231912074.75,231912074.75,2007-03-01,227605147.06,1094.35726889,2412.620035
Other,2007,4,188154.84,2,2096780.0,2096780.0,210691780.5,210691780.5,2007-04-01,205989760.26,1094.78852768,2413.57078813
Other,2007,5,191947.97,2,2138530.0,2138530.0,215583284.25,215583284.25,2007-05-01,208535194.592,1086.41521237,2395.1109772
Other,2007,6,267888.75,2,3014740.0,3014740.0,304619794.0,304619794.0,2007-06-01,295388971.152,1102.65537896,2430.91404847
Other,2007,7,253160.44,3,2831590.0,2831590.0,286835599.0,286835599.0,2007-07-01,276804779.082,1093.39665819,2410.50227265
Other,2007,8,227925.82,3,2490110.0,2490110.0,252487504.75,252487504.75,2007-08-01,246600094.426,1081.93136884,2385.22589574
Other,2007,9,212423.15,3,2324220.0,2324220.0,235312920.75,235312920.75,2007-09-01,230670762.664,1085.90218469,2393.97995637
Other,2007,10,239077.49,4,2652470.0,2652470.0,267701258.25,267701258.25,2007-10-01,262883804.486,1099.57572537,2424.12464415
Other,2007,11,242989.53,4,2718300.0,2718300.0,273427400.0,273427400.0,2007-11-01,264896477.674,1090.15593254,2403.35776887
Other,2007,12,294483.24,4,3378310.0,3378310.0,340457292.25,340457292.25,2007-12-01,320538959.536,1088.47946503,2399.66182861
Other,2008,1,305672.21,1,3411470.0,3411470.0,345988574.5,345988574.5,2008-01-01,332111061.432,1086.49412857,2395.28495585
Other,2008,2,259470.9,1,2920940.0,2920940.0,295571322.75,295571322.75,2008-02-01,283550643.868,1092.80325411,2409.19405402
Other,2008,3,146117.38,1,1672920.0,1672920.0,167171405.75,167171405.75,2008-03-01,159753559.117,1093.3234576,2410.34089462
Other,2008,4,204914.08,2,2393420.0,2393420.0,241613562.0,241613562.0,2008-04-01,234185626.514,1142.84790247,2519.52248578
Other,2008,5,227211.78,2,2525080.0,2525080.0,255840059.25,255840059.25,2008-05-01,249710371.846,1099.02035821,2422.90028172
Other,2008,6,271607.91,2,2975620.0,2975620.0,298680113.25,298680113.25,2008-06-01,292924056.036,1078.48131535,2377.61990782
Other,2008,7,269568.39,3,2936710.0,2936710.0,297756973.5,297756973.5,2008-07-01,288142347.051,1068.90257812,2356.50262373
Other,2008,8,231137.22,3,2539730.0,2539730.0,256495644.25,256495644.25,2008-08-01,249857142.104,1080.99051336,2383.15168575
Other,2008,9,242307.39,3,2650330.0,2650330.0,268287153.0,268287153.0,2008-09-01,258996838.4,1068.87717457,2356.44661905
Other,2008,10,277162.32,4,3096660.0,3096660.0,312621472.25,312621472.25,2008-10-01,299277672.059,1079.79205853,2380.50957223
Other,2008,11,214636.49,4,2337970.0,2337970.0,235259282.0,235259282.0,2008-11-01,221595071.194,1032.42030837,2276.07381184
Other,2008,12,237164.82,4,2696600.0,2696600.0,269093876.25,269093876.25,2008-12-01,248819904.864,1049.14339683,2312.94153266
Other,2009,1,208181.97,1,2336100.0,2336100.0,235897040.0,235897040.0,2009-01-01,218629721.588,1050.18566972,2315.23932746
Other,2009,2,196105.77,1,2188230.0,2188230.0,219276164.25,219276164.25,2009-02-01,204805216.145,1044.36099022,2302.39823903
Other,2009,3,236086.55,1,2611710.0,2611710.0,263471214.75,263471214.75,2009-03-01,252348301.939,1068.88046752,2356.45387869
Other,2009,4,174013.13,2,1920160.0,1920160.0,193398999.75,193398999.75,2009-04-01,184941414.119,1062.80149158,2343.05216834
Other,2009,5,196027.44,2,2212800.0,2212800.0,220348670.0,220348670.0,2009-05-01,212317934.596,1083.10313391,2387.80916901
Other,2009,6,200475.29,2,2234290.0,2234290.0,225111670.25,225111670.25,2009-06-01,217264772.613,1083.74838921,2389.23169884
Other,2009,7,167570.4,3,1874600.0,1874600.0,187760060.0,187760060.0,2009-07-01,179569985.785,1071.60922087,2362.46968833
Other,2009,8,162283.87,3,1814490.0,1814490.0,182506376.5,182506376.5,2009-08-01,176708955.477,1088.88798053,2400.56244188
Other,2009,9,135018.23,3,1521390.0,1521390.0,152327454.0,152327454.0,2009-09-01,148883058.973,1102.68857008,2430.9872216
Other,2009,10,104395.39,4,1168120.0,1168120.0,116614409.5,116614409.5,2009-10-01,112610176.258,1078.68916681,2378.07813715
Other,2009,11,105702.8,4,1197670.0,1197670.0,117542248.25,117542248.25,2009-11-01,115162381.716,1089.49225296,2401.89462087
Other,2009,12,147364.77,4,1681120.0,1681120.0,166826992.0,166826992.0,2009-12-01,158015633.032,1072.27550406,2363.93857624
Other,2010,1,172084.02,1,1946040.0,1946040.0,196506372.75,196506372.75,2010-01-01,188062430.705,1092.85237935,2409.30235551
Other,2010,2,151953.01,1,1631620.0,1631620.0,164625892.0,164625892.0,2010-02-01,157191816.544,1034.47649075,2280.60687151
Other,2010,3,199484.31,1,2120220.0,2120220.0,213420972.0,213420972.0,2010-03-01,207575330.477,1040.5596835,2294.01787824
Other,2010,4,197634.0,2,2148800.0,2148800.0,216580385.0,216580385.0,2010-04-01,209773926.993,1061.42630819,2340.02043904
Other,2010,5,188993.49,2,2025060.0,2025060.0,201590839.75,201590839.75,2010-05-01,193832132.172,1025.60216318,2261.04252896
Other,2010,6,237170.36,2,2573300.0,2573300.0,258576658.75,258576658.75,2010-06-01,250987010.336,1058.25622702,2333.0316781
Other,2010,7,222758.08,3,2388220.0,2388220.0,241488102.0,241488102.0,2010-07-01,236524501.503,1061.79987502,2340.84400446
Other,2010,8,200322.76,3,2126830.0,2126830.0,214362066.75,214362066.75,2010-08-01,209670440.443,1046.66309731,2307.47346433
Other,2010,9,180198.44,3,1902060.0,1902060.0,192486526.0,192486526.0,2010-09-01,189065888.978,1049.20935485,2313.08694371
Other,2010,10,197345.72,4,2110980.0,2110980.0,213321144.25,213321144.25,2010-10-01,208012199.821,1054.04971449,2323.75800056
Other,2010,11,163294.39,4,1781030.0,1781030.0,178953999.25,178953999.25,2010-11-01,177394453.065,1086.34750443,2394.96170827
Other,2010,12,191731.93,4,2076300.0,2076300.0,208283615.0,208283615.0,2010-12-01,203855366.579,1063.23118209,2343.99946404
Other,2011,1,180548.21,1,1939070.0,1939070.0,195627013.25,195627013.25,2011-01-01,195410633.315,1082.31830886,2386.07894371
Other,2011,2,171800.79,1,1844560.0,1844560.0,185173937.25,185173937.25,2011-02-01,184889187.082,1076.18356751,2372.55429292
Other,2011,3,139949.59,1,1524630.0,1524630.0,151377871.75,151377871.75,2011-03-01,146452186.778,1046.46385015,2307.03420404
Other,2011,4,121814.77,2,1319490.0,1319490.0,131787920.25,131787920.25,2011-04-01,127268839.123,1044.77346321,2303.30757699
Other,2011,5,171918.31,2,1859090.0,1859090.0,186009811.5,186009811.5,2011-05-01,180300344.011,1048.7559121,2312.08728382
Other,2011,6,148321.84,2,1652100.0,1652100.0,165538923.75,165538923.75,2011-06-01,160226453.433,1080.26203985,2381.54569305
Other,2011,7,157443.5,3,1700540.0,1700540.0,171685614.0,171685614.0,2011-07-01,165353662.07,1050.2412743,2315.36191332
Other,2011,8,140330.92,3,1463900.0,1463900.0,146303848.75,146303848.75,2011-08-01,143457098.483,1022.2771894,2253.71229175
Other,2011,9,161385.64,3,1733840.0,1733840.0,173658857.75,173658857.75,2011-09-01,170572640.413,1056.92576126,2330.09853326
Other,2011,10,142319.03,4,1519720.0,1519720.0,152357064.5,152357064.5,2011-10-01,145834098.178,1024.69851135,2259.05033812
Other,2011,11,115806.59,4,1257600.0,1257600.0,124901255.0,124901255.0,2011-11-01,119761133.09,1034.14782431,2279.88229348
Other,2011,12,92265.4,4,977370.0,977370.0,95602423.25,95602423.25,2011-12-01,91310663.5548,989.652280864,2181.78741839
Other,2012,1,66484.07,1,708860.0,708860.0,69486226.0,69486226.0,2012-01-01,67412007.0531,1013.9572841,2235.37022853
Other,2012,2,64819.83,1,725230.0,725230.0,71747505.5,71747505.5,2012-02-01,69997703.7669,1079.8810143,2380.70568412
Other,2012,3,101019.13,1,1126620.0,1126620.0,111992960.75,111992960.75,2012-03-01,110025860.843,1089.15866572,2401.15919444
Other,2012,4,124034.39,2,1349240.0,1349240.0,135284411.5,135284411.5,2012-04-01,130117056.061,1049.04015782,2312.71393193
Other,2012,5,159158.52,2,1712820.0,1712820.0,171825954.5,171825954.5,2012-05-01,169128854.489,1062.64405128,2342.70507546
Other,2012,6,159181.39,2,1723930.0,1723930.0,172392589.25,172392589.25,2012-06-01,170715214.781,1072.45711814,2364.33896265
Other,2012,7,161316.29,3,1741600.0,1741600.0,175156006.25,175156006.25,2012-07-01,169616685.452,1051.45416779,2318.0358583
Other,2012,8,153793.32,3,1660480.0,1660480.0,167033539.25,167033539.25,2012-08-01,161538704.269,1050.36229317,2315.62871152
Other,2012,9,125269.6,3,1362010.0,1362010.0,136057368.5,136057368.5,2012-09-01,131370652.128,1048.70337359,2311.97145741
Other,2012,10,120781.55,4,1312930.0,1312930.0,130975501.75,130975501.75,2012-10-01,125173668.525,1036.36415102,2284.76840734
Other,2012,11,151611.49,4,1635000.0,1635000.0,164057660.0,164057660.0,2012-11-01,156390005.439,1031.51816158,2274.08493902
Other,2012,12,157227.16,4,1751370.0,1751370.0,175283822.0,175283822.0,2012-12-01,167940957.331,1068.14215388,2354.82619245
Other,2013,1,149658.76,1,1673790.0,1673790.0,167527752.75,167527752.75,2013-01-01,161001765.114,1075.79245688,2371.69205044
Other,2013,2,137674.14,1,1489640.0,1489640.0,148449896.5,148449896.5,2013-02-01,141999026.317,1031.41393378,2273.8551584
Other,2013,3,54790.14,1,594900.0,594900.0,58759276.25,58759276.25,2013-03-01,56188965.3592,1025.53060385,2260.88476925
Other,2013,4,118795.62,2,1297790.0,1297790.0,130651312.75,130651312.75,2013-04-01,125603910.833,1057.31095837,2330.94773883
Other,2013,5,127037.81,2,1400350.0,1400350.0,140182972.5,140182972.5,2013-05-01,135060239.874,1063.14993839,2343.82035417
Other,2013,6,129689.27,2,1400320.0,1400320.0,139815988.25,139815988.25,2013-06-01,134800543.323,1039.41169014,2291.48701207
Other,2013,7,136897.09,3,1468300.0,1468300.0,146841652.5,146841652.5,2013-07-01,141738546.948,1035.36566736,2282.56715027
Other,2013,8,116521.1,3,1235500.0,1235500.0,123874810.0,123874810.0,2013-08-01,121047029.557,1038.84214582,2290.23139467
Other,2013,9,113292.45,3,1222980.0,1222980.0,123172051.75,123172051.75,2013-09-01,120749596.255,1065.82209366,2349.71138768
Other,2013,10,114787.2,4,1257160.0,1257160.0,126195498.5,126195498.5,2013-10-01,122231386.294,1064.85205923,2347.57284979
Other,2013,11,92704.24,4,1019230.0,1019230.0,100065996.75,100065996.75,2013-11-01,95829981.511,1033.71735221,2278.93327467
Other,2013,12,125672.08,4,1389230.0,1389230.0,137540208.0,137540208.0,2013-12-01,132119668.113,1051.30485716,2317.70668809
Other,2014,1,129272.75,1,1461330.0,1461330.0,145411578.0,145411578.0,2014-01-01,138078664.201,1068.11887425,2354.77487018
Other,2014,2,83852.68,1,958900.0,958900.0,96069453.75,96069453.75,2014-02-01,91480290.2426,1090.9644181,2405.14015615
Other,2014,3,77121.33,1,872160.0,872160.0,86803137.25,86803137.25,2014-03-01,84332307.2797,1093.50172358,2410.7338998
Other,2014,4,67476.23,2,767360.0,767360.0,76335308.5,76335308.5,2014-04-01,73588134.3971,1090.5786289,2404.28964528
Other,2014,5,72252.81,2,860160.0,860160.0,83443524.75,83443524.75,2014-05-01,80989674.5228,1120.92075758,2471.18190217
Other,2014,6,68437.74,2,708010.0,708010.0,68704516.0,68704516.0,2014-06-01,66907346.0864,977.638158221,2155.30108361
Other,2014,7,102465.39,3,1093670.0,1093670.0,107047942.0,107047942.0,2014-07-01,103833912.131,1013.35594517,2234.04451673
Other,2014,8,162249.3,3,1714440.0,1714440.0,171139942.75,171139942.75,2014-08-01,167889671.043,1034.76360787,2281.23984992
Other,2014,9,126498.74,3,1288260.0,1288260.0,129044246.0,129044246.0,2014-09-01,126005712.446,996.102510162,2196.0075939
Other,2014,10,101298.23,4,1048960.0,1048960.0,104776042.25,104776042.25,2014-10-01,103048044.231,1017.27388752,2242.68201244
Other,2014,11,94751.94,4,928960.0,928960.0,92028189.75,92028189.75,2014-11-01,89065447.1697,939.985473329,2072.2919745
Other,2014,12,117641.17,4,1151560.0,1151560.0,114268157.25,114268157.25,2014-12-01,112081525.426,952.740655559,2100.41204924
Other,2015,1,120541.42,1,1265660.0,1265660.0,126694724.75,126694724.75,2015-01-01,124133811.173,1029.80213086,2270.3017777
Other,2015,2,115716.93,1,1173000.0,1173000.0,119763300.0,119763300.0,2015-02-01,117371059.837,1014.29462255,2236.11392488
Other,2015,3,128048.84,1,1408670.0,1408670.0,141125710.75,141125710.75,2015-03-01,138416402.49,1080.96568848,2383.09695683
Other,2015,4,76014.38,2,839360.0,839360.0,82862787.25,82862787.25,2015-04-01,79787084.0686,1049.63145221,2314.01749955
Other,2015,5,91908.44,2,946840.0,946840.0,92292769.0,92292769.0,2015-05-01,91037781.6372,990.526894344,2183.71559127
Other,2015,6,98219.92,2,1010560.0,1010560.0,100507678.5,100507678.5,2015-06-01,99912758.033,1017.23518033,2242.59667855
Other,2015,7,90770.15,3,990040.0,990040.0,98184254.0,98184254.0,2015-07-01,95752454.6401,1054.88924101,2325.60882074
Other,2015,8,89243.13,3,929220.0,929220.0,92214359.5,92214359.5,2015-08-01,90699214.2532,1016.31592542,2240.57008918
Other,2015,9,65153.48,3,677700.0,677700.0,66986391.25,66986391.25,2015-09-01,66208888.9754,1016.19881203,2240.31190099
Other,2015,10,61490.27,4,657220.0,657220.0,65069637.0,65069637.0,2015-10-01,65299955.568,1061.95590893,2341.18799682
Other,2015,11,97331.55,4,1003040.0,1003040.0,98750532.75,98750532.75,2015-11-01,99586214.4104,1023.1647848,2255.66908458
Other,2015,12,78522.5,4,832280.0,832280.0,80940259.25,80940259.25,2015-12-01,79177431.0125,1008.34067958,2222.98786221
Other,2016,1,64094.51,1,687040.0,687040.0,67641919.0,67641919.0,2016-01-01,65757358.603,1025.94369788,2261.79547634
Other,2016,2,100274.76,1,1040180.0,1040180.0,103612606.75,103612606.75,2016-02-01,100908389.998,1006.31893806,2218.53073086
Other,2016,3,126281.6,1,1278530.0,1278530.0,128205473.0,128205473.0,2016-03-01,124396641.462,985.073371434,2171.69275466
Other,2016,4,104643.37,2,1162000.0,1162000.0,116141082.5,116141082.5,2016-04-01,112208321.809,1072.29270052,2363.97648758
Other,2016,5,119892.67,2,1302310.0,1302310.0,128728637.25,128728637.25,2016-05-01,127152298.217,1060.55105968,2338.09086618
Other,2016,6,125568.96,2,1293890.0,1293890.0,129859680.25,129859680.25,2016-06-01,127684929.539,1016.8510557,2241.7498374
Other,2016,7,135602.84,3,1467120.0,1467120.0,146373973.25,146373973.25,2016-07-01,143335270.458,1057.02262915,2330.31208823
Other,2016,8,129299.45,3,1398350.0,1398350.0,140490822.5,140490822.5,2016-08-01,138805481.45,1073.51950414,2366.68109883
Other,2016,9,98906.49,3,1058410.0,1058410.0,105967913.5,105967913.5,2016-09-01,105309457.466,1064.73758664,2347.32048351
Other,2016,10,99379.05,4,1026860.0,1026860.0,101771151.0,101771151.0,2016-10-01,100940888.389,1015.71597222,2239.24743236
Other,2016,11,92134.64,4,978870.0,978870.0,96968034.5,96968034.5,2016-11-01,95853147.9414,1040.35949933,2293.57655222
Other,2016,12,90020.92,4,933240.0,933240.0,93295691.5,93295691.5,2016-12-01,91630688.8797,1017.88216428,2244.02301936
Other,2017,1,110220.11,1,1204770.0,1204770.0,119769607.0,119769607.0,2017-01-01,117580698.195,1066.78080974,2351.82497314
Other,2017,2,46131.07,1,470360.0,470360.0,45332358.5,45332358.5,2017-02-01,44252177.0469,959.27055338,2114.80786198
Other,2017,3,82984.83,1,866390.0,866390.0,86369725.25,86369725.25,2017-03-01,84066132.7483,1013.03012549,2233.32621464
Other Renewables,2001,1,863.0,1,,,0.0,0.0,2001-01-01,0.0,0.0,0.0
Other Renewables,2001,2,791.0,1,,,0.0,0.0,2001-02-01,0.0,0.0,0.0
Other Renewables,2001,3,808.0,1,,,0.0,0.0,2001-03-01,0.0,0.0,0.0
Other Renewables,2001,4,726.0,2,,,0.0,0.0,2001-04-01,0.0,0.0,0.0
Other Renewables,2001,5,770.0,2,,,0.0,0.0,2001-05-01,0.0,0.0,0.0
Other Renewables,2001,6,818.0,2,,,0.0,0.0,2001-06-01,0.0,0.0,0.0
Other Renewables,2001,7,884.0,3,,,0.0,0.0,2001-07-01,0.0,0.0,0.0
Other Renewables,2001,8,864.0,3,,,0.0,0.0,2001-08-01,0.0,0.0,0.0
Other Renewables,2001,9,781.0,3,,,0.0,0.0,2001-09-01,0.0,0.0,0.0
Other Renewables,2001,10,764.0,4,,,0.0,0.0,2001-10-01,0.0,0.0,0.0
Other Renewables,2001,11,721.0,4,,,0.0,0.0,2001-11-01,0.0,0.0,0.0
Other Renewables,2001,12,763.0,4,,,0.0,0.0,2001-12-01,0.0,0.0,0.0
Other Renewables,2002,1,31260.0,1,,,0.0,0.0,2002-01-01,0.0,0.0,0.0
Other Renewables,2002,2,30063.0,1,,,0.0,0.0,2002-02-01,0.0,0.0,0.0
Other Renewables,2002,3,35307.0,1,,,0.0,0.0,2002-03-01,0.0,0.0,0.0
Other Renewables,2002,4,32387.0,2,,,0.0,0.0,2002-04-01,0.0,0.0,0.0
Other Renewables,2002,5,21685.0,2,,,0.0,0.0,2002-05-01,0.0,0.0,0.0
Other Renewables,2002,6,34957.0,2,,,0.0,0.0,2002-06-01,0.0,0.0,0.0
Other Renewables,2002,7,36526.0,3,,,0.0,0.0,2002-07-01,0.0,0.0,0.0
Other Renewables,2002,8,32196.0,3,,,0.0,0.0,2002-08-01,0.0,0.0,0.0
Other Renewables,2002,9,30654.0,3,,,0.0,0.0,2002-09-01,0.0,0.0,0.0
Other Renewables,2002,10,33168.0,4,,,0.0,0.0,2002-10-01,0.0,0.0,0.0
Other Renewables,2002,11,33028.0,4,,,0.0,0.0,2002-11-01,0.0,0.0,0.0
Other Renewables,2002,12,14235.0,4,,,0.0,0.0,2002-12-01,0.0,0.0,0.0
Other Renewables,2003,1,34152.0,1,,,0.0,0.0,2003-01-01,0.0,0.0,0.0
Other Renewables,2003,2,20400.0,1,,,0.0,0.0,2003-02-01,0.0,0.0,0.0
Other Renewables,2003,3,735.0,1,,,0.0,0.0,2003-03-01,0.0,0.0,0.0
Other Renewables,2003,4,10363.0,2,,,0.0,0.0,2003-04-01,0.0,0.0,0.0
Other Renewables,2003,5,21636.0,2,,,0.0,0.0,2003-05-01,0.0,0.0,0.0
Other Renewables,2003,6,29539.0,2,,,0.0,0.0,2003-06-01,0.0,0.0,0.0
Other Renewables,2003,7,30299.0,3,,,0.0,0.0,2003-07-01,0.0,0.0,0.0
Other Renewables,2003,8,30451.0,3,,,0.0,0.0,2003-08-01,0.0,0.0,0.0
Other Renewables,2003,9,27758.0,3,,,0.0,0.0,2003-09-01,0.0,0.0,0.0
Other Renewables,2003,10,32276.0,4,,,0.0,0.0,2003-10-01,0.0,0.0,0.0
Other Renewables,2003,11,32285.0,4,,,0.0,0.0,2003-11-01,0.0,0.0,0.0
Other Renewables,2003,12,29346.0,4,,,0.0,0.0,2003-12-01,0.0,0.0,0.0
Other Renewables,2004,1,38107.03,1,,,0.0,0.0,2004-01-01,0.0,0.0,0.0
Other Renewables,2004,2,35729.4,1,,,0.0,0.0,2004-02-01,0.0,0.0,0.0
Other Renewables,2004,3,36960.48,1,,,0.0,0.0,2004-03-01,0.0,0.0,0.0
Other Renewables,2004,4,30481.82,2,,,0.0,0.0,2004-04-01,0.0,0.0,0.0
Other Renewables,2004,5,26516.32,2,,,0.0,0.0,2004-05-01,0.0,0.0,0.0
Other Renewables,2004,6,32400.19,2,,,0.0,0.0,2004-06-01,0.0,0.0,0.0
Other Renewables,2004,7,33177.48,3,,,0.0,0.0,2004-07-01,0.0,0.0,0.0
Other Renewables,2004,8,33383.32,3,,,0.0,0.0,2004-08-01,0.0,0.0,0.0
Other Renewables,2004,9,32924.45,3,,,0.0,0.0,2004-09-01,0.0,0.0,0.0
Other Renewables,2004,10,37254.71,4,,,0.0,0.0,2004-10-01,0.0,0.0,0.0
Other Renewables,2004,11,35501.21,4,,,0.0,0.0,2004-11-01,0.0,0.0,0.0
Other Renewables,2004,12,38581.16,4,,,0.0,0.0,2004-12-01,0.0,0.0,0.0
Other Renewables,2005,1,39562.68,1,,,0.0,0.0,2005-01-01,0.0,0.0,0.0
Other Renewables,2005,2,35318.24,1,,,0.0,0.0,2005-02-01,0.0,0.0,0.0
Other Renewables,2005,3,40076.97,1,,,0.0,0.0,2005-03-01,0.0,0.0,0.0
Other Renewables,2005,4,25791.17,2,,,0.0,0.0,2005-04-01,0.0,0.0,0.0
Other Renewables,2005,5,33903.4,2,,,0.0,0.0,2005-05-01,0.0,0.0,0.0
Other Renewables,2005,6,33051.58,2,,,0.0,0.0,2005-06-01,0.0,0.0,0.0
Other Renewables,2005,7,33619.42,3,,,0.0,0.0,2005-07-01,0.0,0.0,0.0
Other Renewables,2005,8,35053.79,3,,,0.0,0.0,2005-08-01,0.0,0.0,0.0
Other Renewables,2005,9,34636.25,3,,,0.0,0.0,2005-09-01,0.0,0.0,0.0
Other Renewables,2005,10,33211.14,4,,,0.0,0.0,2005-10-01,0.0,0.0,0.0
Other Renewables,2005,11,37671.91,4,,,0.0,0.0,2005-11-01,0.0,0.0,0.0
Other Renewables,2005,12,39515.37,4,,,0.0,0.0,2005-12-01,0.0,0.0,0.0
Other Renewables,2006,1,40420.0,1,,,0.0,0.0,2006-01-01,0.0,0.0,0.0
Other Renewables,2006,2,36549.54,1,,,0.0,0.0,2006-02-01,0.0,0.0,0.0
Other Renewables,2006,3,42091.78,1,,,0.0,0.0,2006-03-01,0.0,0.0,0.0
Other Renewables,2006,4,38151.74,2,,,0.0,0.0,2006-04-01,0.0,0.0,0.0
Other Renewables,2006,5,37530.69,2,,,0.0,0.0,2006-05-01,0.0,0.0,0.0
Other Renewables,2006,6,33964.75,2,,,0.0,0.0,2006-06-01,0.0,0.0,0.0
Other Renewables,2006,7,38572.13,3,,,0.0,0.0,2006-07-01,0.0,0.0,0.0
Other Renewables,2006,8,40476.55,3,,,0.0,0.0,2006-08-01,0.0,0.0,0.0
Other Renewables,2006,9,28304.91,3,,,0.0,0.0,2006-09-01,0.0,0.0,0.0
Other Renewables,2006,10,40019.92,4,,,0.0,0.0,2006-10-01,0.0,0.0,0.0
Other Renewables,2006,11,41079.93,4,,,0.0,0.0,2006-11-01,0.0,0.0,0.0
Other Renewables,2006,12,41636.23,4,,,0.0,0.0,2006-12-01,0.0,0.0,0.0
Other Renewables,2007,1,30834.95,1,,,0.0,0.0,2007-01-01,0.0,0.0,0.0
Other Renewables,2007,2,38655.47,1,,,0.0,0.0,2007-02-01,0.0,0.0,0.0
Other Renewables,2007,3,41687.85,1,,,0.0,0.0,2007-03-01,0.0,0.0,0.0
Other Renewables,2007,4,39321.7,2,,,0.0,0.0,2007-04-01,0.0,0.0,0.0
Other Renewables,2007,5,41841.33,2,,,0.0,0.0,2007-05-01,0.0,0.0,0.0
Other Renewables,2007,6,41422.61,2,,,0.0,0.0,2007-06-01,0.0,0.0,0.0
Other Renewables,2007,7,39178.39,3,,,0.0,0.0,2007-07-01,0.0,0.0,0.0
Other Renewables,2007,8,37786.81,3,,,0.0,0.0,2007-08-01,0.0,0.0,0.0
Other Renewables,2007,9,28133.27,3,,,0.0,0.0,2007-09-01,0.0,0.0,0.0
Other Renewables,2007,10,43711.83,4,,,0.0,0.0,2007-10-01,0.0,0.0,0.0
Other Renewables,2007,11,38053.14,4,,,0.0,0.0,2007-11-01,0.0,0.0,0.0
Other Renewables,2007,12,44995.72,4,,,0.0,0.0,2007-12-01,0.0,0.0,0.0
Other Renewables,2008,1,46660.54,1,,,0.0,0.0,2008-01-01,0.0,0.0,0.0
Other Renewables,2008,2,40039.46,1,,,0.0,0.0,2008-02-01,0.0,0.0,0.0
Other Renewables,2008,3,38811.26,1,,,0.0,0.0,2008-03-01,0.0,0.0,0.0
Other Renewables,2008,4,39324.98,2,,,0.0,0.0,2008-04-01,0.0,0.0,0.0
Other Renewables,2008,5,34670.57,2,,,0.0,0.0,2008-05-01,0.0,0.0,0.0
Other Renewables,2008,6,34311.64,2,,,0.0,0.0,2008-06-01,0.0,0.0,0.0
Other Renewables,2008,7,78509.59,3,,,0.0,0.0,2008-07-01,0.0,0.0,0.0
Other Renewables,2008,8,31686.29,3,,,0.0,0.0,2008-08-01,0.0,0.0,0.0
Other Renewables,2008,9,21358.07,3,,,0.0,0.0,2008-09-01,0.0,0.0,0.0
Other Renewables,2008,10,42358.24,4,,,0.0,0.0,2008-10-01,0.0,0.0,0.0
Other Renewables,2008,11,25246.81,4,,,0.0,0.0,2008-11-01,0.0,0.0,0.0
Other Renewables,2008,12,26641.67,4,,,0.0,0.0,2008-12-01,0.0,0.0,0.0
Other Renewables,2009,1,40840.52,1,,,0.0,0.0,2009-01-01,0.0,0.0,0.0
Other Renewables,2009,2,33337.14,1,,,0.0,0.0,2009-02-01,0.0,0.0,0.0
Other Renewables,2009,3,38506.58,1,,,0.0,0.0,2009-03-01,0.0,0.0,0.0
Other Renewables,2009,4,37855.57,2,,,0.0,0.0,2009-04-01,0.0,0.0,0.0
Other Renewables,2009,5,37448.92,2,,,0.0,0.0,2009-05-01,0.0,0.0,0.0
Other Renewables,2009,6,35742.12,2,,,0.0,0.0,2009-06-01,0.0,0.0,0.0
Other Renewables,2009,7,33395.36,3,,,0.0,0.0,2009-07-01,0.0,0.0,0.0
Other Renewables,2009,8,37451.99,3,,,0.0,0.0,2009-08-01,0.0,0.0,0.0
Other Renewables,2009,9,11284.72,3,,,0.0,0.0,2009-09-01,0.0,0.0,0.0
Other Renewables,2009,10,10884.56,4,,,0.0,0.0,2009-10-01,0.0,0.0,0.0
Other Renewables,2009,11,10840.62,4,,,0.0,0.0,2009-11-01,0.0,0.0,0.0
Other Renewables,2009,12,35946.22,4,,,0.0,0.0,2009-12-01,0.0,0.0,0.0
Other Renewables,2010,1,36431.31,1,,,0.0,0.0,2010-01-01,0.0,0.0,0.0
Other Renewables,2010,2,36930.12,1,,,0.0,0.0,2010-02-01,0.0,0.0,0.0
Other Renewables,2010,3,58712.8,1,,,0.0,0.0,2010-03-01,0.0,0.0,0.0
Other Renewables,2010,4,39473.29,2,,,0.0,0.0,2010-04-01,0.0,0.0,0.0
Other Renewables,2010,5,37016.06,2,,,0.0,0.0,2010-05-01,0.0,0.0,0.0
Other Renewables,2010,6,39085.54,2,,,0.0,0.0,2010-06-01,0.0,0.0,0.0
Other Renewables,2010,7,39418.06,3,,,0.0,0.0,2010-07-01,0.0,0.0,0.0
Other Renewables,2010,8,34930.46,3,,,0.0,0.0,2010-08-01,0.0,0.0,0.0
Other Renewables,2010,9,39000.52,3,,,0.0,0.0,2010-09-01,0.0,0.0,0.0
Other Renewables,2010,10,26934.83,4,,,0.0,0.0,2010-10-01,0.0,0.0,0.0
Other Renewables,2010,11,24232.59,4,,,0.0,0.0,2010-11-01,0.0,0.0,0.0
Other Renewables,2010,12,27709.17,4,,,0.0,0.0,2010-12-01,0.0,0.0,0.0
Other Renewables,2011,1,41133.08,1,,,0.0,0.0,2011-01-01,0.0,0.0,0.0
Other Renewables,2011,2,42391.65,1,,,0.0,0.0,2011-02-01,0.0,0.0,0.0
Other Renewables,2011,3,42080.02,1,,,0.0,0.0,2011-03-01,0.0,0.0,0.0
Other Renewables,2011,4,37601.47,2,,,0.0,0.0,2011-04-01,0.0,0.0,0.0
Other Renewables,2011,5,37393.94,2,,,0.0,0.0,2011-05-01,0.0,0.0,0.0
Other Renewables,2011,6,34593.15,2,,,0.0,0.0,2011-06-01,0.0,0.0,0.0
Other Renewables,2011,7,39254.15,3,,,0.0,0.0,2011-07-01,0.0,0.0,0.0
Other Renewables,2011,8,28887.18,3,,,0.0,0.0,2011-08-01,0.0,0.0,0.0
Other Renewables,2011,9,14394.74,3,,,0.0,0.0,2011-09-01,0.0,0.0,0.0
Other Renewables,2011,10,36437.31,4,,,0.0,0.0,2011-10-01,0.0,0.0,0.0
Other Renewables,2011,11,40689.53,4,,,0.0,0.0,2011-11-01,0.0,0.0,0.0
Other Renewables,2011,12,41374.27,4,,,0.0,0.0,2011-12-01,0.0,0.0,0.0
Other Renewables,2012,1,41404.27,1,,,0.0,0.0,2012-01-01,0.0,0.0,0.0
Other Renewables,2012,2,32725.81,1,,,0.0,0.0,2012-02-01,0.0,0.0,0.0
Other Renewables,2012,3,9013.98,1,,,0.0,0.0,2012-03-01,0.0,0.0,0.0
Other Renewables,2012,4,9693.39,2,,,0.0,0.0,2012-04-01,0.0,0.0,0.0
Other Renewables,2012,5,37883.22,2,,,0.0,0.0,2012-05-01,0.0,0.0,0.0
Other Renewables,2012,6,36217.75,2,,,0.0,0.0,2012-06-01,0.0,0.0,0.0
Other Renewables,2012,7,39520.16,3,,,0.0,0.0,2012-07-01,0.0,0.0,0.0
Other Renewables,2012,8,18523.16,3,,,0.0,0.0,2012-08-01,0.0,0.0,0.0
Other Renewables,2012,9,18759.53,3,,,0.0,0.0,2012-09-01,0.0,0.0,0.0
Other Renewables,2012,10,31005.54,4,,,0.0,0.0,2012-10-01,0.0,0.0,0.0
Other Renewables,2012,11,29088.06,4,,,0.0,0.0,2012-11-01,0.0,0.0,0.0
Other Renewables,2012,12,29044.63,4,,,0.0,0.0,2012-12-01,0.0,0.0,0.0
Other Renewables,2013,1,24170.66,1,,,0.0,0.0,2013-01-01,0.0,0.0,0.0
Other Renewables,2013,2,24810.06,1,,,0.0,0.0,2013-02-01,0.0,0.0,0.0
Other Renewables,2013,3,29283.4,1,,,0.0,0.0,2013-03-01,0.0,0.0,0.0
Other Renewables,2013,4,25963.49,2,,,0.0,0.0,2013-04-01,0.0,0.0,0.0
Other Renewables,2013,5,26257.57,2,,,0.0,0.0,2013-05-01,0.0,0.0,0.0
Other Renewables,2013,6,23129.23,2,,,0.0,0.0,2013-06-01,0.0,0.0,0.0
Other Renewables,2013,7,21690.82,3,,,0.0,0.0,2013-07-01,0.0,0.0,0.0
Other Renewables,2013,8,41041.85,3,,,0.0,0.0,2013-08-01,0.0,0.0,0.0
Other Renewables,2013,9,8302.81,3,,,0.0,0.0,2013-09-01,0.0,0.0,0.0
Other Renewables,2013,10,20764.67,4,,,0.0,0.0,2013-10-01,0.0,0.0,0.0
Other Renewables,2013,11,41376.4,4,,,0.0,0.0,2013-11-01,0.0,0.0,0.0
Other Renewables,2013,12,39889.76,4,,,0.0,0.0,2013-12-01,0.0,0.0,0.0
Other Renewables,2014,1,43668.78,1,,,0.0,0.0,2014-01-01,0.0,0.0,0.0
Other Renewables,2014,2,39812.44,1,,,0.0,0.0,2014-02-01,0.0,0.0,0.0
Other Renewables,2014,3,41892.61,1,,,0.0,0.0,2014-03-01,0.0,0.0,0.0
Other Renewables,2014,4,39088.39,2,,,0.0,0.0,2014-04-01,0.0,0.0,0.0
Other Renewables,2014,5,44023.48,2,,,0.0,0.0,2014-05-01,0.0,0.0,0.0
Other Renewables,2014,6,35875.66,2,,,0.0,0.0,2014-06-01,0.0,0.0,0.0
Other Renewables,2014,7,40189.9,3,,,0.0,0.0,2014-07-01,0.0,0.0,0.0
Other Renewables,2014,8,42165.84,3,,,0.0,0.0,2014-08-01,0.0,0.0,0.0
Other Renewables,2014,9,9993.3,3,,,0.0,0.0,2014-09-01,0.0,0.0,0.0
Other Renewables,2014,10,35573.94,4,,,0.0,0.0,2014-10-01,0.0,0.0,0.0
Other Renewables,2014,11,40300.39,4,,,0.0,0.0,2014-11-01,0.0,0.0,0.0
Other Renewables,2014,12,35404.66,4,,,0.0,0.0,2014-12-01,0.0,0.0,0.0
Other Renewables,2015,1,45161.16,1,,,0.0,0.0,2015-01-01,0.0,0.0,0.0
Other Renewables,2015,2,38604.75,1,,,0.0,0.0,2015-02-01,0.0,0.0,0.0
Other Renewables,2015,3,41358.82,1,,,0.0,0.0,2015-03-01,0.0,0.0,0.0
Other Renewables,2015,4,41556.04,2,,,0.0,0.0,2015-04-01,0.0,0.0,0.0
Other Renewables,2015,5,42473.68,2,,,0.0,0.0,2015-05-01,0.0,0.0,0.0
Other Renewables,2015,6,39689.98,2,,,0.0,0.0,2015-06-01,0.0,0.0,0.0
Other Renewables,2015,7,36141.86,3,,,0.0,0.0,2015-07-01,0.0,0.0,0.0
Other Renewables,2015,8,31941.1,3,,,0.0,0.0,2015-08-01,0.0,0.0,0.0
Other Renewables,2015,9,17919.37,3,,,0.0,0.0,2015-09-01,0.0,0.0,0.0
Other Renewables,2015,10,25525.11,4,,,0.0,0.0,2015-10-01,0.0,0.0,0.0
Other Renewables,2015,11,45950.4,4,,,0.0,0.0,2015-11-01,0.0,0.0,0.0
Other Renewables,2015,12,34803.24,4,,,0.0,0.0,2015-12-01,0.0,0.0,0.0
Other Renewables,2016,1,43905.39,1,,,0.0,0.0,2016-01-01,0.0,0.0,0.0
Other Renewables,2016,2,37668.55,1,,,0.0,0.0,2016-02-01,0.0,0.0,0.0
Other Renewables,2016,3,42051.21,1,,,0.0,0.0,2016-03-01,0.0,0.0,0.0
Other Renewables,2016,4,42773.42,2,,,0.0,0.0,2016-04-01,0.0,0.0,0.0
Other Renewables,2016,5,26077.36,2,,,0.0,0.0,2016-05-01,0.0,0.0,0.0
Other Renewables,2016,6,36433.21,2,,,0.0,0.0,2016-06-01,0.0,0.0,0.0
Other Renewables,2016,7,39238.71,3,,,0.0,0.0,2016-07-01,0.0,0.0,0.0
Other Renewables,2016,8,40713.05,3,,,0.0,0.0,2016-08-01,0.0,0.0,0.0
Other Renewables,2016,9,34562.82,3,,,0.0,0.0,2016-09-01,0.0,0.0,0.0
Other Renewables,2016,10,31352.61,4,,,0.0,0.0,2016-10-01,0.0,0.0,0.0
Other Renewables,2016,11,40124.79,4,,,0.0,0.0,2016-11-01,0.0,0.0,0.0
Other Renewables,2016,12,37010.95,4,,,0.0,0.0,2016-12-01,0.0,0.0,0.0
Other Renewables,2017,1,35787.19,1,,,0.0,0.0,2017-01-01,0.0,0.0,0.0
Other Renewables,2017,2,32777.05,1,,,0.0,0.0,2017-02-01,0.0,0.0,0.0
Other Renewables,2017,3,32393.84,1,,,0.0,0.0,2017-03-01,0.0,0.0,0.0
Solar,2014,1,682.95,1,,,0.0,0.0,2014-01-01,,,
Solar,2014,2,779.42,1,,,0.0,0.0,2014-02-01,,,
Solar,2014,3,1040.16,1,,,0.0,0.0,2014-03-01,,,
Solar,2014,4,1181.92,2,,,0.0,0.0,2014-04-01,,,
Solar,2014,5,1311.05,2,,,0.0,0.0,2014-05-01,,,
Solar,2014,6,1332.84,2,,,0.0,0.0,2014-06-01,,,
Solar,2014,7,1337.24,3,,,0.0,0.0,2014-07-01,,,
Solar,2014,8,1338.4,3,,,0.0,0.0,2014-08-01,,,
Solar,2014,9,1155.26,3,,,0.0,0.0,2014-09-01,,,
Solar,2014,10,1019.86,4,,,0.0,0.0,2014-10-01,,,
Solar,2014,11,790.26,4,,,0.0,0.0,2014-11-01,,,
Solar,2014,12,656.52,4,,,0.0,0.0,2014-12-01,,,
Solar,2015,1,739.94,1,,,0.0,0.0,2015-01-01,,,
Solar,2015,2,849.3,1,,,0.0,0.0,2015-02-01,,,
Solar,2015,3,1132.21,1,,,0.0,0.0,2015-03-01,,,
Solar,2015,4,1290.6,2,,,0.0,0.0,2015-04-01,,,
Solar,2015,5,1439.77,2,,,0.0,0.0,2015-05-01,,,
Solar,2015,6,1465.89,2,,,0.0,0.0,2015-06-01,,,
Solar,2015,7,1474.1,3,,,0.0,0.0,2015-07-01,,,
Solar,2015,8,1467.41,3,,,0.0,0.0,2015-08-01,,,
Solar,2015,9,1273.15,3,,,0.0,0.0,2015-09-01,,,
Solar,2015,10,1121.75,4,,,0.0,0.0,2015-10-01,,,
Solar,2015,11,868.98,4,,,0.0,0.0,2015-11-01,,,
Solar,2015,12,729.86,4,,,0.0,0.0,2015-12-01,,,
Solar,2016,1,895.95,1,,,0.0,0.0,2016-01-01,,,
Solar,2016,2,1069.88,1,,,0.0,0.0,2016-02-01,,,
Solar,2016,3,1376.13,1,,,0.0,0.0,2016-03-01,,,
Solar,2016,4,1607.91,2,,,0.0,0.0,2016-04-01,,,
Solar,2016,5,1803.43,2,,,0.0,0.0,2016-05-01,,,
Solar,2016,6,4093.09,2,,,0.0,0.0,2016-06-01,,,
Solar,2016,7,3763.77,3,,,0.0,0.0,2016-07-01,,,
Solar,2016,8,3740.8,3,,,0.0,0.0,2016-08-01,,,
Solar,2016,9,3485.79,3,,,0.0,0.0,2016-09-01,,,
Solar,2016,10,2994.86,4,,,0.0,0.0,2016-10-01,,,
Solar,2016,11,2293.91,4,,,0.0,0.0,2016-11-01,,,
Solar,2016,12,1724.19,4,,,0.0,0.0,2016-12-01,,,
Solar,2017,1,1540.86,1,,,0.0,0.0,2017-01-01,,,
Solar,2017,2,2411.47,1,,,0.0,0.0,2017-02-01,,,
Solar,2017,3,3224.91,1,,,0.0,0.0,2017-03-01,,,
