year,nerc,month,generation (mwh)
2001,-,1,7185661.388
2001,-,2,6526739.453000001
2001,-,3,6304139.884
2001,-,4,6624660.323
2001,-,5,7045482.728999999
2001,-,6,7682808.396000001
2001,-,7,8804719.558
2001,-,8,8871123.727
2001,-,9,7253386.038000002
2001,-,10,7042242.262000001
2001,-,11,6655249.025
2001,-,12,6879869.799000001
2001,FRCC,1,15559095.896
2001,FRCC,2,11789986.029999997
2001,FRCC,3,13022134.977000002
2001,FRCC,4,13800745.455
2001,FRCC,5,14722588.647999998
2001,FRCC,6,16732132.053999998
2001,FRCC,7,17074644.91
2001,FRCC,8,18309168.53
2001,FRCC,9,15978006.995
2001,FRCC,10,14369271.853000002
2001,FRCC,11,12401280.446000002
2001,FRCC,12,13170702.468999999
2001,MRO,1,14473854.967000004
2001,MRO,2,12728768.470999999
2001,MRO,3,12832820.065
2001,MRO,4,11701369.396
2001,MRO,5,12041605.384000001
2001,MRO,6,13250073.908000004
2001,MRO,7,15012527.235999996
2001,MRO,8,14915858.578000003
2001,MRO,9,12893117.06
2001,MRO,10,13429087.566
2001,MRO,11,12975584.009000003
2001,MRO,12,14257263.144
2001,NPCC,1,20738914.564999998
2001,NPCC,2,18741629.733
2001,NPCC,3,20320464.107
2001,NPCC,4,17843965.393999998
2001,NPCC,5,18148542.861999996
2001,NPCC,6,21336189.759
2001,NPCC,7,21514850.481
2001,NPCC,8,23807407.533
2001,NPCC,9,19990232.245000005
2001,NPCC,10,19777843.016000003
2001,NPCC,11,18792783.653
2001,NPCC,12,20409236.801999997
2001,RFC,1,77482159.086
2001,RFC,2,66335564.271999985
2001,RFC,3,70105985.755
2001,RFC,4,61745688.33000001
2001,RFC,5,65234881.067
2001,RFC,6,71622067.73700002
2001,RFC,7,77326507.54599999
2001,RFC,8,81565318.181
2001,RFC,9,64682600.42499999
2001,RFC,10,64985348.947999984
2001,RFC,11,63340589.724999994
2001,RFC,12,68697203.69900002
2001,SERC,1,88569973.54099996
2001,SERC,2,73695246.808
2001,SERC,3,78594656.40899998
2001,SERC,4,72801165.91
2001,SERC,5,79237068.13499998
2001,SERC,6,87379910.60999997
2001,SERC,7,97007805.03700002
2001,SERC,8,100093176.18299997
2001,SERC,9,83039411.722
2001,SERC,10,78267918.66000001
2001,SERC,11,73180701.212
2001,SERC,12,81795187.44199997
2001,SPP,1,11109291.476
2001,SPP,2,8899729.282
2001,SPP,3,8931031.644
2001,SPP,4,8664535.108000001
2001,SPP,5,10849446.465
2001,SPP,6,11361566.198
2001,SPP,7,13849229.480999999
2001,SPP,8,13222763.538999999
2001,SPP,9,10710614.763999999
2001,SPP,10,10154721.946
2001,SPP,11,8984685.659
2001,SPP,12,10239342.72
2001,TRE,1,26529025.224000003
2001,TRE,2,21688774.636000004
2001,TRE,3,23647939.372000005
2001,TRE,4,23811277.186
2001,TRE,5,26893266.274
2001,TRE,6,29873061.757
2001,TRE,7,34385248.875
2001,TRE,8,34062358.207
2001,TRE,9,28153420.19399999
2001,TRE,10,24003393.43100001
2001,TRE,11,22743231.872
2001,TRE,12,24324661.411999997
2001,WECC,1,54890767.39
2001,WECC,2,48877316.14499998
2001,WECC,3,52319843.74899999
2001,WECC,4,48185050.553
2001,WECC,5,52761496.92500001
2001,WECC,6,53837234.908000015
2001,WECC,7,57132173.35199999
2001,WECC,8,58611995.294999994
2001,WECC,9,50636313.121999994
2001,WECC,10,49948324.886999995
2001,WECC,11,47994226.688
2001,WECC,12,52635879.38400001
2002,-,1,7463273.494
2002,-,2,6414824.926
2002,-,3,6935472.173
2002,-,4,6663833.529
2002,-,5,7624252.997
2002,-,6,8390854.321999999
2002,-,7,9404035.35
2002,-,8,9216009.218
2002,-,9,7924135.324000001
2002,-,10,6985651.216999999
2002,-,11,6970184.302
2002,-,12,7791284.203
2002,FRCC,1,14259298.118999999
2002,FRCC,2,12184942.489999996
2002,FRCC,3,14137803.289
2002,FRCC,4,14740171.407
2002,FRCC,5,16561839.139999999
2002,FRCC,6,16965907.066
2002,FRCC,7,18375986.573999997
2002,FRCC,8,19106834.482
2002,FRCC,9,18506476.464
2002,FRCC,10,17423517.399
2002,FRCC,11,14076383.982999997
2002,FRCC,12,14339557.284999998
2002,MRO,1,14692049.626000006
2002,MRO,2,12855517.628
2002,MRO,3,14313078.472
2002,MRO,4,12880276.737999996
2002,MRO,5,12560291.974
2002,MRO,6,14161244.862000005
2002,MRO,7,16009366.589999994
2002,MRO,8,15123436.756000003
2002,MRO,9,13561028.502
2002,MRO,10,13673779.726999998
2002,MRO,11,13742672.351
2002,MRO,12,14760985.377999999
2002,NPCC,1,20875897.687999997
2002,NPCC,2,18087251.324
2002,NPCC,3,19276153.663000003
2002,NPCC,4,17904467.545
2002,NPCC,5,19027413.828
2002,NPCC,6,20934435.774
2002,NPCC,7,23515336.741000004
2002,NPCC,8,23318055.950000007
2002,NPCC,9,20329536.54499999
2002,NPCC,10,19869714.351999998
2002,NPCC,11,19961523.551999997
2002,NPCC,12,21772040.847
2002,RFC,1,73062226.11600001
2002,RFC,2,64068169.327
2002,RFC,3,68384562.13900001
2002,RFC,4,64579402.79300001
2002,RFC,5,65940512.367999986
2002,RFC,6,74071958.61299998
2002,RFC,7,85935254.84699999
2002,RFC,8,83862120.089
2002,RFC,9,72619957.35599998
2002,RFC,10,69459495.92400001
2002,RFC,11,69935801.102
2002,RFC,12,76355084.21900001
2002,SERC,1,85698800.059
2002,SERC,2,75231967.11
2002,SERC,3,79747078.97999999
2002,SERC,4,76643965.815
2002,SERC,5,81779893.53500001
2002,SERC,6,92068426.73799999
2002,SERC,7,102745866.09799999
2002,SERC,8,100887138.851
2002,SERC,9,89790571.23400001
2002,SERC,10,82034370.24599999
2002,SERC,11,77856216.82400002
2002,SERC,12,88149848.64100002
2002,SPP,1,10705769.728
2002,SPP,2,10011905.284
2002,SPP,3,9701584.868999999
2002,SPP,4,9456560.987
2002,SPP,5,10674529.658
2002,SPP,6,12250508.519
2002,SPP,7,13518572.566
2002,SPP,8,13826817.556
2002,SPP,9,11545268.518
2002,SPP,10,10235360.861
2002,SPP,11,10069358.105
2002,SPP,12,10842408.286
2002,TRE,1,26188818.769999996
2002,TRE,2,23654329.169999998
2002,TRE,3,24734076.336999997
2002,TRE,4,24614612.405000005
2002,TRE,5,27470490.816000003
2002,TRE,6,30668005.808999997
2002,TRE,7,33466466.209999997
2002,TRE,8,34756147.56399999
2002,TRE,9,29804567.738
2002,TRE,10,24879745.250000004
2002,TRE,11,22683536.947000008
2002,TRE,12,24812405.5
2002,WECC,1,54200906.981000006
2002,WECC,2,47627680.032000005
2002,WECC,3,52514870.966000006
2002,WECC,4,49788022.07499999
2002,WECC,5,53119927.55699998
2002,WECC,6,57383341.622999996
2002,WECC,7,62162823.630999975
2002,WECC,8,58649652.432
2002,WECC,9,53750647.08300001
2002,WECC,10,50161567.245000005
2002,WECC,11,48809957.89500001
2002,WECC,12,53284111.252999984
2003,-,1,8008097.765000001
2003,-,2,7018318.104
2003,-,3,7102314.49
2003,-,4,6760011.729
2003,-,5,7565255.425000001
2003,-,6,8172952.8950000005
2003,-,7,9868867.78
2003,-,8,9717079.485000001
2003,-,9,7113935.131999999
2003,-,10,7162508.106000001
2003,-,11,6966614.965
2003,-,12,7830916.238
2003,FRCC,1,16204909.93
2003,FRCC,2,12848819.449
2003,FRCC,3,14555477.004999999
2003,FRCC,4,14378482.842000002
2003,FRCC,5,17609991.25
2003,FRCC,6,17848257.608
2003,FRCC,7,19254695.961000003
2003,FRCC,8,18840438.27
2003,FRCC,9,18046192.262
2003,FRCC,10,14984322.323999997
2003,FRCC,11,14943460.666
2003,FRCC,12,15030629.493999999
2003,MRO,1,15162569.476
2003,MRO,2,13178426.287000002
2003,MRO,3,14235314.901999999
2003,MRO,4,12999201.968000002
2003,MRO,5,12786160.513000002
2003,MRO,6,13678218.155000005
2003,MRO,7,15726801.155000001
2003,MRO,8,16021315.550999995
2003,MRO,9,13815050.724
2003,MRO,10,13926372.079999998
2003,MRO,11,13714890.756000001
2003,MRO,12,14665887.819999997
2003,NPCC,1,21977970.439999998
2003,NPCC,2,19698746.213
2003,NPCC,3,20121593.749
2003,NPCC,4,18948349.629
2003,NPCC,5,18557363.291
2003,NPCC,6,20081132.176000003
2003,NPCC,7,23368169.046000004
2003,NPCC,8,23792892.656
2003,NPCC,9,20392191.345
2003,NPCC,10,19691320.297999997
2003,NPCC,11,19674179.536000006
2003,NPCC,12,21669943.266
2003,RFC,1,79729182.692
2003,RFC,2,70454200.258
2003,RFC,3,69634497.58000001
2003,RFC,4,64120088.93499998
2003,RFC,5,64852449.386999995
2003,RFC,6,69817343.48200004
2003,RFC,7,79267851.43399999
2003,RFC,8,82449940.15699999
2003,RFC,9,69000665.699
2003,RFC,10,67599288.62700002
2003,RFC,11,67188143.83299999
2003,RFC,12,75175052.63900001
2003,SERC,1,93459681.55799998
2003,SERC,2,81199647.30899999
2003,SERC,3,79027399.20200002
2003,SERC,4,74182203.83600004
2003,SERC,5,80485064.719
2003,SERC,6,87509194.789
2003,SERC,7,100513979.465
2003,SERC,8,103896613.53199999
2003,SERC,9,85983149.87500001
2003,SERC,10,79164535.477
2003,SERC,11,78025969.29499999
2003,SERC,12,90944616.588
2003,SPP,1,11316325.561
2003,SPP,2,9280807.253
2003,SPP,3,9932105.016999999
2003,SPP,4,9566837.403
2003,SPP,5,10694771.318999998
2003,SPP,6,11063635.459
2003,SPP,7,13422571.154000001
2003,SPP,8,13834880.787
2003,SPP,9,10793720.098
2003,SPP,10,9701871.964999998
2003,SPP,11,8930084.026999999
2003,SPP,12,11188644.044000002
2003,TRE,1,25715897.606
2003,TRE,2,22905669.742000006
2003,TRE,3,22704593.198999997
2003,TRE,4,22699787.15
2003,TRE,5,27696851.662
2003,TRE,6,28474988.867999997
2003,TRE,7,30849143.263000004
2003,TRE,8,33358108.604000002
2003,TRE,9,26741012.942
2003,TRE,10,24204692.391000003
2003,TRE,11,22052166.174
2003,TRE,12,23337353.398000002
2003,WECC,1,53074467.71100001
2003,WECC,2,47860581.150000006
2003,WECC,3,51568937.342
2003,WECC,4,48846455.385
2003,WECC,5,53073188.98599999
2003,WECC,6,56130937.972
2003,WECC,7,64628001.36599999
2003,WECC,8,61933721.73499999
2003,WECC,9,55493893.42600001
2003,WECC,10,53926094.361
2003,WECC,11,50653826.95600001
2003,WECC,12,55335609.885
2004,-,1,8329378.916989999
2004,-,2,7668016.22499
2004,-,3,7648227.3350100005
2004,-,4,6881401.723010001
2004,-,5,6769746.7159899995
2004,-,6,7710025.738999999
2004,-,7,9523181.222000001
2004,-,8,8806082.34199
2004,-,9,8204009.32901
2004,-,10,7185600.166999999
2004,-,11,7440472.767999999
2004,-,12,7998814.972000001
2004,FRCC,1,15185763.592990002
2004,FRCC,2,13999726.641030002
2004,FRCC,3,14419637.852989996
2004,FRCC,4,14540272.080990002
2004,FRCC,5,17547825.377
2004,FRCC,6,20036191.01399
2004,FRCC,7,20511482.77701
2004,FRCC,8,19935883.52497
2004,FRCC,9,17864902.222
2004,FRCC,10,17445901.744039997
2004,FRCC,11,15039242.817
2004,FRCC,12,15337343.346989999
2004,MRO,1,15326291.570020001
2004,MRO,2,14144308.901970001
2004,MRO,3,13735092.905999998
2004,MRO,4,12101308.733969998
2004,MRO,5,13130271.652010003
2004,MRO,6,13638850.86202
2004,MRO,7,15031003.190999994
2004,MRO,8,14879561.492039999
2004,MRO,9,13814737.410990005
2004,MRO,10,13587666.973970002
2004,MRO,11,13564138.297989998
2004,MRO,12,14986687.835010001
2004,NPCC,1,23681996.512199994
2004,NPCC,2,20623339.2259
2004,NPCC,3,21128955.501190003
2004,NPCC,4,18740301.07031
2004,NPCC,5,20174332.0598
2004,NPCC,6,21370448.895280007
2004,NPCC,7,22812861.934010003
2004,NPCC,8,22933397.558170006
2004,NPCC,9,20828383.381359998
2004,NPCC,10,18432591.360220004
2004,NPCC,11,19518397.84441
2004,NPCC,12,21913941.567010004
2004,RFC,1,80706363.71849996
2004,RFC,2,71619351.36822
2004,RFC,3,70719867.22947001
2004,RFC,4,65180140.101999976
2004,RFC,5,71074299.80457997
2004,RFC,6,74881654.64214997
2004,RFC,7,80572977.35041998
2004,RFC,8,78733399.70164001
2004,RFC,9,72052047.93819
2004,RFC,10,67001822.380459994
2004,RFC,11,67668728.31185997
2004,RFC,12,77639753.85103998
2004,SERC,1,95743410.75152001
2004,SERC,2,86724069.6366
2004,SERC,3,80790780.63369003
2004,SERC,4,77301592.14747
2004,SERC,5,89261760.29885003
2004,SERC,6,93693800.54967001
2004,SERC,7,102857727.92143998
2004,SERC,8,99117017.95085
2004,SERC,9,88675169.18760002
2004,SERC,10,83215019.01179004
2004,SERC,11,79858532.50394
2004,SERC,12,93165007.36639999
2004,SPP,1,11382023.443999998
2004,SPP,2,10515638.62699
2004,SPP,3,9727806.787999999
2004,SPP,4,9505887.64799
2004,SPP,5,12085452.35399
2004,SPP,6,11848958.394009998
2004,SPP,7,13370374.159989998
2004,SPP,8,12897704.797
2004,SPP,9,12208689.420999998
2004,SPP,10,10682084.361019999
2004,SPP,11,10461892.013999999
2004,SPP,12,11880159.223989997
2004,TRE,1,25454989.075799998
2004,TRE,2,24407869.28357
2004,TRE,3,23977950.679879997
2004,TRE,4,23668396.29436
2004,TRE,5,28450631.36756
2004,TRE,6,30234663.745789997
2004,TRE,7,33344134.427930005
2004,TRE,8,33163826.644979995
2004,TRE,9,30135126.35772
2004,TRE,10,28121510.434729997
2004,TRE,11,23526633.605880007
2004,TRE,12,26910793.203840002
2004,WECC,1,56631376.71931999
2004,WECC,2,51928109.32526002
2004,WECC,3,53345816.456899986
2004,WECC,4,49995432.68521998
2004,WECC,5,54741423.05840999
2004,WECC,6,58155506.02813998
2004,WECC,7,64230643.514359996
2004,WECC,8,63270152.50287002
2004,WECC,9,58152684.67955998
2004,WECC,10,53770115.16842999
2004,WECC,11,52476679.59110999
2004,WECC,12,57611238.46599
2005,-,1,8466958.92299
2005,-,2,6937981.729
2005,-,3,7273263.833000001
2005,-,4,6953335.993999999
2005,-,5,8456424.795
2005,-,6,9547736.31101
2005,-,7,10363753.122
2005,-,8,10077124.107
2005,-,9,8619970.389
2005,-,10,7320680.023
2005,-,11,6608584.42499
2005,-,12,7825360.98401
2005,FRCC,1,15627460.11401
2005,FRCC,2,13454049.104999999
2005,FRCC,3,15228960.062000005
2005,FRCC,4,14292981.376019998
2005,FRCC,5,17114137.524
2005,FRCC,6,18980415.611009996
2005,FRCC,7,21904628.49
2005,FRCC,8,22509952.99097
2005,FRCC,9,20295651.218999997
2005,FRCC,10,17212537.24201
2005,FRCC,11,15055114.13101
2005,FRCC,12,15664764.77501
2005,MRO,1,15520178.453949992
2005,MRO,2,13380759.614010002
2005,MRO,3,14438244.922990002
2005,MRO,4,12439282.603009997
2005,MRO,5,13004133.061969995
2005,MRO,6,14865925.500000002
2005,MRO,7,16430196.481000002
2005,MRO,8,16138081.839989996
2005,MRO,9,14349604.85999
2005,MRO,10,13915573.385030001
2005,MRO,11,13925303.386020003
2005,MRO,12,15362424.950979996
2005,NPCC,1,23130054.232989997
2005,NPCC,2,20265199.45401
2005,NPCC,3,21762376.551990002
2005,NPCC,4,19005530.464000005
2005,NPCC,5,19336638.50998
2005,NPCC,6,23552859.111999996
2005,NPCC,7,25811676.88997
2005,NPCC,8,26404590.908000004
2005,NPCC,9,22845188.222980004
2005,NPCC,10,20757541.333969995
2005,NPCC,11,20043547.76404
2005,NPCC,12,22225863.725979995
2005,RFC,1,78106973.68696001
2005,RFC,2,68580021.76999001
2005,RFC,3,73303258.90997998
2005,RFC,4,63573114.79200001
2005,RFC,5,67051296.97796998
2005,RFC,6,80883094.41897002
2005,RFC,7,88114924.09501
2005,RFC,8,89466370.64597997
2005,RFC,9,76586906.19098002
2005,RFC,10,71810857.91003999
2005,RFC,11,70111336.66500002
2005,RFC,12,80287072.60898
2005,SERC,1,93398144.50599995
2005,SERC,2,81319737.10708003
2005,SERC,3,85768489.11102
2005,SERC,4,78346684.14497998
2005,SERC,5,84253339.84592001
2005,SERC,6,97307222.40796004
2005,SERC,7,106922768.76096003
2005,SERC,8,108355570.72003001
2005,SERC,9,93406019.00295997
2005,SERC,10,82795618.53593
2005,SERC,11,80169934.28193
2005,SERC,12,94736308.45897001
2005,SPP,1,11780182.65499
2005,SPP,2,9731043.97701
2005,SPP,3,10455188.821999999
2005,SPP,4,9397651.692019999
2005,SPP,5,10602423.97801
2005,SPP,6,12812756.878010001
2005,SPP,7,14144539.94498
2005,SPP,8,14135030.262999998
2005,SPP,9,12475440.53997
2005,SPP,10,10831639.962
2005,SPP,11,10929736.131
2005,SPP,12,12081419.374000002
2005,TRE,1,26722080.382010005
2005,TRE,2,23217649.26602
2005,TRE,3,24487879.215990003
2005,TRE,4,23740934.489010002
2005,TRE,5,28329341.494009998
2005,TRE,6,33431791.621
2005,TRE,7,35096265.52601001
2005,TRE,8,36229427.72399001
2005,TRE,9,32164207.665999997
2005,TRE,10,25916151.734999996
2005,TRE,11,24546930.969000004
2005,TRE,12,26753670.189009998
2005,WECC,1,57487940.99901999
2005,WECC,2,50615567.23102001
2005,WECC,3,53867189.86701002
2005,WECC,4,52050210.25201
2005,WECC,5,56902162.59499999
2005,WECC,6,60042576.98598001
2005,WECC,7,69649164.76502
2005,WECC,8,67061540.42005
2005,WECC,9,57252928.894020006
2005,WECC,10,54765472.26300002
2005,WECC,11,54215855.00700999
2005,WECC,12,59774425.12598
2006,-,1,6925103.714
2006,-,2,7515613.548
2006,-,3,8323509.183999999
2006,-,4,7511475.377
2006,-,5,8379403.0739899995
2006,-,6,9195864.895
2006,-,7,9882461.905000001
2006,-,8,9904349.267989999
2006,-,9,7665557.5139999995
2006,-,10,7078241.743990001
2006,-,11,6712853.988
2006,-,12,8412805.596989999
2006,FRCC,1,15345048.09301
2006,FRCC,2,14612002.31602
2006,FRCC,3,15080703.685
2006,FRCC,4,16883342.07699
2006,FRCC,5,18096260.767020002
2006,FRCC,6,20111805.48901
2006,FRCC,7,20900864.780010004
2006,FRCC,8,22064354.02998
2006,FRCC,9,19583379.984979995
2006,FRCC,10,17708033.244960003
2006,FRCC,11,14861868.41998
2006,FRCC,12,15356452.759999998
2006,MRO,1,14993569.508029997
2006,MRO,2,13774415.662949994
2006,MRO,3,14319849.05895
2006,MRO,4,12686421.263019996
2006,MRO,5,13718543.411020003
2006,MRO,6,14642761.454930004
2006,MRO,7,17196599.11505
2006,MRO,8,16213734.09803
2006,MRO,9,13353877.875009999
2006,MRO,10,14220237.26399
2006,MRO,11,13724010.724019991
2006,MRO,12,15283087.20802
2006,NPCC,1,21749313.58497
2006,NPCC,2,20214354.17999
2006,NPCC,3,21645623.827020004
2006,NPCC,4,18607844.184010003
2006,NPCC,5,20615202.132999998
2006,NPCC,6,22782456.088010006
2006,NPCC,7,26894099.796030004
2006,NPCC,8,25566524.900959995
2006,NPCC,9,21308591.552990004
2006,NPCC,10,20469378.886990007
2006,NPCC,11,20166532.12799
2006,NPCC,12,21387970.397
2006,RFC,1,76578816.24996002
2006,RFC,2,71470013.59695998
2006,RFC,3,73130862.75201003
2006,RFC,4,64814671.03207003
2006,RFC,5,70760210.29999
2006,RFC,6,77042759.74903
2006,RFC,7,88803544.90404002
2006,RFC,8,88186846.92704996
2006,RFC,9,68396835.66003999
2006,RFC,10,69944709.48595998
2006,RFC,11,69785359.68802002
2006,RFC,12,75445951.62400998
2006,SERC,1,87639108.83696
2006,SERC,2,82996149.49996997
2006,SERC,3,83311161.89500001
2006,SERC,4,77737901.10902002
2006,SERC,5,86055335.93604
2006,SERC,6,96718308.37103003
2006,SERC,7,108987653.85307002
2006,SERC,8,111096118.12698
2006,SERC,9,88973372.88205998
2006,SERC,10,85791748.71499999
2006,SERC,11,82849349.10306
2006,SERC,12,89621537.08499
2006,SPP,1,11273643.065010004
2006,SPP,2,9945573.12599
2006,SPP,3,9441684.533010002
2006,SPP,4,10358201.387960002
2006,SPP,5,12189119.968030004
2006,SPP,6,13474011.01602
2006,SPP,7,15256700.430979999
2006,SPP,8,15203181.33999
2006,SPP,9,11583233.215990001
2006,SPP,10,11338888.148009999
2006,SPP,11,11404979.822989998
2006,SPP,12,11835734.631989999
2006,TRE,1,24303111.805000003
2006,TRE,2,23347532.44001
2006,TRE,3,25459541.165000003
2006,TRE,4,26456215.960989997
2006,TRE,5,30372255.005999997
2006,TRE,6,32879696.438009996
2006,TRE,7,36003043.449999996
2006,TRE,8,38052866.048990004
2006,TRE,9,30461326.244990002
2006,TRE,10,26944483.150009993
2006,TRE,11,24046180.761010002
2006,TRE,12,26784631.457010005
2006,WECC,1,58819125.04497996
2006,WECC,2,53215790.17703001
2006,WECC,3,57539235.82696998
2006,WECC,4,53469375.379980005
2006,WECC,5,59720289.79702999
2006,WECC,6,65647692.589039996
2006,WECC,7,72779536.62497
2006,WECC,8,68376589.89199
2006,WECC,9,59771850.03699002
2006,WECC,10,57375912.570009984
2006,WECC,11,55540239.936009996
2006,WECC,12,60927699.474960014
2007,-,1,8522187.727
2007,-,2,8082032.364
2007,-,3,8071237.9240000015
2007,-,4,7252116.579000001
2007,-,5,6970646.624999999
2007,-,6,8587626.830999998
2007,-,7,9473414.351000002
2007,-,8,10291016.624
2007,-,9,8628131.611000001
2007,-,10,7808302.618
2007,-,11,7157149.009
2007,-,12,8576496.471
2007,FRCC,1,15749400.763
2007,FRCC,2,15077753.353000002
2007,FRCC,3,15627319.729999999
2007,FRCC,4,15689607.963999998
2007,FRCC,5,17742386.553999998
2007,FRCC,6,19718137.875000004
2007,FRCC,7,21147808.333999995
2007,FRCC,8,22710300.666
2007,FRCC,9,20217770.873999998
2007,FRCC,10,18892229.995
2007,FRCC,11,14831672.808
2007,FRCC,12,15825187.815000001
2007,MRO,1,15575394.668
2007,MRO,2,14395988.057000002
2007,MRO,3,13828727.558
2007,MRO,4,13402168.369999994
2007,MRO,5,13777964.672999999
2007,MRO,6,15069045.861999994
2007,MRO,7,16767924.301000006
2007,MRO,8,17022670.535000004
2007,MRO,9,14496577.134
2007,MRO,10,14292009.828000009
2007,MRO,11,14284160.501
2007,MRO,12,16030780.390000004
2007,NPCC,1,22545540.455000002
2007,NPCC,2,21455599.581
2007,NPCC,3,22070022.574999996
2007,NPCC,4,19814219.251000002
2007,NPCC,5,20137186.882999998
2007,NPCC,6,21867818.152000003
2007,NPCC,7,24377656.007000003
2007,NPCC,8,25454826.897999994
2007,NPCC,9,21739207.012000002
2007,NPCC,10,20636817.857
2007,NPCC,11,19457800.059
2007,NPCC,12,22243862.935
2007,RFC,1,77237061.92300001
2007,RFC,2,74529482.46599999
2007,RFC,3,71710356.40999998
2007,RFC,4,66645676.215
2007,RFC,5,70942266.25799999
2007,RFC,6,78667041.57799998
2007,RFC,7,83960417.603
2007,RFC,8,90973208.752
2007,RFC,9,76233319.74300002
2007,RFC,10,71337453.57000002
2007,RFC,11,70741965.06500001
2007,RFC,12,77607930.819
2007,SERC,1,95086317.86899997
2007,SERC,2,89631004.56000002
2007,SERC,3,84850668.374
2007,SERC,4,79649208.81099999
2007,SERC,5,88985620.34799996
2007,SERC,6,99573148.41999999
2007,SERC,7,104749874.64900003
2007,SERC,8,117489781.39299998
2007,SERC,9,95204889.875
2007,SERC,10,88460562.01099998
2007,SERC,11,82267135.29900001
2007,SERC,12,92082182.25300004
2007,SPP,1,12382936.842999998
2007,SPP,2,10690575.782
2007,SPP,3,10033706.055
2007,SPP,4,10322305.817
2007,SPP,5,11917150.025999999
2007,SPP,6,12850170.851999998
2007,SPP,7,14650136.239000004
2007,SPP,8,16065468.333999999
2007,SPP,9,12940083.561000003
2007,SPP,10,12245703.329
2007,SPP,11,11684230.065000001
2007,SPP,12,12578724.093
2007,TRE,1,30199680.753999997
2007,TRE,2,25055817.24300001
2007,TRE,3,25456080.988
2007,TRE,4,24376936.559
2007,TRE,5,28243402.150000006
2007,TRE,6,31635361.557000004
2007,TRE,7,33358690.235000003
2007,TRE,8,37100452.872
2007,TRE,9,32209149.905
2007,TRE,10,29144965.125
2007,TRE,11,25864042.251000006
2007,TRE,12,27347686.481000002
2007,WECC,1,63581053.27399998
2007,WECC,2,52872589.919999965
2007,WECC,3,57357347.93100001
2007,WECC,4,55084093.789000005
2007,WECC,5,59955546.504999995
2007,WECC,6,62871962.75000001
2007,WECC,7,71822825.09599997
2007,WECC,8,71004525.82800001
2007,WECC,9,61878591.549
2007,WECC,10,57932316.011
2007,WECC,11,56687324.36400001
2007,WECC,12,61891404.192
2008,-,1,8820664.174999999
2008,-,2,7820282.129
2008,-,3,7775787.998
2008,-,4,7595376.751000001
2008,-,5,8429275.687
2008,-,6,9784174.984
2008,-,7,10673387.851000002
2008,-,8,10096526.688000001
2008,-,9,8774232.793999998
2008,-,10,8586501.392
2008,-,11,7015158.488000001
2008,-,12,8087502.317
2008,FRCC,1,16379365.956999999
2008,FRCC,2,14869545.885000002
2008,FRCC,3,15559645.852000002
2008,FRCC,4,15906334.963999998
2008,FRCC,5,18601357.701
2008,FRCC,6,20019236.944
2008,FRCC,7,19897449.837
2008,FRCC,8,20739907.531999998
2008,FRCC,9,19866611.855
2008,FRCC,10,16819027.359
2008,FRCC,11,14496874.246
2008,FRCC,12,14503737.123
2008,MRO,1,16732792.286999993
2008,MRO,2,15308944.065000007
2008,MRO,3,14853140.187
2008,MRO,4,14367907.859000003
2008,MRO,5,14102590.273999996
2008,MRO,6,14344487.583000002
2008,MRO,7,16998845.791000005
2008,MRO,8,16898113.159000006
2008,MRO,9,14430840.469999999
2008,MRO,10,14676199.899000004
2008,MRO,11,15321807.844999999
2008,MRO,12,17597949.619000003
2008,NPCC,1,21741758.846000005
2008,NPCC,2,20029570.806
2008,NPCC,3,20665159.988000005
2008,NPCC,4,17858920.346
2008,NPCC,5,19062098.308
2008,NPCC,6,21839913.092
2008,NPCC,7,24619402.676
2008,NPCC,8,22654321.873999998
2008,NPCC,9,21033388.172000002
2008,NPCC,10,20707253.397000004
2008,NPCC,11,20757978.665
2008,NPCC,12,22502130.696000002
2008,RFC,1,82085566.78799997
2008,RFC,2,74979802.39500004
2008,RFC,3,73116242.08900003
2008,RFC,4,65693438.07000002
2008,RFC,5,66202803.22999998
2008,RFC,6,79356168.02399997
2008,RFC,7,86289144.89700004
2008,RFC,8,80696168.43499999
2008,RFC,9,71216595.56399997
2008,RFC,10,67243560.91800001
2008,RFC,11,68107653.45299998
2008,RFC,12,75743011.693
2008,SERC,1,99001592.69099995
2008,SERC,2,88103342.16500002
2008,SERC,3,85105247.05600001
2008,SERC,4,80333483.411
2008,SERC,5,85220127.43199998
2008,SERC,6,100285452.27800001
2008,SERC,7,106389382.198
2008,SERC,8,103614889.49700002
2008,SERC,9,88663663.99700001
2008,SERC,10,82892616.331
2008,SERC,11,83838585.59300002
2008,SERC,12,91772413.91099998
2008,SPP,1,12767259.037000002
2008,SPP,2,11255343.726
2008,SPP,3,10511341.052000001
2008,SPP,4,9842322.729999999
2008,SPP,5,11401363.510999998
2008,SPP,6,13750680.397000004
2008,SPP,7,15149760.420999998
2008,SPP,8,14569475.945
2008,SPP,9,12123596.069999998
2008,SPP,10,11460469.993
2008,SPP,11,11182722.618
2008,SPP,12,12621080.256
2008,TRE,1,29323784.727999996
2008,TRE,2,25566171.938
2008,TRE,3,26913363.977000006
2008,TRE,4,25882788.24
2008,TRE,5,30903127.224999998
2008,TRE,6,34857927.073
2008,TRE,7,36627980.352000006
2008,TRE,8,35905115.66
2008,TRE,9,27792188.303000003
2008,TRE,10,26299261.947
2008,TRE,11,23349697.582000002
2008,TRE,12,26412479.564999994
2008,WECC,1,64064384.84399998
2008,WECC,2,56625948.096999995
2008,WECC,3,58401329.129000016
2008,WECC,4,58551283.349
2008,WECC,5,60618081.866
2008,WECC,6,66641618.839999996
2008,WECC,7,72666731.30500005
2008,WECC,8,71733217.88200001
2008,WECC,9,62742803.41299999
2008,WECC,10,59270990.47
2008,WECC,11,55205833.25100002
2008,WECC,12,62738011.111999996
2009,-,1,8744864.639
2009,-,2,7670327.763999999
2009,-,3,7301986.018999999
2009,-,4,7492952.898000001
2009,-,5,8572409.059999999
2009,-,6,9639272.404000003
2009,-,7,10062534.651999997
2009,-,8,9882696.9
2009,-,9,7581558.123
2009,-,10,7293060.534000001
2009,-,11,7751660.249
2009,-,12,9243956.578
2009,FRCC,1,15592100.615
2009,FRCC,2,13989461.158
2009,FRCC,3,14796303.258
2009,FRCC,4,15362253.851999998
2009,FRCC,5,17788941.109999996
2009,FRCC,6,19684949.254000004
2009,FRCC,7,20198103.297000002
2009,FRCC,8,20745887.886000004
2009,FRCC,9,18823290.965000004
2009,FRCC,10,17562401.93
2009,FRCC,11,14200783.288000003
2009,FRCC,12,15064118.641
2009,MRO,1,17154118.446
2009,MRO,2,14789616.900999995
2009,MRO,3,15310453.762000002
2009,MRO,4,13869683.674999999
2009,MRO,5,13758657.100999994
2009,MRO,6,14664917.657000002
2009,MRO,7,15777031.444999997
2009,MRO,8,15938537.397
2009,MRO,9,14527221.43
2009,MRO,10,14698602.748999994
2009,MRO,11,14836628.530000007
2009,MRO,12,17208346.269
2009,NPCC,1,23106509.127
2009,NPCC,2,19766508.012999997
2009,NPCC,3,20717161.168
2009,NPCC,4,18885430.459000003
2009,NPCC,5,18809423.455
2009,NPCC,6,19050718.967
2009,NPCC,7,21624904.617999997
2009,NPCC,8,23369161.910000004
2009,NPCC,9,19246665.083000004
2009,NPCC,10,18108786.591999996
2009,NPCC,11,18568425.834000003
2009,NPCC,12,21333342.502000004
2009,RFC,1,78894032.55299999
2009,RFC,2,65915861.40599997
2009,RFC,3,66222989.07199998
2009,RFC,4,59724116.915
2009,RFC,5,62009657.393000044
2009,RFC,6,68733516.47499998
2009,RFC,7,71668980.33700003
2009,RFC,8,77937556.70000002
2009,RFC,9,63807032.68199998
2009,RFC,10,64323653.79200001
2009,RFC,11,62927553.34199998
2009,RFC,12,75622272.81199998
2009,SERC,1,97990596.07
2009,SERC,2,81883930.153
2009,SERC,3,81675075.857
2009,SERC,4,75066777.27400002
2009,SERC,5,80595240.04699999
2009,SERC,6,95905561.71099998
2009,SERC,7,97890915.50000001
2009,SERC,8,101116204.205
2009,SERC,9,86837117.39300004
2009,SERC,10,80281521.03900002
2009,SERC,11,78179926.752
2009,SERC,12,95341780.83100002
2009,SPP,1,12404786.754999999
2009,SPP,2,10665443.348
2009,SPP,3,11040455.824000003
2009,SPP,4,10486466.059
2009,SPP,5,11946829.551000003
2009,SPP,6,14164903.077
2009,SPP,7,14923229.272
2009,SPP,8,14577053.038
2009,SPP,9,12485723.484
2009,SPP,10,10664254.213
2009,SPP,11,10545637.302000001
2009,SPP,12,13093199.268
2009,TRE,1,26847719.877
2009,TRE,2,22407212.617000002
2009,TRE,3,25721614.539000005
2009,TRE,4,24643181.133
2009,TRE,5,28783933.527
2009,TRE,6,34455838.894999996
2009,TRE,7,36959387.173999995
2009,TRE,8,37034871.117
2009,TRE,9,29626297.735999998
2009,TRE,10,26384497.699
2009,TRE,11,23584200.612999998
2009,TRE,12,28619276.671999995
2009,WECC,1,61896986.031
2009,WECC,2,53828859.48
2009,WECC,3,57546860.92599998
2009,WECC,4,54305425.532000005
2009,WECC,5,59116783.83099999
2009,WECC,6,60234067.954
2009,WECC,7,71671791.53
2009,WECC,8,68096732.024
2009,WECC,9,63085796.795000024
2009,WECC,10,57121763.55000001
2009,WECC,11,55341047.34800001
2009,WECC,12,62873968.708
2010,-,1,9136329.486
2010,-,2,7867770.599
2010,-,3,8019753.222000001
2010,-,4,6724228.664999999
2010,-,5,7868804.533000001
2010,-,6,9475309.083000004
2010,-,7,10452184.704
2010,-,8,10409021.222000001
2010,-,9,8474335.537999997
2010,-,10,7354850.683999999
2010,-,11,7131848.852
2010,-,12,8372758.483000001
2010,FRCC,1,18420073.751000002
2010,FRCC,2,14959539.433000004
2010,FRCC,3,14795988.961
2010,FRCC,4,14258545.859000001
2010,FRCC,5,18313841.211999997
2010,FRCC,6,20753501.776999995
2010,FRCC,7,20943664.372999996
2010,FRCC,8,21062978.726999994
2010,FRCC,9,19587004.395
2010,FRCC,10,16281029.249999998
2010,FRCC,11,14540322.636000002
2010,FRCC,12,17445285.929000005
2010,MRO,1,17311247.092000004
2010,MRO,2,15512700.538
2010,MRO,3,15719821.533000002
2010,MRO,4,14176508.864000002
2010,MRO,5,15285444.458000004
2010,MRO,6,16296365.013999997
2010,MRO,7,18333269.031000003
2010,MRO,8,18431595.886999995
2010,MRO,9,14721620.651999995
2010,MRO,10,14696761.850000001
2010,MRO,11,15258989.302999996
2010,MRO,12,17655947.851999998
2010,NPCC,1,21330891.445
2010,NPCC,2,19136329.351
2010,NPCC,3,19129688.185000006
2010,NPCC,4,17140694.502
2010,NPCC,5,19292227.713000003
2010,NPCC,6,22144957.963
2010,NPCC,7,26057523.396999996
2010,NPCC,8,24346352.757999994
2010,NPCC,9,21550504.564
2010,NPCC,10,20066837.329
2010,NPCC,11,20337587.317
2010,NPCC,12,22282607.101
2010,RFC,1,79311500.28199999
2010,RFC,2,69315984.206
2010,RFC,3,66265046.211
2010,RFC,4,60638095.515
2010,RFC,5,67429570.607
2010,RFC,6,78670611.61000003
2010,RFC,7,87183212.924
2010,RFC,8,85116962.452
2010,RFC,9,69111946.45500003
2010,RFC,10,63190720.649000004
2010,RFC,11,65470312.467999995
2010,RFC,12,79258177.23600003
2010,SERC,1,102410710.70500001
2010,SERC,2,91052321.62100004
2010,SERC,3,84320208.71699998
2010,SERC,4,75289772.586
2010,SERC,5,88232056.22600003
2010,SERC,6,103396620.12799995
2010,SERC,7,110592788.93799998
2010,SERC,8,111175195.856
2010,SERC,9,93201503.76299998
2010,SERC,10,79068441.729
2010,SERC,11,79971495.97
2010,SERC,12,103612144.37200001
2010,SPP,1,13229055.075999996
2010,SPP,2,11852256.914
2010,SPP,3,11606036.909
2010,SPP,4,10759104.866
2010,SPP,5,12278633.951
2010,SPP,6,14798712.929000003
2010,SPP,7,15625876.789000003
2010,SPP,8,16447826.061999999
2010,SPP,9,13462646.215999998
2010,SPP,10,11343155.244
2010,SPP,11,11432425.615
2010,SPP,12,12874972.954
2010,TRE,1,29426673.474
2010,TRE,2,26464560.421
2010,TRE,3,24431349.025
2010,TRE,4,23916027.507
2010,TRE,5,30735467.389999993
2010,TRE,6,35059233.345
2010,TRE,7,35516404.857
2010,TRE,8,39003315.638
2010,TRE,9,31641829.635999992
2010,TRE,10,26507265.491
2010,TRE,11,25049874.645999998
2010,TRE,12,27849320.797
2010,WECC,1,58378031.39399999
2010,WECC,2,52427151.395
2010,WECC,3,56962507.52299999
2010,WECC,4,54202413.11900001
2010,WECC,5,56749802.59900001
2010,WECC,6,62420765.12799999
2010,WECC,7,70599273.45899999
2010,WECC,8,69012619.713
2010,WECC,9,62192183.644999996
2010,WECC,10,58064090.901
2010,WECC,11,56869531.39799999
2010,WECC,12,61037430.47600001
2011,-,1,9486476.172999999
2011,-,2,7947864.808999999
2011,-,3,6730411.879999999
2011,-,4,7233045.092
2011,-,5,8446472.056
2011,-,6,10353432.575000001
2011,-,7,11217195.799000002
2011,-,8,10749249.712
2011,-,9,8338760.146
2011,-,10,7109674.163000001
2011,-,11,6715840.019
2011,-,12,8924719.668000001
2011,FRCC,1,15714737.675999999
2011,FRCC,2,13675958.735000001
2011,FRCC,3,14660478.4
2011,FRCC,4,16395137.587000005
2011,FRCC,5,17620614.408999998
2011,FRCC,6,19779566.516999997
2011,FRCC,7,20578081.2
2011,FRCC,8,21113552.175
2011,FRCC,9,19155440.934
2011,FRCC,10,15860431.704
2011,FRCC,11,14584953.072999999
2011,FRCC,12,14511478.292
2011,MRO,1,18019092.064
2011,MRO,2,15957089.686000003
2011,MRO,3,16955464.552
2011,MRO,4,14625167.645000007
2011,MRO,5,14512361.365000004
2011,MRO,6,15392133.002
2011,MRO,7,18554302.351999998
2011,MRO,8,17415250.886999995
2011,MRO,9,14428041.632000003
2011,MRO,10,15063534.536000013
2011,MRO,11,15436840.123
2011,MRO,12,16540225.303000003
2011,NPCC,1,21547569.985999998
2011,NPCC,2,19133824.537
2011,NPCC,3,20054779.911000002
2011,NPCC,4,17838031.636
2011,NPCC,5,18954452.223999996
2011,NPCC,6,21109156.343000002
2011,NPCC,7,25367248.791
2011,NPCC,8,23241617.077999994
2011,NPCC,9,20934912.761000007
2011,NPCC,10,19241390.89400001
2011,NPCC,11,19265068.925
2011,NPCC,12,20524097.336000003
2011,RFC,1,79188244.142
2011,RFC,2,67217003.29600003
2011,RFC,3,67492800.593
2011,RFC,4,60621641.234000005
2011,RFC,5,66009354.02900002
2011,RFC,6,74075340.82000002
2011,RFC,7,88450509.65099998
2011,RFC,8,81307810.13900001
2011,RFC,9,67974127.52899994
2011,RFC,10,63704069.545
2011,RFC,11,64188160.33300001
2011,RFC,12,70269231.84000002
2011,SERC,1,101966750.531
2011,SERC,2,84232790.86700001
2011,SERC,3,85337738.89299999
2011,SERC,4,78969225.087
2011,SERC,5,85765164.21900003
2011,SERC,6,100380976.27500005
2011,SERC,7,111740390.04200001
2011,SERC,8,108966368.28000002
2011,SERC,9,86711643.41500002
2011,SERC,10,79629122.613
2011,SERC,11,79482676.60000001
2011,SERC,12,87974394.39099994
2011,SPP,1,13069491.513999999
2011,SPP,2,11723492.401999999
2011,SPP,3,10941933.296
2011,SPP,4,11089476.226
2011,SPP,5,12116829.800999999
2011,SPP,6,15130712.378
2011,SPP,7,17655827.954
2011,SPP,8,17050646.407999996
2011,SPP,9,12718509.634999998
2011,SPP,10,11631807.050999999
2011,SPP,11,11677733.396000002
2011,SPP,12,12740451.423999999
2011,TRE,1,29637657.531999998
2011,TRE,2,26062907.896
2011,TRE,3,26092381.739
2011,TRE,4,28192533.521999996
2011,TRE,5,31557187.015000004
2011,TRE,6,37190472.079
2011,TRE,7,40176590.094
2011,TRE,8,42033583.66899999
2011,TRE,9,33702162.271
2011,TRE,10,28262766.607
2011,TRE,11,26181208.083
2011,TRE,12,29233305.382000003
2011,WECC,1,61569472.09100003
2011,WECC,2,56030151.604000024
2011,WECC,3,58613108.09300002
2011,WECC,4,55355522.80399999
2011,WECC,5,56725970.991000004
2011,WECC,6,61261834.578
2011,WECC,7,70029982.22699997
2011,WECC,8,70495885.139
2011,WECC,9,61964045.723000005
2011,WECC,10,56874034.16900001
2011,WECC,11,56219397.781000026
2011,WECC,12,62981382.96199999
2012,-,1,8783528.581
2012,-,2,8564549.278000003
2012,-,3,8286408.2129999995
2012,-,4,8334773.136
2012,-,5,8821397.514000002
2012,-,6,9803917.241
2012,-,7,11371534.504
2012,-,8,10619910.273999998
2012,-,9,8216240.372000001
2012,-,10,6806535.786
2012,-,11,6434298.87
2012,-,12,7899137.365
2012,FRCC,1,15005659.797
2012,FRCC,2,14243631.105999997
2012,FRCC,3,16215091.441000003
2012,FRCC,4,16011615.346
2012,FRCC,5,18487338.699
2012,FRCC,6,18622695.892
2012,FRCC,7,20461467.170000006
2012,FRCC,8,20018539.122999996
2012,FRCC,9,18319058.801000003
2012,FRCC,10,16875084.642
2012,FRCC,11,13761461.037
2012,FRCC,12,15826914.32699999
2012,MRO,1,16864128.517
2012,MRO,2,15401962.24899999
2012,MRO,3,14677593.960999997
2012,MRO,4,14316317.876000004
2012,MRO,5,14828807.805999998
2012,MRO,6,16283018.320999997
2012,MRO,7,19360212.417000007
2012,MRO,8,17097546.677
2012,MRO,9,14837271.516000004
2012,MRO,10,15372042.474000001
2012,MRO,11,15574575.691000003
2012,MRO,12,16583535.591000002
2012,NPCC,1,21014037.514999997
2012,NPCC,2,19491649.122
2012,NPCC,3,18920275.908000004
2012,NPCC,4,17608392.581000004
2012,NPCC,5,19346319.101999994
2012,NPCC,6,20678152.214999996
2012,NPCC,7,24956408.365000006
2012,NPCC,8,23941799.393
2012,NPCC,9,19653217.93
2012,NPCC,10,18469327.547000002
2012,NPCC,11,18189762.662999995
2012,NPCC,12,20260724.379000004
2012,RFC,1,72946764.20599997
2012,RFC,2,65153695.042999975
2012,RFC,3,64133788.043
2012,RFC,4,60457487.65399999
2012,RFC,5,67118132.798
2012,RFC,6,71706165.09
2012,RFC,7,86762045.26
2012,RFC,8,79136821.88500004
2012,RFC,9,64949604.36200001
2012,RFC,10,61817669.76399999
2012,RFC,11,64925142.81
2012,RFC,12,70220751.84499998
2012,SERC,1,91243719.85899998
2012,SERC,2,83030687.811
2012,SERC,3,78655564.382
2012,SERC,4,74731188.018
2012,SERC,5,90685296.76399998
2012,SERC,6,97292131.798
2012,SERC,7,113138028.91499998
2012,SERC,8,103935971.85099998
2012,SERC,9,87787979.267
2012,SERC,10,80785351.88099997
2012,SERC,11,82096830.81300001
2012,SERC,12,88898810.905
2012,SPP,1,12304726.125000002
2012,SPP,2,11098650.42
2012,SPP,3,11028487.788
2012,SPP,4,11420575.834000003
2012,SPP,5,13313642.848000001
2012,SPP,6,14780869.183
2012,SPP,7,17005842.121999998
2012,SPP,8,15303778.643000001
2012,SPP,9,13565546.282000002
2012,SPP,10,12310286.131
2012,SPP,11,12202792.415
2012,SPP,12,13322494.495
2012,TRE,1,28521299.446999997
2012,TRE,2,26124667.720000003
2012,TRE,3,28121435.851
2012,TRE,4,28359605.321
2012,TRE,5,32847311.95400001
2012,TRE,6,36391225.033
2012,TRE,7,38487346.50399999
2012,TRE,8,39448806.959
2012,TRE,9,33076585.263
2012,TRE,10,28942945.101999998
2012,TRE,11,26470714.048
2012,TRE,12,29395625.393
2012,WECC,1,60353097.79800003
2012,WECC,2,55129738.187999986
2012,WECC,3,57469122.90300001
2012,WECC,4,54888487.46099998
2012,WECC,5,59867785.305
2012,WECC,6,63617980.587000005
2012,WECC,7,69668941.96099997
2012,WECC,8,73102108.23699997
2012,WECC,9,63013224.171000004
2012,WECC,10,59163050.570999995
2012,WECC,11,55696997.67199999
2012,WECC,12,61452309.53400002
2013,-,1,8632578.994999997
2013,-,2,6974221.527000001
2013,-,3,7397572.675000001
2013,-,4,6209340.25
2013,-,5,7425931.7809999995
2013,-,6,8705253.009
2013,-,7,9578503.06
2013,-,8,10362240.726000002
2013,-,9,9066738.059999999
2013,-,10,7571853.075
2013,-,11,8050307.675000001
2013,-,12,8587953.791
2013,FRCC,1,15268272.874000002
2013,FRCC,2,14398630.713000001
2013,FRCC,3,15017767.709
2013,FRCC,4,15859053.090999998
2013,FRCC,5,17568564.559000004
2013,FRCC,6,19319934.629
2013,FRCC,7,19568181.221000005
2013,FRCC,8,20799600.900000002
2013,FRCC,9,18894454.016000003
2013,FRCC,10,17556482.273999993
2013,FRCC,11,15233931.267999997
2013,FRCC,12,15194307.400999999
2013,MRO,1,17595298.308
2013,MRO,2,15565543.502000004
2013,MRO,3,16145830.141999993
2013,MRO,4,14600233.46
2013,MRO,5,14309316.208
2013,MRO,6,14716653.215
2013,MRO,7,16877783.990000002
2013,MRO,8,17168089.203000005
2013,MRO,9,15273498.597999997
2013,MRO,10,14877460.067999994
2013,MRO,11,15796443.449999997
2013,MRO,12,17407093.506
2013,NPCC,1,21082684.77599999
2013,NPCC,2,18600078.286
2013,NPCC,3,19273170.937000003
2013,NPCC,4,17786556.400999997
2013,NPCC,5,18739249.569999993
2013,NPCC,6,20173775.594000004
2013,NPCC,7,25054478.591
2013,NPCC,8,21344698.295999985
2013,NPCC,9,19075770.795000006
2013,NPCC,10,18587853.647
2013,NPCC,11,19204735.469000004
2013,NPCC,12,20677094.913999997
2013,RFC,1,74805095.193
2013,RFC,2,67112257.07
2013,RFC,3,70638084.58399998
2013,RFC,4,61410427.08999999
2013,RFC,5,63725701.339000024
2013,RFC,6,69345264.15599996
2013,RFC,7,80131191.91999999
2013,RFC,8,75002633.05200003
2013,RFC,9,66429297.78899999
2013,RFC,10,63738985.591
2013,RFC,11,65719594.425000004
2013,RFC,12,75333277.52900003
2013,SERC,1,93388056.354
2013,SERC,2,85593189.45599999
2013,SERC,3,90154885.61700001
2013,SERC,4,78111693.24
2013,SERC,5,83939542.441
2013,SERC,6,96131202.27900003
2013,SERC,7,103161983.42099997
2013,SERC,8,102128627.76900002
2013,SERC,9,89774564.80899999
2013,SERC,10,81713370.29399998
2013,SERC,11,82682703.566
2013,SERC,12,93701223.90799999
2013,SPP,1,13647106.424999997
2013,SPP,2,12102420.498000002
2013,SPP,3,12828843.571999997
2013,SPP,4,11966290.404000001
2013,SPP,5,13181505.729
2013,SPP,6,15235681.029
2013,SPP,7,16313230.047000002
2013,SPP,8,16457738.998999996
2013,SPP,9,14371566.721
2013,SPP,10,12334309.436999999
2013,SPP,11,11916657.684999999
2013,SPP,12,13583146.38
2013,TRE,1,29483470.568000004
2013,TRE,2,24767962.053999998
2013,TRE,3,26531331.695
2013,TRE,4,26884883.189
2013,TRE,5,31642929.244
2013,TRE,6,35942988.592
2013,TRE,7,37762610.37799999
2013,TRE,8,39651141.59599999
2013,TRE,9,34758143.87100001
2013,TRE,10,29869930.128999997
2013,TRE,11,28810621.306
2013,TRE,12,32605200.141999997
2013,WECC,1,63389083.447000004
2013,WECC,2,54194090.68000001
2013,WECC,3,56864182.17400001
2013,WECC,4,56707107.584
2013,WECC,5,60252302.33900002
2013,WECC,6,65566254.69000001
2013,WECC,7,73114304.582
2013,WECC,8,70400670.523
2013,WECC,9,62529161.45499998
2013,WECC,10,58017291.88100001
2013,WECC,11,56618522.442
2013,WECC,12,64146881.022
2014,-,1,8551965.170000002
2014,-,2,8002980.367999998
2014,-,3,8200692.347000002
2014,-,4,6941315.127000001
2014,-,5,6546699.0299999975
2014,-,6,8386335.903000001
2014,-,7,9164805.307000002
2014,-,8,9896697.263000002
2014,-,9,7565874.102999999
2014,-,10,6097524.864000001
2014,-,11,6806620.726000001
2014,-,12,7585268.044
2014,FRCC,1,17253252.314
2014,FRCC,2,14417287.584999997
2014,FRCC,3,15760193.269000003
2014,FRCC,4,17059160.197
2014,FRCC,5,19092131.427
2014,FRCC,6,19100917.018
2014,FRCC,7,20508767.535000008
2014,FRCC,8,21389657.684
2014,FRCC,9,18837215.693
2014,FRCC,10,17485673.197999995
2014,FRCC,11,15032116.848999998
2014,FRCC,12,16111558.440000001
2014,MRO,1,19002549.044999998
2014,MRO,2,16704902.345000006
2014,MRO,3,17186218.147999994
2014,MRO,4,14947068.224
2014,MRO,5,15113881.281999998
2014,MRO,6,15884103.412
2014,MRO,7,17016594.571999997
2014,MRO,8,16925393.923000008
2014,MRO,9,15243052.601999998
2014,MRO,10,16390222.370999997
2014,MRO,11,17389688.797000006
2014,MRO,12,17630606.943
2014,NPCC,1,21552568.248
2014,NPCC,2,18960030.791999996
2014,NPCC,3,19671265.492999997
2014,NPCC,4,17336181.768000003
2014,NPCC,5,18164493.394
2014,NPCC,6,20093451.426
2014,NPCC,7,22653958.878
2014,NPCC,8,20826913.587000005
2014,NPCC,9,18916019.954
2014,NPCC,10,18643183.175
2014,NPCC,11,18673639.994
2014,NPCC,12,19751699.402000003
2014,RFC,1,81947572.213
2014,RFC,2,71226792.30999999
2014,RFC,3,73763522.90900002
2014,RFC,4,61810847.91599999
2014,RFC,5,63530163.547000006
2014,RFC,6,71672796.46299998
2014,RFC,7,75067541.12499999
2014,RFC,8,74555140.18600003
2014,RFC,9,66659191.843
2014,RFC,10,62420693.59100001
2014,RFC,11,66174225.31800002
2014,RFC,12,71008736.72599998
2014,SERC,1,107618757.31000003
2014,SERC,2,88266115.53899999
2014,SERC,3,87783496.19799998
2014,SERC,4,75395127.42899998
2014,SERC,5,86139824.08
2014,SERC,6,96223484.22399999
2014,SERC,7,100588173.36499996
2014,SERC,8,102302812.553
2014,SERC,9,89246804.553
2014,SERC,10,81220187.79100001
2014,SERC,11,85974814.68699999
2014,SERC,12,89467919.51499999
2014,SPP,1,14566954.634999998
2014,SPP,2,13053676.888
2014,SPP,3,12481739.606000002
2014,SPP,4,11242632.993
2014,SPP,5,12082597.009000001
2014,SPP,6,14166423.265
2014,SPP,7,15794779.489
2014,SPP,8,16447596.72
2014,SPP,9,13277558.116999999
2014,SPP,10,12191885.013999999
2014,SPP,11,12649058.537000002
2014,SPP,12,13632976.357000003
2014,TRE,1,32725590.746000007
2014,TRE,2,28526316.803999998
2014,TRE,3,28725272.075999998
2014,TRE,4,27707330.707000002
2014,TRE,5,31606965.567999996
2014,TRE,6,35197680.771000005
2014,TRE,7,38164188.958
2014,TRE,8,39679391.6
2014,TRE,9,34710756.231000006
2014,TRE,10,30962873.49199999
2014,TRE,11,28427026.156
2014,TRE,12,30248840.877
2014,WECC,1,61016916.64599999
2014,WECC,2,54549871.11
2014,WECC,3,57922970.799
2014,WECC,4,55824616.12799999
2014,WECC,5,60734926.61299999
2014,WECC,6,64557901.348999985
2014,WECC,7,73789453.75199999
2014,WECC,8,69225974.58299997
2014,WECC,9,64112256.54200001
2014,WECC,10,59252170.389999986
2014,WECC,11,56396351.51100001
2014,WECC,12,60245411.694
2015,-,1,8250746.093
2015,-,2,7142426.285999999
2015,-,3,7359247.887
2015,-,4,7034553.693999999
2015,-,5,6834841.991
2015,-,6,8754210.847000001
2015,-,7,9807159.661
2015,-,8,9572365.736000001
2015,-,9,7953692.583
2015,-,10,6646942.412000001
2015,-,11,6008448.476999999
2015,-,12,7603227.6329999985
2015,FRCC,1,15591244.660999998
2015,FRCC,2,15052212.127000002
2015,FRCC,3,17156335.95
2015,FRCC,4,17567232.674999993
2015,FRCC,5,19252879.989000004
2015,FRCC,6,20363294.398999996
2015,FRCC,7,21096262.647
2015,FRCC,8,21340344.668
2015,FRCC,9,19650810.073000003
2015,FRCC,10,18303384.729999997
2015,FRCC,11,16536203.297999997
2015,FRCC,12,16786398.455
2015,MRO,1,18494897.962999996
2015,MRO,2,17399296.566
2015,MRO,3,16790651.062
2015,MRO,4,14719107.874999998
2015,MRO,5,14939373.810999999
2015,MRO,6,15789159.722000003
2015,MRO,7,18241680.146
2015,MRO,8,17542495.861999996
2015,MRO,9,16515568.592000002
2015,MRO,10,15869770.115999999
2015,MRO,11,15465269.913999999
2015,MRO,12,16865866.034
2015,NPCC,1,20182153.052
2015,NPCC,2,19087063.922999997
2015,NPCC,3,19123673.338
2015,NPCC,4,17308785.021
2015,NPCC,5,19201866.922999997
2015,NPCC,6,19811271.569999997
2015,NPCC,7,23195379.44400001
2015,NPCC,8,23148661.134999987
2015,NPCC,9,19909332.750000004
2015,NPCC,10,18159929.075
2015,NPCC,11,17763346.549
2015,NPCC,12,18913387.997999992
2015,RFC,1,77838629.05999999
2015,RFC,2,73434469.596
2015,RFC,3,69701273.22399998
2015,RFC,4,57108033.23499999
2015,RFC,5,62729705.098999985
2015,RFC,6,68692530.74699998
2015,RFC,7,76482608.648
2015,RFC,8,75057838.701
2015,RFC,9,69717161.10699998
2015,RFC,10,61777952.269000016
2015,RFC,11,61096369.298
2015,RFC,12,63083398.188999996
2015,SERC,1,95684972.76200001
2015,SERC,2,93399116.02200001
2015,SERC,3,83996167.075
2015,SERC,4,75063899.96800002
2015,SERC,5,86580837.74999999
2015,SERC,6,99369765.64100005
2015,SERC,7,109086903.94599995
2015,SERC,8,103964837.367
2015,SERC,9,89802012.016
2015,SERC,10,79389169.353
2015,SERC,11,77472428.47900002
2015,SERC,12,82967434.40799999
2015,SPP,1,13728095.329999998
2015,SPP,2,12729737.990999999
2015,SPP,3,12282649.72
2015,SPP,4,11482931.982999997
2015,SPP,5,13022706.471
2015,SPP,6,14764013.694
2015,SPP,7,17208936.911
2015,SPP,8,16158333.269000001
2015,SPP,9,15054251.396000002
2015,SPP,10,11998441.999
2015,SPP,11,12754528.473000001
2015,SPP,12,14209610.319
2015,TRE,1,32411249.629000004
2015,TRE,2,28873498.523
2015,TRE,3,29341601.580999997
2015,TRE,4,28667901.434
2015,TRE,5,31869436.558
2015,TRE,6,36957812.048999995
2015,TRE,7,41529780.302
2015,TRE,8,41372491.817999996
2015,TRE,9,36398160.01500001
2015,TRE,10,31697781.725999996
2015,TRE,11,28152953.370000005
2015,TRE,12,30839911.129
2015,WECC,1,59340070.381000005
2015,WECC,2,51791088.766
2015,WECC,3,56812351.989
2015,WECC,4,53538392.48099999
2015,WECC,5,55726894.522
2015,WECC,6,64619548.213000014
2015,WECC,7,69686996.91800001
2015,WECC,8,70902280.60899998
2015,WECC,9,63434990.42400002
2015,WECC,10,58769542.387
2015,WECC,11,54314467.79400001
2015,WECC,12,60813684.688000016
2016,-,1,7903633.738095754
2016,-,2,5925335.11692087
2016,-,3,6272801.2147071
2016,-,4,6023628.026902433
2016,-,5,6666487.683198223
2016,-,6,8423621.86839353
2016,-,7,9342531.33228664
2016,-,8,9026098.741930531
2016,-,9,7728067.378864569
2016,-,10,5616819.89026623
2016,-,11,5407487.871407269
2016,-,12,7449575.597584421
2016,FRCC,1,16858076.802999996
2016,FRCC,2,15608856.996000001
2016,FRCC,3,16459058.964999998
2016,FRCC,4,17834644.680999998
2016,FRCC,5,19356642.03
2016,FRCC,6,21365678.555000003
2016,FRCC,7,23209798.061
2016,FRCC,8,22319104.505999997
2016,FRCC,9,20621546.440999996
2016,FRCC,10,17955164.770999998
2016,FRCC,11,15598574.967
2016,FRCC,12,16641630.340000002
2016,MRO,1,17880149.352746844
2016,MRO,2,16104621.592421103
2016,MRO,3,15214259.749480376
2016,MRO,4,14078078.321549878
2016,MRO,5,14184918.124365997
2016,MRO,6,16500334.079919867
2016,MRO,7,18458527.39556973
2016,MRO,8,18623398.334473453
2016,MRO,9,16048461.453815443
2016,MRO,10,15124493.227249932
2016,MRO,11,15112211.04440523
2016,MRO,12,18365266.93110233
2016,NPCC,1,20210019.804999996
2016,NPCC,2,18708873.386
2016,NPCC,3,18344707.073000003
2016,NPCC,4,17205405.497000005
2016,NPCC,5,18644306.013000004
2016,NPCC,6,19116489.632999994
2016,NPCC,7,22963792.768000003
2016,NPCC,8,23538696.442
2016,NPCC,9,18976890.759
2016,NPCC,10,17396880.226999998
2016,NPCC,11,17005066.957999997
2016,NPCC,12,18863096.737
2016,RFC,1,74144047.07171804
2016,RFC,2,66208226.57829155
2016,RFC,3,61227787.68771642
2016,RFC,4,57645522.00535277
2016,RFC,5,60405758.340643995
2016,RFC,6,69898120.39541082
2016,RFC,7,80773686.94048576
2016,RFC,8,83702110.37593055
2016,RFC,9,69789904.51128821
2016,RFC,10,62006608.26728065
2016,RFC,11,61126149.300688006
2016,RFC,12,72263891.44463399
2016,SERC,1,97402936.22750022
2016,SERC,2,85362928.83508039
2016,SERC,3,77858504.79504971
2016,SERC,4,74918391.43124726
2016,SERC,5,84707342.25606917
2016,SERC,6,100668930.92656174
2016,SERC,7,111711789.13617255
2016,SERC,8,111470560.1699564
2016,SERC,9,94269046.28735052
2016,SERC,10,81059141.0823501
2016,SERC,11,77696333.81248432
2016,SERC,12,91413730.34766556
2016,SPP,1,15041971.188309262
2016,SPP,2,13811193.180598296
2016,SPP,3,13753062.29607787
2016,SPP,4,12861635.570986306
2016,SPP,5,14288467.903590528
2016,SPP,6,17086336.89876205
2016,SPP,7,18990625.805045314
2016,SPP,8,17626350.710871432
2016,SPP,9,15112674.300350348
2016,SPP,10,14208806.592063174
2016,SPP,11,13523224.847849686
2016,SPP,12,15715448.980788998
2016,TRE,1,31762816.845290825
2016,TRE,2,27851582.333221804
2016,TRE,3,28765932.32049872
2016,TRE,4,28776195.98885616
2016,TRE,5,31919343.901296336
2016,TRE,6,37014332.53667351
2016,TRE,7,41887039.582431644
2016,TRE,8,40580686.226650484
2016,TRE,9,37155360.75467625
2016,TRE,10,32629913.06461137
2016,TRE,11,28510057.368689977
2016,TRE,12,31133392.54839761
2016,WECC,1,59751816.588339105
2016,WECC,2,53200653.765466005
2016,WECC,3,55420415.77146984
2016,WECC,4,53465058.00310519
2016,WECC,5,56596056.86083573
2016,WECC,6,66004149.842278495
2016,WECC,7,72105718.12805027
2016,WECC,8,70650010.55011953
2016,WECC,9,60843790.0784167
2016,WECC,10,57278727.80526447
2016,WECC,11,54360958.33550225
2016,WECC,12,62408074.124827094
2017,-,1,7414604.346537027
2017,-,2,5755998.305143351
2017,-,3,5844202.286671508
2017,-,4,4681563.150814015
2017,-,5,5227569.71174026
2017,-,6,7386652.169819441
2017,FRCC,1,16127861.988000002
2017,FRCC,2,14650480.056
2017,FRCC,3,17070699.864
2017,FRCC,4,17736798.395
2017,FRCC,5,20042606.933999997
2017,FRCC,6,20255978.305000003
2017,MRO,1,16957612.797853064
2017,MRO,2,14670000.50457013
2017,MRO,3,15209918.155935338
2017,MRO,4,13750730.015600543
2017,MRO,5,14570741.941415088
2017,MRO,6,15752407.378865868
2017,NPCC,1,18620977.318
2017,NPCC,2,16654975.735000003
2017,NPCC,3,19130104.637000002
2017,NPCC,4,15342681.298000002
2017,NPCC,5,17244415.929
2017,NPCC,6,19463966.232
2017,RFC,1,67625562.06398952
2017,RFC,2,57640539.19248669
2017,RFC,3,63426933.00635435
2017,RFC,4,55777461.23432817
2017,RFC,5,58633611.110294886
2017,RFC,6,67040862.972884096
2017,SERC,1,91322096.77564107
2017,SERC,2,75568410.99517792
2017,SERC,3,83760128.63442935
2017,SERC,4,77426753.27473997
2017,SERC,5,86012291.5892324
2017,SERC,6,95366951.449693
2017,SPP,1,16072033.384285968
2017,SPP,2,13944127.548425633
2017,SPP,3,16031330.597351143
2017,SPP,4,15053955.8953938
2017,SPP,5,15537997.172775239
2017,SPP,6,16750477.48784397
2017,TRE,1,30269164.55852588
2017,TRE,2,25693959.650164146
2017,TRE,3,27918264.561665706
2017,TRE,4,28647495.040535387
2017,TRE,5,33066438.854728155
2017,TRE,6,36158977.21436488
2017,WECC,1,61979520.94544928
2017,WECC,2,51403327.37469747
2017,WECC,3,55521772.91374547
2017,WECC,4,52045100.28561587
2017,WECC,5,56409161.15983752
2017,WECC,6,62815484.14632292
