fuel category,year,quarter,plant id,total fuel (mmbtu),generation (MWh),elec fuel (mmbtu),lat,lon,all fuel fossil CO2 (kg),elec fuel fossil CO2 (kg),all fuel total CO2 (kg),elec fuel total CO2 (kg),year_quarter
Coal,2002,1,127053,4138268.0,375783.831,3979266.0,249.959541,-1883.263542,400179143.1,385011707.4,400179143.1,385011707.4,2002 Q1
Coal,2002,2,127053,4511334.0,402916.774,4287672.0,249.959541,-1883.263542,436015453.8,414792963.3,436015453.8,414792963.3,2002 Q2
Coal,2002,3,127053,4315006.0,401359.003,4156646.0,249.959541,-1883.263542,417564281.4,402435844.2,417564281.4,402435844.2,2002 Q3
Coal,2002,4,127053,3814714.0,365737.029,3753611.0,249.959541,-1883.263542,369707319.0,363768107.4,369707319.0,363768107.4,2002 Q4
Coal,2003,1,95034,4299898.0,405187.201,4124390.0,186.049284,-1408.943958,415861124.7,399151713.6,415861124.7,399151713.6,2003 Q1
Coal,2003,2,95034,4430253.0,410163.53,4314483.0,186.049284,-1408.943958,428448919.5,417365901.0,428448919.5,417365901.0,2003 Q2
Coal,2003,3,95034,4370232.0,405253.6,4231098.0,186.049284,-1408.943958,422697889.8,409418006.1,422697889.8,409418006.1,2003 Q3
Coal,2003,4,95034,4570916.0,417207.67,4370761.0,186.049284,-1408.943958,442009296.6,422896264.5,442009296.6,422896264.5,2003 Q4
Coal,2004,1,127053,4438217.56,382957.82644,3741339.91,249.959541,-1883.263542,428937835.518,362393204.637,428937835.518,362393204.637,2004 Q1
Coal,2004,2,127053,4431266.75,373176.45371,3647169.67,249.959541,-1883.263542,428266500.741,353243771.31,428266500.741,353243771.31,2004 Q2
Coal,2004,3,127053,4526435.61,415530.75735,4054911.88,249.959541,-1883.263542,437486259.855,392847737.34,437486259.855,392847737.34,2004 Q3
Coal,2004,4,127053,4605087.14,432086.28496,4214293.08,249.959541,-1883.263542,445140613.272,408347455.812,445140613.272,408347455.812,2004 Q4
Coal,2005,1,95850,4013622.21,392674.55583,3741650.31,190.422873,-1418.001042,388718251.818,363247824.09,388718251.818,363247824.09,2005 Q1
Coal,2005,2,95850,4145335.71,412893.87028,3906777.2,190.422873,-1418.001042,401563961.028,379306452.045,401563961.028,379306452.045,2005 Q2
Coal,2005,3,95850,4153577.64,409605.23373,3887414.21,190.422873,-1418.001042,402195743.85,377362695.831,402195743.85,377362695.831,2005 Q3
Coal,2005,4,95850,4232892.38,415744.37884,3969535.26,190.422873,-1418.001042,409990899.645,385386492.753,409990899.645,385386492.753,2005 Q4
Coal,2006,1,95850,3486660.5,334708.94176,3220968.9,190.422873,-1418.001042,337537880.067,312691847.448,337537880.067,312691847.448,2006 Q1
Coal,2006,2,95850,4008592.89,394482.87307,3743558.92,190.422873,-1418.001042,388283098.713,363474863.112,388283098.713,363474863.112,2006 Q2
Coal,2006,3,95850,4259383.72,417236.98946,3986051.27,190.422873,-1418.001042,412511754.402,387009836.817,412511754.402,387009836.817,2006 Q3
Coal,2006,4,95850,4134801.41,402166.37089,3872372.04,190.422873,-1418.001042,400677904.743,376032696.927,400677904.743,376032696.927,2006 Q4
Coal,2007,1,117196,4335972.0,417817.078,3973882.0,233.029711,-1734.214098,404546187.6,370763190.6,404546187.6,370763190.6,2007 Q1
Coal,2007,2,117196,4178932.0,413404.222,3939922.0,233.029711,-1734.214098,389894355.6,367594722.6,389894355.6,367594722.6,2007 Q2
Coal,2007,3,127869,4688823.0,423254.753,4063895.0,254.33313,-1892.320626,437467185.9,379161403.5,437467185.9,379161403.5,2007 Q3
Coal,2007,4,127869,4008961.0,324455.295,3124817.0,254.33313,-1892.320626,374036061.3,291545426.1,374036061.3,291545426.1,2007 Q4
Coal,2008,1,127869,4430557.0,417461.124,4020531.0,254.33313,-1892.320626,413370968.1,375115542.3,413370968.1,375115542.3,2008 Q1
Coal,2008,2,127869,4476005.0,408126.924,3930435.0,254.33313,-1892.320626,417611266.5,366709585.5,417611266.5,366709585.5,2008 Q2
Coal,2008,3,127869,4506685.0,412111.904,3968728.0,254.33313,-1892.320626,420473710.5,370282322.4,420473710.5,370282322.4,2008 Q3
Coal,2008,4,127869,4433467.0,409891.941,3881109.0,254.33313,-1892.320626,413642471.1,362107469.7,413642471.1,362107469.7,2008 Q4
Coal,2009,1,95850,3953915.0,334104.776,3290771.0,190.422873,-1418.001042,368900269.5,307028934.3,368900269.5,307028934.3,2009 Q1
Coal,2009,2,95850,4150072.0,366731.466,3400877.0,190.422873,-1418.001042,387201717.6,317301824.1,387201717.6,317301824.1,2009 Q2
Coal,2009,3,95850,4359946.0,392016.225,3635781.0,190.422873,-1418.001042,406782961.8,339218367.3,406782961.8,339218367.3,2009 Q3
Coal,2009,4,95850,4461078.0,407313.435,3777921.0,190.422873,-1418.001042,416218577.4,352480029.3,416218577.4,352480029.3,2009 Q4
Coal,2010,1,95850,4286979.0,386790.772,3815912.0,190.422873,-1418.001042,399975140.7,356024589.6,399975140.7,356024589.6,2010 Q1
Coal,2010,2,95850,3913317.0,360397.101,3654350.0,190.422873,-1418.001042,365112476.1,340950855.0,365112476.1,340950855.0,2010 Q2
Coal,2010,3,95850,4323516.0,396321.544,4008637.0,190.422873,-1418.001042,403384042.8,374005832.1,403384042.8,374005832.1,2010 Q3
Coal,2010,4,95850,4523275.0,402003.987,4074199.0,190.422873,-1418.001042,422021557.5,380122766.7,422021557.5,380122766.7,2010 Q4
Coal,2011,1,95850,4224539.0,377455.781,3842107.0,190.422873,-1418.001042,394149488.7,358468583.1,394149488.7,358468583.1,2011 Q1
Coal,2011,2,95850,4598591.0,386629.592,3910124.0,190.422873,-1418.001042,429048540.3,364814569.2,429048540.3,364814569.2,2011 Q2
Coal,2011,3,95850,3890307.0,365162.282,3628322.0,190.422873,-1418.001042,362965643.1,338522442.6,362965643.1,338522442.6,2011 Q3
Coal,2011,4,74504,3358724.0,294788.032,3060883.0,147.816035,-1101.787986,313368949.2,285580383.9,313368949.2,285580383.9,2011 Q4
Coal,2012,1,74504,4126186.0,365296.506,3684451.0,147.816035,-1101.787986,384973153.8,343759278.3,384973153.8,343759278.3,2012 Q1
Coal,2012,2,95850,4043065.0,383555.465,3880600.0,190.422873,-1418.001042,377217964.5,362059980.0,377217964.5,362059980.0,2012 Q2
Coal,2012,3,95850,4091906.0,395050.095,3968181.0,190.422873,-1418.001042,381774829.8,370231287.3,381774829.8,370231287.3,2012 Q3
Coal,2012,4,95850,4310485.0,393438.224,4000680.0,190.422873,-1418.001042,402168250.5,373263444.0,402168250.5,373263444.0,2012 Q4
Coal,2013,1,95850,2774924.0,246616.181,2506354.0,190.422873,-1418.001042,258900409.2,233842828.2,258900409.2,233842828.2,2013 Q1
Coal,2013,2,95850,4017453.0,385093.294,3876314.0,190.422873,-1418.001042,374828364.9,361660096.2,374828364.9,361660096.2,2013 Q2
Coal,2013,3,95850,4312972.0,392349.159,3971408.0,190.422873,-1418.001042,402400287.6,370532366.4,402400287.6,370532366.4,2013 Q3
Coal,2013,4,95850,4197273.0,379695.237,3815818.0,190.422873,-1418.001042,391605570.9,356015819.4,391605570.9,356015819.4,2013 Q4
Coal,2014,1,95850,4046237.0,347517.647,3545526.0,190.422873,-1418.001042,377513912.1,330797575.8,377513912.1,330797575.8,2014 Q1
Coal,2014,2,95850,4281473.0,375405.496,3831843.0,190.422873,-1418.001042,399461430.9,357510951.9,399461430.9,357510951.9,2014 Q2
Coal,2014,3,95850,4423387.0,394851.374,4006613.0,190.422873,-1418.001042,412702007.1,373816992.9,412702007.1,373816992.9,2014 Q3
Coal,2014,4,95850,4490027.0,393409.305,3997719.0,190.422873,-1418.001042,418919519.1,372987182.7,418919519.1,372987182.7,2014 Q4
Coal,2015,1,95850,2934178.0,248627.13,2528783.0,190.422873,-1418.001042,273758807.4,235935453.9,273758807.4,235935453.9,2015 Q1
Coal,2015,2,95850,3008029.0,267289.734,2716321.0,190.422873,-1418.001042,280649105.7,253432749.3,280649105.7,253432749.3,2015 Q2
Coal,2015,3,95850,4451939.0,384419.414,3909202.0,190.422873,-1418.001042,415365908.7,364728546.6,415365908.7,364728546.6,2015 Q3
Coal,2015,4,95850,4265702.0,376517.627,3833087.0,190.422873,-1418.001042,397989996.6,357627017.1,397989996.6,357627017.1,2015 Q4
Hydro,2002,1,382590,186407.32,18323.732,186407.32,375.629583,-2832.217179,0.0,0.0,0.0,0.0,2002 Q1
Hydro,2002,2,382590,182850.39,17974.086,182850.39,375.629583,-2832.217179,0.0,0.0,0.0,0.0,2002 Q2
Hydro,2002,3,382590,217034.05,21334.322,217034.05,375.629583,-2832.217179,0.0,0.0,0.0,0.0,2002 Q3
Hydro,2002,4,382590,164872.38,16206.86,164872.38,375.629583,-2832.217179,0.0,0.0,0.0,0.0,2002 Q4
Hydro,2003,1,655296,98136.25,9582.684,98136.25,368.523282,-2813.108709,0.0,0.0,0.0,0.0,2003 Q1
Hydro,2003,2,655296,108728.98,10617.027,108728.98,368.523282,-2813.108709,0.0,0.0,0.0,0.0,2003 Q2
Hydro,2003,3,655296,120299.09,11746.809,120299.09,368.523282,-2813.108709,0.0,0.0,0.0,0.0,2003 Q3
Hydro,2003,4,655296,148519.92,14502.48,148519.92,368.523282,-2813.108709,0.0,0.0,0.0,0.0,2003 Q4
Hydro,2004,1,717771,256303.93,25574.129,256303.93,500.920383,-3770.362878,0.0,0.0,0.0,0.0,2004 Q1
Hydro,2004,2,717771,386859.98,38601.075,386859.98,500.920383,-3770.362878,0.0,0.0,0.0,0.0,2004 Q2
Hydro,2004,3,717771,75572.82,7540.693,75572.82,500.920383,-3770.362878,0.0,0.0,0.0,0.0,2004 Q3
Hydro,2004,4,717771,222336.9,22184.882,222336.9,500.920383,-3770.362878,0.0,0.0,0.0,0.0,2004 Q4
Hydro,2005,1,550182,124710.02,12472.251,124710.02,438.295383,-3301.287879,0.0,0.0,0.0,0.0,2005 Q1
Hydro,2005,2,550182,320155.47,32018.75,320155.47,438.295383,-3301.287879,0.0,0.0,0.0,0.0,2005 Q2
Hydro,2005,3,550182,306877.31,30690.799,306877.31,438.295383,-3301.287879,0.0,0.0,0.0,0.0,2005 Q3
Hydro,2005,4,550182,210040.45,21006.143,210040.45,438.295383,-3301.287879,0.0,0.0,0.0,0.0,2005 Q4
Hydro,2006,1,550182,348853.0,35170.263,348853.0,438.295383,-3301.287879,0.0,0.0,0.0,0.0,2006 Q1
Hydro,2006,2,550182,344036.0,34684.526,344036.0,438.295383,-3301.287879,0.0,0.0,0.0,0.0,2006 Q2
Hydro,2006,3,550182,249078.0,25111.243,249078.0,438.295383,-3301.287879,0.0,0.0,0.0,0.0,2006 Q3
Hydro,2006,4,550182,249176.0,25121.166,249176.0,438.295383,-3301.287879,0.0,0.0,0.0,0.0,2006 Q4
Hydro,2007,1,550182,273132.0,27633.654,273132.0,438.295383,-3301.287879,0.0,0.0,0.0,0.0,2007 Q1
Hydro,2007,2,550182,127150.0,12864.117,127150.0,438.295383,-3301.287879,0.0,0.0,0.0,0.0,2007 Q2
Hydro,2007,3,550182,190672.0,19291.098,190672.0,438.295383,-3301.287879,0.0,0.0,0.0,0.0,2007 Q3
Hydro,2007,4,550182,321770.0,32554.578,321770.0,438.295383,-3301.287879,0.0,0.0,0.0,0.0,2007 Q4
Hydro,2008,1,550182,419855.0,42607.741,419855.0,438.295383,-3301.287879,0.0,0.0,0.0,0.0,2008 Q1
Hydro,2008,2,550182,178431.0,18107.578,178431.0,438.295383,-3301.287879,0.0,0.0,0.0,0.0,2008 Q2
Hydro,2008,3,550182,107541.0,10913.577,107541.0,438.295383,-3301.287879,0.0,0.0,0.0,0.0,2008 Q3
Hydro,2008,4,550182,125285.0,12714.434,125285.0,438.295383,-3301.287879,0.0,0.0,0.0,0.0,2008 Q4
Hydro,2009,1,550182,383034.0,39245.4,383034.0,438.295383,-3301.287879,0.0,0.0,0.0,0.0,2009 Q1
Hydro,2009,2,550182,243298.0,24928.362,243298.0,438.295383,-3301.287879,0.0,0.0,0.0,0.0,2009 Q2
Hydro,2009,3,550182,180983.0,18543.24,180983.0,438.295383,-3301.287879,0.0,0.0,0.0,0.0,2009 Q3
Hydro,2009,4,550182,292134.0,29931.628,292134.0,438.295383,-3301.287879,0.0,0.0,0.0,0.0,2009 Q4
Hydro,2010,1,550182,157662.0,16160.589,157662.0,438.295383,-3301.287879,0.0,0.0,0.0,0.0,2010 Q1
Hydro,2010,2,550182,183016.0,18759.496,183016.0,438.295383,-3301.287879,0.0,0.0,0.0,0.0,2010 Q2
Hydro,2010,3,550182,146585.0,15024.832,146585.0,438.295383,-3301.287879,0.0,0.0,0.0,0.0,2010 Q3
Hydro,2010,4,550182,199782.0,20478.083,199782.0,438.295383,-3301.287879,0.0,0.0,0.0,0.0,2010 Q4
Hydro,2011,1,550182,113409.0,11672.446,113409.0,438.295383,-3301.287879,0.0,0.0,0.0,0.0,2011 Q1
Hydro,2011,2,550182,337280.0,34714.057,337280.0,438.295383,-3301.287879,0.0,0.0,0.0,0.0,2011 Q2
Hydro,2011,3,550182,55469.0,5709.224,55469.0,438.295383,-3301.287879,0.0,0.0,0.0,0.0,2011 Q3
Hydro,2011,4,550182,398793.0,41045.003,398793.0,438.295383,-3301.287879,0.0,0.0,0.0,0.0,2011 Q4
Hydro,2012,1,550182,301529.0,31686.617,301529.0,438.295383,-3301.287879,0.0,0.0,0.0,0.0,2012 Q1
Hydro,2012,2,550182,327419.0,34407.301,327419.0,438.295383,-3301.287879,0.0,0.0,0.0,0.0,2012 Q2
Hydro,2012,3,550182,230763.0,24249.792,230763.0,438.295383,-3301.287879,0.0,0.0,0.0,0.0,2012 Q3
Hydro,2012,4,550182,167238.0,17574.29,167238.0,438.295383,-3301.287879,0.0,0.0,0.0,0.0,2012 Q4
Hydro,2013,1,550182,329710.0,34557.261,329710.0,438.295383,-3301.287879,0.0,0.0,0.0,0.0,2013 Q1
Hydro,2013,2,550182,165327.0,17327.888,165327.0,438.295383,-3301.287879,0.0,0.0,0.0,0.0,2013 Q2
Hydro,2013,3,550182,125335.0,13136.29,125335.0,438.295383,-3301.287879,0.0,0.0,0.0,0.0,2013 Q3
Hydro,2013,4,550182,90603.0,9496.351,90603.0,438.295383,-3301.287879,0.0,0.0,0.0,0.0,2013 Q4
Hydro,2014,1,550182,209160.0,21993.756,209160.0,438.295383,-3301.287879,0.0,0.0,0.0,0.0,2014 Q1
Hydro,2014,2,550182,158895.0,16708.279,158895.0,438.295383,-3301.287879,0.0,0.0,0.0,0.0,2014 Q2
Hydro,2014,3,550182,239829.0,25218.62,239829.0,438.295383,-3301.287879,0.0,0.0,0.0,0.0,2014 Q3
Hydro,2014,4,550182,279605.0,29401.125,279605.0,438.295383,-3301.287879,0.0,0.0,0.0,0.0,2014 Q4
Hydro,2015,1,550182,30254.0,3246.77,30254.0,438.295383,-3301.287879,0.0,0.0,0.0,0.0,2015 Q1
Hydro,2015,2,550182,311691.0,33446.772,311691.0,438.295383,-3301.287879,0.0,0.0,0.0,0.0,2015 Q2
Hydro,2015,3,550182,310806.0,33351.936,310806.0,438.295383,-3301.287879,0.0,0.0,0.0,0.0,2015 Q3
Hydro,2015,4,550182,409895.0,43984.832,409895.0,438.295383,-3301.287879,0.0,0.0,0.0,0.0,2015 Q4
Other,2002,1,1008495,23545645.0,2251098.702,22846514.0,1873.267437,-14134.419285,1801980114.79,1748001814.15,1801980114.79,1748001814.15,2002 Q1
Other,2002,2,1008495,25113897.0,2441392.163,24502236.0,1873.267437,-14134.419285,1930931299.76,1883203354.59,1930931299.76,1883203354.59,2002 Q2
Other,2002,3,1008495,26779139.0,2607514.957,26091560.0,1873.267437,-14134.419285,2046053006.0,1991580357.05,2046053006.0,1991580357.05,2002 Q3
Other,2002,4,1008495,25651950.0,2508219.949,24948425.0,1873.267437,-14134.419285,1962284520.7,1907384757.01,1962284520.7,1907384757.01,2002 Q4
Other,2003,1,1239681,21254631.0,2064358.69,19701329.0,2063.375301,-15551.023047,1633734704.44,1511777617.64,1633734704.44,1511777617.64,2003 Q1
Other,2003,2,1239681,22607238.0,2170839.12,20864138.0,2063.375301,-15551.023047,1731169478.68,1594281677.89,1731169478.68,1594281677.89,2003 Q2
Other,2003,3,1239681,24505037.0,2382591.494,22497123.0,2063.375301,-15551.023047,1881041399.45,1723526209.25,1881041399.45,1723526209.25,2003 Q3
Other,2003,4,1239681,23588961.0,2277912.695,22167991.0,2063.375301,-15551.023047,1808546015.41,1697334970.17,1808546015.41,1697334970.17,2003 Q4
Other,2004,1,1574562,22662089.28,2181123.63509,20639152.58,2189.646354,-16495.563756,1747793526.99,1588485164.37,1747793526.99,1588485164.37,2004 Q1
Other,2004,2,1574562,24374023.91,2294192.06101,22526490.26,2189.646354,-16495.563756,1867404490.54,1721053676.28,1867404490.54,1721053676.28,2004 Q2
Other,2004,3,1574562,26332486.32,2520846.47201,24305364.76,2189.646354,-16495.563756,2019324411.01,1858086560.25,2019324411.01,1858086560.25,2004 Q3
Other,2004,4,1574562,24471463.52,2342890.13454,22534499.38,2189.646354,-16495.563756,1875958318.96,1723995232.81,1875958318.96,1723995232.81,2004 Q4
Other,2005,1,1707090,22200180.35,2151568.36694,20123880.14,2192.708106,-16499.6325,1697574149.87,1535061978.36,1697574149.87,1535061978.36,2005 Q1
Other,2005,2,1707090,23693220.51,2262806.18241,21830450.86,2192.708106,-16499.6325,1818238386.95,1672694392.34,1818238386.95,1672694392.34,2005 Q2
Other,2005,3,1707090,28167709.33,2663939.04463,26005602.21,2192.708106,-16499.6325,2179012411.0,2008133229.32,2179012411.0,2008133229.32,2005 Q3
Other,2005,4,1707090,24333372.26,2342420.26986,22257106.93,2192.708106,-16499.6325,1875869383.47,1710462070.41,1875869383.47,1710462070.41,2005 Q4
Other,2006,1,2553156,22509648.83,2162809.16645,20497294.21,2513.260806,-18870.1191,1774648998.43,1613918684.86,1774648998.43,1613918684.86,2006 Q1
Other,2006,2,2553156,23546812.68,2266481.19179,21746817.22,2513.260806,-18870.1191,1853747666.96,1711975827.54,1853747666.96,1711975827.54,2006 Q2
Other,2006,3,2553156,26880561.37,2540202.28852,24718531.41,2513.260806,-18870.1191,2120879995.48,1949299986.5,2120879995.48,1949299986.5,2006 Q3
Other,2006,4,2553156,24031358.03,2303356.34781,21900022.6,2513.260806,-18870.1191,1886466217.16,1719246112.49,1886466217.16,1719246112.49,2006 Q4
Other,2007,1,2583435,22676829.0,2156398.014,20897930.0,2577.170493,-19344.393414,1778005320.52,1641541557.96,1778005320.52,1641541557.96,2007 Q1
Other,2007,2,2583435,23301301.0,2235440.279,21217040.0,2577.170493,-19344.393414,1826859171.47,1665865633.41,1826859171.47,1665865633.41,2007 Q2
Other,2007,3,2583435,25094800.0,2408637.815,23023035.0,2577.170493,-19344.393414,1963440513.59,1805459548.07,1963440513.59,1805459548.07,2007 Q3
Other,2007,4,2583435,24094079.0,2308251.581,22015813.0,2577.170493,-19344.393414,1888971213.4,1729847808.27,1888971213.4,1729847808.27,2007 Q4
Other,2008,1,2940405,22695527.0,2130414.524,20568082.0,2774.847948,-20779.403358,1793281343.74,1630633355.05,1793281343.74,1630633355.05,2008 Q1
Other,2008,2,2940405,23132013.0,2218745.138,20683298.0,2774.847948,-20779.403358,1827260394.09,1639550765.98,1827260394.09,1639550765.98,2008 Q2
Other,2008,3,2940405,24553388.0,2310335.162,21970649.0,2774.847948,-20779.403358,1938712144.99,1740508547.11,1938712144.99,1740508547.11,2008 Q3
Other,2008,4,2950498,23378960.0,2208157.931,20867840.0,2796.151177,-20937.494796,1846602056.97,1652995814.22,1846602056.97,1652995814.22,2008 Q4
Other,2009,1,3171477,21435700.0,2018439.872,19253616.0,2968.657245,-22206.124665,1650180351.67,1480745328.58,1650180351.67,1480745328.58,2009 Q1
Other,2009,2,3171477,22894994.0,2164133.042,20539783.0,2968.657245,-22206.124665,1760513416.42,1577607369.94,1760513416.42,1577607369.94,2009 Q2
Other,2009,3,3340464,24354616.0,2300333.381,21867647.0,3032.564745,-22680.429666,1875566981.51,1682988030.71,1875566981.51,1682988030.71,2009 Q3
Other,2009,4,3340464,23248494.0,2209977.383,20725549.0,3032.564745,-22680.429666,1793759688.87,1597973936.82,1793759688.87,1597973936.82,2009 Q4
Other,2010,1,3371046,20926954.0,2018691.534,19626697.0,3096.499746,-23154.771333,1612067895.83,1510463392.9,1612067895.83,1510463392.9,2010 Q1
Other,2010,2,3349700,21528994.0,2096296.598,19603034.0,3053.892908,-22838.558277,1656450159.41,1505444758.11,1656450159.41,1505444758.11,2010 Q2
Other,2010,3,3328354,22620955.0,2210619.907,20679324.0,3011.28607,-22522.345221,1733988757.84,1582171447.8,1733988757.84,1582171447.8,2010 Q3
Other,2010,4,3349700,22005683.0,2147523.765,20114398.0,3053.892908,-22838.558277,1690640835.96,1542714307.13,1690640835.96,1542714307.13,2010 Q4
Other,2011,1,2523240,21226196.0,2033766.308,19345840.0,2775.946476,-20784.239463,1637903460.4,1488607891.24,1637903460.4,1488607891.24,2011 Q1
Other,2011,2,2501894,18695930.0,1779770.651,16712600.0,2733.339638,-20468.026407,1432489990.87,1274718428.1,1432489990.87,1274718428.1,2011 Q2
Other,2011,3,2501894,22174771.0,2148798.916,20037067.0,2733.339638,-20468.026407,1715528121.31,1545558266.5,1715528121.31,1545558266.5,2011 Q3
Other,2011,4,2480548,21513071.0,2112780.695,19543920.0,2690.7328,-20151.813351,1659789709.92,1502686531.61,1659789709.92,1502686531.61,2011 Q4
Other,2012,1,2501894,19756915.0,1914263.258,18081579.0,2733.339638,-20468.026407,1515569299.09,1381454930.64,1515569299.09,1381454930.64,2012 Q1
Other,2012,2,2523240,18878927.0,1844079.521,17021265.0,2775.946476,-20784.239463,1449267424.98,1300778663.66,1449267424.98,1300778663.66,2012 Q2
Other,2012,3,2523240,19381930.0,1929169.94,17448557.0,2775.946476,-20784.239463,1480540495.75,1325937450.68,1480540495.75,1325937450.68,2012 Q3
Other,2012,4,2523240,21794114.0,2205019.565,19767824.0,2775.946476,-20784.239463,1688312647.05,1525140618.89,1688312647.05,1525140618.89,2012 Q4
Other,2013,1,2354466,19183292.0,1873037.398,17574576.0,2709.957123,-20306.112054,1481147239.55,1352068766.8,1481147239.55,1352068766.8,2013 Q1
Other,2013,2,2354466,18953219.0,1839667.362,17101072.0,2709.957123,-20306.112054,1465704116.44,1317292619.97,1465704116.44,1317292619.97,2013 Q2
Other,2013,3,2354466,20093720.0,1971139.992,18083257.0,2709.957123,-20306.112054,1544893309.27,1384176352.6,1544893309.27,1384176352.6,2013 Q3
Other,2013,4,2354466,20333171.0,1974177.802,18353937.0,2709.957123,-20306.112054,1565588509.87,1407379071.58,1565588509.87,1407379071.58,2013 Q4
Other,2014,1,2352938,18870075.0,1811483.577,17035050.0,2667.343523,-19990.348254,1454777258.63,1308036828.43,1454777258.63,1308036828.43,2014 Q1
Other,2014,2,2339226,18218124.0,1743360.052,16159003.0,2602.237557,-19513.29627,1399196108.81,1235947978.46,1399196108.81,1235947978.46,2014 Q2
Other,2014,3,2332752,20513596.0,1981895.821,18418891.0,2580.337974,-19353.711228,1580315527.93,1413867660.15,1580315527.93,1413867660.15,2014 Q3
Other,2014,4,2332752,19308592.0,1856079.054,17267776.0,2580.337974,-19353.711228,1489420263.56,1327124045.71,1489420263.56,1327124045.71,2014 Q4
Other,2015,1,2352174,17646164.0,1685367.021,15890971.0,2646.036723,-19832.466354,1361960117.48,1220735402.91,1361960117.48,1220735402.91,2015 Q1
Other,2015,2,2352174,18633142.0,1798155.743,16786650.0,2646.036723,-19832.466354,1441010355.91,1291387666.47,1441010355.91,1291387666.47,2015 Q2
Other,2015,3,2352174,21088332.0,2052957.527,18933283.0,2646.036723,-19832.466354,1631767051.96,1457628996.85,1631767051.96,1457628996.85,2015 Q3
Other,2015,4,2352174,19522924.0,1890631.477,17467247.0,2646.036723,-19832.466354,1510799803.02,1344580001.38,1510799803.02,1344580001.38,2015 Q4
Other Renewables,2002,1,338895,1208964.5,63339.335,825524.5,186.792687,-1412.91516,3263161.125,3263161.125,88649615.295,46291164.315,2002 Q1
Other Renewables,2002,2,338895,1475245.29,51706.198,906876.29,186.792687,-1412.91516,748650.9459,748650.9459,148576773.286,86755647.6159,2002 Q2
Other Renewables,2002,3,338895,1780831.08,60799.037,1093586.08,186.792687,-1412.91516,836967.3768,836967.3768,180070599.767,105422308.517,2002 Q3
Other Renewables,2002,4,338895,310360.8,12765.105,157991.8,186.792687,-1412.91516,858144.588,858144.588,24380828.448,6375383.718,2002 Q4
Other Renewables,2003,1,338895,882215.05,35691.692,549958.05,186.792687,-1412.91516,1512995.3655,1512995.3655,76817673.8355,39532444.7655,2003 Q1
Other Renewables,2003,2,338895,2346042.35,99440.305,1777255.35,186.792687,-1412.91516,3874632.3585,3874632.3585,201503762.698,139114068.028,2003 Q2
Other Renewables,2003,3,360103,2498090.12,107372.908,1752824.12,228.527593,-1725.823076,4446920.7552,4446920.7552,210439040.455,129276094.815,2003 Q3
Other Renewables,2003,4,370707,2166825.87,98699.304,1507457.87,249.395046,-1882.277034,4243051.0077,4243051.0077,177943217.538,105936870.738,2003 Q4
Other Renewables,2004,1,370707,2084027.75,92719.4969,906877.25,249.395046,-1882.277034,4253460.7413,4253460.7413,169524794.134,41900669.8521,2004 Q1
Other Renewables,2004,2,370707,2041734.92,88497.79329,864574.91,249.395046,-1882.277034,3927383.022,3927383.022,169198716.414,41573472.3873,2004 Q2
Other Renewables,2004,3,370707,2084438.66,92758.98003,907279.69,249.395046,-1882.277034,4256628.8574,4256628.8574,169527962.25,41902840.8663,2004 Q3
Other Renewables,2004,4,370707,2056757.89,89996.62111,879596.9,249.395046,-1882.277034,4043210.1207,4043210.1207,169314543.513,41689184.439,2004 Q4
Other Renewables,2005,1,370707,1870558.17,92094.75323,896514.77,249.395046,-1882.277034,4252642.0164,4252642.0164,146625330.604,40872206.0601,2005 Q1
Other Renewables,2005,2,370707,1825143.25,88597.04332,861747.12,249.395046,-1882.277034,4002169.1739,4002169.1739,144979374.609,40378864.7863,2005 Q2
Other Renewables,2005,3,370707,1959410.51,97934.83062,954193.45,249.395046,-1882.277034,4624226.8542,4624226.8542,151385497.987,42251334.9999,2005 Q3
Other Renewables,2005,4,370707,1800400.76,89706.87931,873809.74,249.395046,-1882.277034,4204382.1966,4204382.1966,139679837.311,39077866.3912,2005 Q4
Other Renewables,2006,1,401709,2712156.45,144707.82979,1609645.35,313.295154,-2356.572879,4502723.8848,4502723.8848,222081713.089,103021553.939,2006 Q1
Other Renewables,2006,2,401709,2414398.61,138872.82914,1532115.71,313.295154,-2356.572879,4501882.7238,4501882.7238,190178996.766,94901278.1591,2006 Q2
Other Renewables,2006,3,401709,2238311.97,119504.46201,1330326.45,313.295154,-2356.572879,3635797.761,3635797.761,184102901.527,86049557.5227,2006 Q3
Other Renewables,2006,4,401709,2576252.62,134883.17031,1517561.55,313.295154,-2356.572879,3593506.7919,3593506.7919,218565994.249,104237959.778,2006 Q4
Other Renewables,2007,1,369897,1768279.25,113934.409,1269620.25,250.692795,-1887.211005,4480205.8275,4480205.8275,123622220.208,68791879.8175,2007 Q1
Other Renewables,2007,2,369897,3163278.65,149435.554,1626216.65,250.692795,-1887.211005,4433948.9115,4433948.9115,270740210.781,106072906.042,2007 Q2
Other Renewables,2007,3,369897,2280177.62,121379.57,1327030.62,250.692795,-1887.211005,4424118.4302,4424118.4302,179661534.58,77510696.8902,2007 Q3
Other Renewables,2007,4,369897,2255961.7,130413.561,1468652.7,250.692795,-1887.211005,4180336.557,4180336.557,177642618.727,91982258.077,2007 Q4
Other Renewables,2008,1,369897,2005530.13,120159.374,1555889.13,250.692795,-1887.211005,4620835.3023,4620835.3023,142749381.132,93305175.1023,2008 Q1
Other Renewables,2008,2,369897,2881893.9,147441.722,1736137.9,250.692795,-1887.211005,4270745.559,4270745.559,241014982.629,117118466.289,2008 Q2
Other Renewables,2008,3,369897,2922052.41,144513.991,1698517.41,250.692795,-1887.211005,4514015.4111,4514015.4111,243114736.631,111206911.901,2008 Q3
Other Renewables,2008,4,369897,2322568.93,124641.011,1479478.93,250.692795,-1887.211005,4397698.6503,4397698.6503,181819996.09,90642575.4703,2008 Q4
Other Renewables,2009,1,369897,1967614.44,115443.257,1418385.44,250.692795,-1887.211005,4328281.7424,4328281.7424,144779080.632,83864488.4224,2009 Q1
Other Renewables,2009,2,369897,2596145.96,115706.869,1446913.96,250.692795,-1887.211005,2590166.4816,2590166.4816,233620373.082,108285245.082,2009 Q2
Other Renewables,2009,3,369897,2716540.64,115561.961,1437777.64,250.692795,-1887.211005,2384584.5744,2384584.5744,249589748.944,110482587.874,2009 Q3
Other Renewables,2009,4,426226,1931818.12,105305.597,1311401.12,271.995295,-2045.312672,3308122.9152,3308122.9152,153788372.295,85170454.1252,2009 Q4
Other Renewables,2010,1,602508,1096130.0,82741.269,1084279.0,439.805013,-3300.239754,2800996.74,2800996.74,69530594.99,68288937.16,2010 Q1
Other Renewables,2010,2,602508,2822229.0,136455.976,1678340.0,439.805013,-3300.239754,3669320.07,3669320.07,239602789.95,118911061.56,2010 Q2
Other Renewables,2010,3,602508,2669724.0,143319.575,1678159.0,439.805013,-3300.239754,4559393.31,4559393.31,213882076.21,109262053.06,2010 Q3
Other Renewables,2010,4,602508,2052353.0,121560.938,1529103.0,439.805013,-3300.239754,4058806.14,4058806.14,153453875.27,98248777.24,2010 Q4
Other Renewables,2011,1,604038,1709910.0,124574.255,1577156.0,482.517803,-3616.49746,4309296.33,4309296.33,109677345.82,95670471.28,2011 Q1
Other Renewables,2011,2,604803,2710705.0,145865.16,1781106.0,503.874198,-3774.626313,4303976.43,4303976.43,218786924.45,120704933.96,2011 Q2
Other Renewables,2011,3,604803,2783232.0,144216.2,1749503.0,503.874198,-3774.626313,3909193.59,3909193.59,231049849.22,121981102.43,2011 Q3
Other Renewables,2011,4,604803,1923642.0,121859.304,1511094.0,503.874198,-3774.626313,4249065.81,4249065.81,137757864.0,94229924.52,2011 Q4
Other Renewables,2012,1,604803,1440556.0,106469.722,1341544.0,503.874198,-3774.626313,4590657.36,4590657.36,82815691.82,72368935.7,2012 Q1
Other Renewables,2012,2,604803,2517822.0,143738.155,1724210.0,503.874198,-3774.626313,4989125.58,4989125.58,190243419.98,106509417.86,2012 Q2
Other Renewables,2012,3,604803,2663808.0,150830.532,1594039.0,503.874198,-3774.626313,4496818.95,4496818.95,214203541.68,101332214.49,2012 Q3
Other Renewables,2012,4,604803,2191127.0,140934.69,1465785.0,503.874198,-3774.626313,5072324.19,5072324.19,158875460.42,82344626.0,2012 Q4
Other Renewables,2013,1,453804,1439179.0,113456.769,1382356.0,438.120798,-3295.738113,4220793.24,4220793.24,87197271.6,80482497.69,2013 Q1
Other Renewables,2013,2,453804,2975364.0,159821.612,2028025.0,438.120798,-3295.738113,5537306.58,5537306.58,247314101.87,135367052.24,2013 Q2
Other Renewables,2013,3,453804,2997835.0,164180.032,2025873.0,438.120798,-3295.738113,4929696.9,4929696.9,255147886.2,140291136.66,2013 Q3
Other Renewables,2013,4,453804,2907401.0,166746.833,2056694.0,438.120798,-3295.738113,5529812.46,5529812.46,235420724.16,134892677.97,2013 Q4
Other Renewables,2014,1,453804,1693690.0,128260.868,1642939.0,438.120798,-3295.738113,5479867.08,5479867.08,96295733.18,90298487.51,2014 Q1
Other Renewables,2014,2,452274,2706815.0,159423.766,1924063.0,395.408008,-2979.480407,5334479.61,5334479.61,217594418.34,125096614.5,2014 Q2
Other Renewables,2014,3,451509,2747272.0,155626.538,1894890.0,374.051613,-2821.351554,4098265.92,4098265.92,238330775.01,137604794.07,2014 Q3
Other Renewables,2014,4,451509,2509530.0,144559.909,1842194.0,374.051613,-2821.351554,3699535.56,3699535.56,212318600.49,133459505.37,2014 Q4
Other Renewables,2015,1,451509,1556184.0,115505.601,1478345.0,374.051613,-2821.351554,3917805.66,3917805.66,101100727.94,91902493.31,2015 Q1
Other Renewables,2015,2,451509,2446186.0,134531.552,1651274.0,374.051613,-2821.351554,3926864.91,3926864.91,207973623.13,114038872.09,2015 Q2
Other Renewables,2015,3,451509,2929621.0,171112.759,2193642.0,374.051613,-2821.351554,4633432.44,4633432.44,241278475.94,154307837.51,2015 Q3
Other Renewables,2015,4,451509,2395115.0,130131.359,1651234.0,374.051613,-2821.351554,4071704.97,4071704.97,198124713.45,110220295.68,2015 Q4
Solar,2008,1,170001,0.0,0.0,0.0,62.3001,-470.7699,0.0,0.0,0.0,0.0,2008 Q1
Solar,2008,2,170001,0.0,0.0,0.0,62.3001,-470.7699,0.0,0.0,0.0,0.0,2008 Q2
Solar,2008,3,170001,0.0,0.0,0.0,62.3001,-470.7699,0.0,0.0,0.0,0.0,2008 Q3
Solar,2008,4,170001,177.0,18.0,177.0,62.3001,-470.7699,0.0,0.0,0.0,0.0,2008 Q4
Solar,2009,1,170001,1746.0,178.874,1746.0,62.3001,-470.7699,0.0,0.0,0.0,0.0,2009 Q1
Solar,2009,2,170001,4836.0,495.507,4836.0,62.3001,-470.7699,0.0,0.0,0.0,0.0,2009 Q2
Solar,2009,3,170001,5067.0,519.178,5067.0,62.3001,-470.7699,0.0,0.0,0.0,0.0,2009 Q3
Solar,2009,4,170001,1917.0,196.441,1917.0,62.3001,-470.7699,0.0,0.0,0.0,0.0,2009 Q4
Solar,2010,1,342576,1764.0,180.85,1764.0,128.541348,-948.764697,0.0,0.0,0.0,0.0,2010 Q1
Solar,2010,2,342576,6492.0,665.489,6492.0,128.541348,-948.764697,0.0,0.0,0.0,0.0,2010 Q2
Solar,2010,3,342576,6569.0,673.268,6569.0,128.541348,-948.764697,0.0,0.0,0.0,0.0,2010 Q3
Solar,2010,4,342576,2443.0,250.393,2443.0,128.541348,-948.764697,0.0,0.0,0.0,0.0,2010 Q4
Solar,2011,1,342576,5221.0,537.374,5221.0,128.541348,-948.764697,0.0,0.0,0.0,0.0,2011 Q1
Solar,2011,2,342576,12593.0,1296.097,12593.0,128.541348,-948.764697,0.0,0.0,0.0,0.0,2011 Q2
Solar,2011,3,342576,11692.0,1203.311,11692.0,128.541348,-948.764697,0.0,0.0,0.0,0.0,2011 Q3
Solar,2011,4,342576,5404.0,556.218,5404.0,128.541348,-948.764697,0.0,0.0,0.0,0.0,2011 Q4
Solar,2012,1,342576,4344.0,456.539,4344.0,128.541348,-948.764697,0.0,0.0,0.0,0.0,2012 Q1
Solar,2012,2,342576,13578.0,1426.79,13578.0,128.541348,-948.764697,0.0,0.0,0.0,0.0,2012 Q2
Solar,2012,3,342576,14076.0,1479.234,14076.0,128.541348,-948.764697,0.0,0.0,0.0,0.0,2012 Q3
Solar,2012,4,400835,11851.0,1245.437,11851.0,149.861348,-1106.851641,0.0,0.0,0.0,0.0,2012 Q4
Solar,2013,1,517353,21011.0,2202.161,21011.0,192.501348,-1423.025529,0.0,0.0,0.0,0.0,2013 Q1
Solar,2013,2,517353,35399.0,3710.209,35399.0,192.501348,-1423.025529,0.0,0.0,0.0,0.0,2013 Q2
Solar,2013,3,517353,41536.0,4353.343,41536.0,192.501348,-1423.025529,0.0,0.0,0.0,0.0,2013 Q3
Solar,2013,4,517353,40446.0,4239.247,40446.0,192.501348,-1423.025529,0.0,0.0,0.0,0.0,2013 Q4
Solar,2014,1,693381,26741.0,2811.843,26741.0,256.628016,-1896.929697,0.0,0.0,0.0,0.0,2014 Q1
Solar,2014,2,693381,47782.0,5024.329,47782.0,256.628016,-1896.929697,0.0,0.0,0.0,0.0,2014 Q2
Solar,2014,3,693381,50151.0,5273.391,50151.0,256.628016,-1896.929697,0.0,0.0,0.0,0.0,2014 Q3
Solar,2014,4,693381,36748.0,3864.187,36748.0,256.628016,-1896.929697,0.0,0.0,0.0,0.0,2014 Q4
Solar,2015,1,693381,31460.0,3375.74,31460.0,256.628016,-1896.929697,0.0,0.0,0.0,0.0,2015 Q1
Solar,2015,2,693381,48539.0,5208.389,48539.0,256.628016,-1896.929697,0.0,0.0,0.0,0.0,2015 Q2
Solar,2015,3,693381,48078.0,5159.115,48078.0,256.628016,-1896.929697,0.0,0.0,0.0,0.0,2015 Q3
Solar,2015,4,693381,32755.0,3514.996,32755.0,256.628016,-1896.929697,0.0,0.0,0.0,0.0,2015 Q4
Wind,2002,1,186477,3796.45,373.189,3796.45,117.046665,-934.244169,0.0,0.0,0.0,0.0,2002 Q1
Wind,2002,2,186477,3246.53,319.132,3246.53,117.046665,-934.244169,0.0,0.0,0.0,0.0,2002 Q2
Wind,2002,3,186477,5243.77,515.459,5243.77,117.046665,-934.244169,0.0,0.0,0.0,0.0,2002 Q3
Wind,2002,4,186477,4132.47,406.22,4132.47,117.046665,-934.244169,0.0,0.0,0.0,0.0,2002 Q4
Wind,2003,1,186477,2460.81,240.289,2460.81,117.046665,-934.244169,0.0,0.0,0.0,0.0,2003 Q1
Wind,2003,2,186477,4377.44,427.442,4377.44,117.046665,-934.244169,0.0,0.0,0.0,0.0,2003 Q2
Wind,2003,3,186477,5362.5,523.631,5362.5,117.046665,-934.244169,0.0,0.0,0.0,0.0,2003 Q3
Wind,2003,4,186477,3897.11,380.54,3897.11,117.046665,-934.244169,0.0,0.0,0.0,0.0,2003 Q4
Wind,2004,1,186477,12434.91,1240.761,12434.91,117.046665,-934.244169,0.0,0.0,0.0,0.0,2004 Q1
Wind,2004,2,186477,23302.8,2325.165,23302.8,117.046665,-934.244169,0.0,0.0,0.0,0.0,2004 Q2
Wind,2004,3,186477,24920.34,2486.564,24920.34,117.046665,-934.244169,0.0,0.0,0.0,0.0,2004 Q3
Wind,2004,4,186477,14456.84,1442.51,14456.84,117.046665,-934.244169,0.0,0.0,0.0,0.0,2004 Q4
Wind,2005,1,186477,13347.5,1334.884,13347.5,117.046665,-934.244169,0.0,0.0,0.0,0.0,2005 Q1
Wind,2005,2,186477,21349.13,2135.127,21349.13,117.046665,-934.244169,0.0,0.0,0.0,0.0,2005 Q2
Wind,2005,3,186477,17649.85,1765.162,17649.85,117.046665,-934.244169,0.0,0.0,0.0,0.0,2005 Q3
Wind,2005,4,186477,13966.89,1396.829,13966.89,117.046665,-934.244169,0.0,0.0,0.0,0.0,2005 Q4
Wind,2006,1,355818,6188.0,623.91,6188.0,177.818421,-1401.795315,0.0,0.0,0.0,0.0,2006 Q1
Wind,2006,2,412267,129434.0,13049.073,129434.0,198.632631,-1558.346315,0.0,0.0,0.0,0.0,2006 Q2
Wind,2006,3,470775,399317.0,40257.911,399317.0,221.268829,-1715.780259,0.0,0.0,0.0,0.0,2006 Q3
Wind,2006,4,361995,255345.0,25743.104,255345.0,183.284385,-1404.444147,0.0,0.0,0.0,0.0,2006 Q4
Wind,2007,1,531129,251655.0,25460.915,251655.0,240.206985,-1871.518347,0.0,0.0,0.0,0.0,2007 Q1
Wind,2007,2,531129,584711.0,59157.434,584711.0,240.206985,-1871.518347,0.0,0.0,0.0,0.0,2007 Q2
Wind,2007,3,531129,797830.0,80719.507,797830.0,240.206985,-1871.518347,0.0,0.0,0.0,0.0,2007 Q3
Wind,2007,4,531129,720011.0,72846.145,720011.0,240.206985,-1871.518347,0.0,0.0,0.0,0.0,2007 Q4
Wind,2008,1,531129,581107.0,58971.607,581107.0,240.206985,-1871.518347,0.0,0.0,0.0,0.0,2008 Q1
Wind,2008,2,531129,607344.0,61634.211,607344.0,240.206985,-1871.518347,0.0,0.0,0.0,0.0,2008 Q2
Wind,2008,3,531129,713468.0,72403.958,713468.0,240.206985,-1871.518347,0.0,0.0,0.0,0.0,2008 Q3
Wind,2008,4,531129,463267.0,47013.224,463267.0,240.206985,-1871.518347,0.0,0.0,0.0,0.0,2008 Q4
Wind,2009,1,531129,607510.0,62244.72,607510.0,240.206985,-1871.518347,0.0,0.0,0.0,0.0,2009 Q1
Wind,2009,2,531129,412632.0,42277.761,412632.0,240.206985,-1871.518347,0.0,0.0,0.0,0.0,2009 Q2
Wind,2009,3,531129,934957.0,95794.956,934957.0,240.206985,-1871.518347,0.0,0.0,0.0,0.0,2009 Q3
Wind,2009,4,531129,498828.0,51109.563,498828.0,240.206985,-1871.518347,0.0,0.0,0.0,0.0,2009 Q4
Wind,2010,1,531129,498810.0,51128.497,498810.0,240.206985,-1871.518347,0.0,0.0,0.0,0.0,2010 Q1
Wind,2010,2,531129,729896.0,74815.146,729896.0,240.206985,-1871.518347,0.0,0.0,0.0,0.0,2010 Q2
Wind,2010,3,531129,871693.0,89349.445,871693.0,240.206985,-1871.518347,0.0,0.0,0.0,0.0,2010 Q3
Wind,2010,4,531129,447088.0,45826.912,447088.0,240.206985,-1871.518347,0.0,0.0,0.0,0.0,2010 Q4
Wind,2011,1,564909,543143.0,55901.945,543143.0,201.817956,-1562.253346,0.0,0.0,0.0,0.0,2011 Q1
Wind,2011,2,679083,655642.0,67480.765,655642.0,245.179896,-1878.203346,0.0,0.0,0.0,0.0,2011 Q2
Wind,2011,3,679083,926570.0,95365.332,926570.0,245.179896,-1878.203346,0.0,0.0,0.0,0.0,2011 Q3
Wind,2011,4,679083,1185975.0,122063.958,1185975.0,245.179896,-1878.203346,0.0,0.0,0.0,0.0,2011 Q4
Wind,2012,1,679083,705490.0,74137.344,705490.0,245.179896,-1878.203346,0.0,0.0,0.0,0.0,2012 Q1
Wind,2012,2,736165,965832.0,101495.468,965832.0,265.974566,-2034.739346,0.0,0.0,0.0,0.0,2012 Q2
Wind,2012,3,850329,1098142.0,115399.662,1098142.0,307.563906,-2347.811346,0.0,0.0,0.0,0.0,2012 Q3
Wind,2012,4,1023383,829811.0,87201.526,829811.0,371.380462,-2820.211012,0.0,0.0,0.0,0.0,2012 Q4
Wind,2013,1,1196904,1060115.0,111111.815,1060115.0,434.18274,-3290.887845,0.0,0.0,0.0,0.0,2013 Q1
Wind,2013,2,1196904,1181358.0,123819.116,1181358.0,434.18274,-3290.887845,0.0,0.0,0.0,0.0,2013 Q2
Wind,2013,3,1196904,1585858.0,166215.199,1585858.0,434.18274,-3290.887845,0.0,0.0,0.0,0.0,2013 Q3
Wind,2013,4,1196904,974745.0,102163.87,974745.0,434.18274,-3290.887845,0.0,0.0,0.0,0.0,2013 Q4
Wind,2014,1,1196904,835978.0,87905.345,835978.0,434.18274,-3290.887845,0.0,0.0,0.0,0.0,2014 Q1
Wind,2014,2,1196904,1688320.0,177531.02,1688320.0,434.18274,-3290.887845,0.0,0.0,0.0,0.0,2014 Q2
Wind,2014,3,1196904,1567990.0,164877.872,1567990.0,434.18274,-3290.887845,0.0,0.0,0.0,0.0,2014 Q3
Wind,2014,4,1196904,1410359.0,148302.763,1410359.0,434.18274,-3290.887845,0.0,0.0,0.0,0.0,2014 Q4
Wind,2015,1,1196904,921283.0,98860.92,921283.0,434.18274,-3290.887845,0.0,0.0,0.0,0.0,2015 Q1
Wind,2015,2,1196904,1766734.0,189583.732,1766734.0,434.18274,-3290.887845,0.0,0.0,0.0,0.0,2015 Q2
Wind,2015,3,1196904,1405770.0,150849.614,1405770.0,434.18274,-3290.887845,0.0,0.0,0.0,0.0,2015 Q3
Wind,2015,4,1196904,1616638.0,173477.734,1616638.0,434.18274,-3290.887845,0.0,0.0,0.0,0.0,2015 Q4
