fuel category 1,year,quarter,generation (MWh),total fuel (mmbtu),elec fuel (mmbtu),all fuel CO2 (kg),elec fuel CO2 (kg),year_quarter,adjusted CO2 (kg),adjusted index (g/kWh),adjusted index (lb/MWh)
Coal,2001,1,41000612.0,470970000.0,451188000.0,44859892500.0,42975657000.0,2001 Q1,44925361738.0,1095.72417451,2415.63351512
Coal,2001,2,36668379.0,422876000.0,405399000.0,40278939000.0,38614254750.0,2001 Q2,40525080297.6,1105.17785086,2436.47509
Coal,2001,3,42809639.0,492798000.0,474143000.0,46939009500.0,45162120750.0,2001 Q3,47432575813.4,1107.98822231,2442.67083491
Coal,2001,4,39986647.0,457194000.0,438644000.0,43547728500.0,41780841000.0,2001 Q4,43607825581.4,1090.55969563,2404.24790498
Coal,2002,1,39691861.0,453225000.0,435049000.0,43169681250.0,41438417250.0,2002 Q1,43276450536.7,1090.31044265,2403.69840187
Coal,2002,2,37369057.0,425709000.0,408695000.0,40548782250.0,38928198750.0,2002 Q2,40721046267.9,1089.69959472,2402.35172652
Coal,2002,3,43411798.0,497272000.0,479449000.0,47365158000.0,45667517250.0,2002 Q3,47901482468.6,1103.42083663,2432.60157642
Coal,2002,4,41453987.0,474637000.0,458717000.0,45209174250.0,43692794250.0,2002 Q4,45827961160.2,1105.513956,2437.21606739
Coal,2003,1,41844942.0,470388000.0,452930000.0,44804457000.0,43141582500.0,2003 Q1,45971965771.5,1098.62658602,2422.03217153
Coal,2003,2,37598854.0,422635000.0,406711000.0,40255983750.0,38739222750.0,2003 Q2,41120576044.8,1093.66567515,2411.09534744
Coal,2003,3,44642277.0,504213000.0,487296000.0,48026288250.0,46414944000.0,2003 Q3,48777318190.9,1092.62612637,2408.8035582
Coal,2003,4,42919300.0,478425000.0,462907000.0,45569981250.0,44091891750.0,2003 Q4,46809747690.9,1090.64564639,2404.43739202
Coal,2004,1,41693727.44,473892550.0,452107210.0,45138265387.5,43063211752.5,2004 Q1,45395535495.8,1088.78573069,2400.33702187
Coal,2004,2,36423434.83,418123240.0,398221070.0,39826238610.0,37930556917.5,2004 Q2,39823464176.3,1093.34730132,2410.3934605
Coal,2004,3,42876127.92,489528920.0,468025720.0,46627629630.0,44579449830.0,2004 Q3,46206679625.6,1077.67846275,2375.84993898
Coal,2004,4,42568600.52,482437590.0,461935020.0,45952180447.5,43999310655.0,2004 Q4,45665825597.2,1072.75844259,2365.00326254
Coal,2005,1,40948162.66,470713590.0,448324670.0,44835469447.5,42702924817.5,2005 Q1,44264855178.3,1080.99734647,2383.16675003
Coal,2005,2,38547676.92,442330070.0,422436350.0,42131939167.5,40237062337.5,2005 Q2,41355745204.5,1072.8466281,2365.1976763
Coal,2005,3,42991190.46,506204010.0,483498630.0,48215931952.5,46053244507.5,2005 Q3,47372294438.1,1101.90701702,2429.26420973
Coal,2005,4,40517739.87,471806540.0,451352520.0,44939572935.0,42991327530.0,2005 Q4,43697675697.5,1078.48255697,2377.62264509
Coal,2006,1,40186814.93,454542820.0,432911450.0,43295203605.0,41234815612.5,2006 Q1,43209920780.4,1075.22631131,2370.44392591
Coal,2006,2,38075384.94,430249400.0,409635460.0,40981255350.0,39017777565.0,2006 Q2,40898225897.0,1074.1382119,2368.04510196
Coal,2006,3,42381032.74,482545150.0,460751350.0,45962425537.5,43886566087.5,2006 Q3,45301851224.3,1068.91805828,2356.53675128
Coal,2006,4,39826353.36,450100170.0,429056620.0,42872041192.5,40867643055.0,2006 Q4,43053176699.0,1081.02231479,2383.22179519
Coal,2007,1,39331439.39,450010590.0,427186010.0,42863508697.5,40689467452.5,2007 Q1,42008508370.6,1068.06435315,2354.65467296
Coal,2007,2,37457173.5,426503970.0,405851290.0,40624503142.5,38657335372.5,2007 Q2,40321993160.4,1076.48253706,2373.2134012
Coal,2007,3,44538431.09,500456820.0,479373280.0,47668512105.0,45660304920.0,2007 Q3,47096555147.6,1057.43633071,2331.22413469
Coal,2007,4,40325942.62,456591590.0,435024610.0,43490348947.5,41436094102.5,2007 Q4,42641921720.3,1057.43149322,2331.21346996
Coal,2008,1,43277184.28,488677000.0,466510800.0,46546484250.0,44435153700.0,2008 Q1,45729618286.9,1056.66805842,2329.53040159
Coal,2008,2,39075334.35,439093100.0,419608880.0,41823617775.0,39967745820.0,2008 Q2,41202729076.0,1054.44341709,2324.62595732
Coal,2008,3,44576928.24,498974980.0,479313780.0,47527366845.0,45654637545.0,2008 Q3,46999503159.2,1054.34593667,2324.41105199
Coal,2008,4,41754258.75,465886090.0,446987580.0,44375650072.5,42575566995.0,2008 Q4,43760056672.3,1048.03816383,2310.50493597
Coal,2009,1,41073910.81,462447100.0,442015800.0,44048086275.0,42102004950.0,2009 Q1,43733611562.9,1064.75401783,2347.35670771
Coal,2009,2,34982779.21,394511850.0,375685720.0,37577253712.5,35784064830.0,2009 Q2,37091164699.7,1060.26923925,2337.46956484
Coal,2009,3,40863086.53,453799280.0,433640960.0,43224381420.0,41304301440.0,2009 Q3,42399192263.2,1037.59152486,2287.47427571
Coal,2009,4,43212978.38,479854160.0,459037050.0,45706108740.0,43723279012.5,2009 Q4,44979024231.9,1040.86841311,2294.69850353
Coal,2010,1,42921949.6,479701840.0,458575530.0,45691600260.0,43679319232.5,2010 Q1,44729409434.6,1042.11038528,2297.43655539
Coal,2010,2,39338394.1,436922140.0,417354440.0,41616833835.0,39753010410.0,2010 Q2,40902385894.8,1039.75738793,2292.24913743
Coal,2010,3,43453887.01,486983110.0,464654520.0,46385141227.5,44258343030.0,2010 Q3,45349864016.6,1043.63193116,2300.79095544
Coal,2010,4,38943061.1,437489750.0,414466770.0,41670898687.5,39477959842.5,2010 Q4,41368909027.6,1062.29217373,2341.9293262
Coal,2011,1,42489552.86,475195760.0,451844730.0,45262396140.0,43038210532.5,2011 Q1,44537242532.9,1048.19277999,2310.84580277
Coal,2011,2,37129091.08,412684830.0,391128500.0,39308230057.5,37254989625.0,2011 Q2,38659198611.1,1041.21047638,2295.45261624
Coal,2011,3,44824803.25,497487430.0,475652310.0,47385677707.5,45305882527.5,2011 Q3,46688063071.7,1041.56760737,2296.2399472
Coal,2011,4,37642010.01,421695210.0,399900950.0,40166468752.5,38090565487.5,2011 Q4,39036457690.4,1037.04498458,2286.26937301
Coal,2012,1,35529807.9,402255090.0,380105640.0,38314797322.5,36205062210.0,2012 Q1,37200145473.8,1047.01228834,2308.24329088
Coal,2012,2,30835437.11,348017490.0,328988190.0,33148665922.5,31336125097.5,2012 Q2,32082130440.4,1040.4305386,2293.73316541
Coal,2012,3,42105933.79,467579180.0,447201550.0,44536916895.0,42595947637.5,2012 Q3,43689762379.3,1037.61532988,2287.52675625
Coal,2012,4,38493717.62,429118090.0,407620720.0,40873498072.5,38825873580.0,2012 Q4,39753907416.3,1032.73754457,2276.77319076
Coal,2013,1,39061042.92,438722210.0,416802060.0,41788290502.5,39700396215.0,2013 Q1,40653814751.4,1040.7764799,2294.49582758
Coal,2013,2,34342095.05,385775250.0,365769760.0,36745092562.5,34839569640.0,2013 Q2,35875216726.8,1044.64263681,2303.01915712
Coal,2013,3,42657268.79,470789430.0,450721270.0,44842693207.5,42931200967.5,2013 Q3,44285991455.3,1038.18159745,2288.77514974
Coal,2013,4,38499224.49,431021120.0,409013150.0,41054761680.0,38958502537.5,2013 Q4,40022996229.9,1039.579284,2291.85648951
Coal,2014,1,41881920.18,469528560.0,444800030.0,44722595340.0,42367202857.5,2014 Q1,43498338657.8,1038.5946602,2289.68578788
Coal,2014,2,32908228.93,368348320.0,348201480.0,35085177480.0,33166190970.0,2014 Q2,34284544259.5,1041.82283199,2296.8026154
Coal,2014,3,41124565.5,454222570.0,434619470.0,43264699792.5,41397504517.5,2014 Q3,42499791576.7,1033.44050107,2278.32292867
Coal,2014,4,38229453.2,423930030.0,402888050.0,40379335357.5,38375086762.5,2014 Q4,39191965117.3,1025.17723474,2260.10573171
Coal,2015,1,38788986.59,430516020.0,408768720.0,41006650905.0,38935220580.0,2015 Q1,39785468372.5,1025.68981224,2261.23576006
Coal,2015,2,33601006.11,372039680.0,353136720.0,35436779520.0,33636272580.0,2015 Q2,34569939868.1,1028.83645076,2268.17283934
Coal,2015,3,40581629.43,445884570.0,425561050.0,42470505292.5,40534690012.5,2015 Q3,41933029364.7,1033.30078052,2278.01490073
Coal,2015,4,32132010.84,357663970.0,338610140.0,34067493142.5,32252615835.0,2015 Q4,33569874021.0,1044.74862118,2303.25281026
Coal,2016,1,31828432.24,354988710.0,335349190.0,33812674627.5,31942010347.5,2016 Q1,32795143639.3,1030.37257355,2271.55937565
Coal,2016,2,26946691.3,297584600.0,283088050.0,28344933150.0,26964136762.5,2016 Q2,27861157000.3,1033.93610333,2279.41553339
Coal,2016,3,40588600.03,438892670.0,423167320.0,41804526817.5,40306687230.0,2016 Q3,41478394945.5,1021.92228643,2252.92987265
Coal,2016,4,33676840.26,367500000.0,353715650.0,35004375000.0,33691415662.5,2016 Q4,34809029044.5,1033.61921058,2278.71691165
Coal,2017,1,33236342.89,369222740.0,350472680.0,35168465985.0,33382522770.0,2017 Q1,34445557354.6,1036.38229599,2284.80840974
Hydro,2001,1,2199719.0,,,0.0,0.0,2001 Q1,0.0,0.0,0.0
Hydro,2001,2,2187791.0,,,0.0,0.0,2001 Q2,0.0,0.0,0.0
Hydro,2001,3,2782779.0,,,0.0,0.0,2001 Q3,0.0,0.0,0.0
Hydro,2001,4,2450789.0,,,0.0,0.0,2001 Q4,0.0,0.0,0.0
Hydro,2002,1,2087114.0,,,0.0,0.0,2002 Q1,0.0,0.0,0.0
Hydro,2002,2,3059242.0,,,0.0,0.0,2002 Q2,0.0,0.0,0.0
Hydro,2002,3,3474686.0,,,0.0,0.0,2002 Q3,0.0,0.0,0.0
Hydro,2002,4,2693190.0,,,0.0,0.0,2002 Q4,0.0,0.0,0.0
Hydro,2003,1,2123225.0,,,0.0,0.0,2003 Q1,0.0,0.0,0.0
Hydro,2003,2,3111308.0,,,0.0,0.0,2003 Q2,0.0,0.0,0.0
Hydro,2003,3,3067892.0,,,0.0,0.0,2003 Q3,0.0,0.0,0.0
Hydro,2003,4,2124352.0,,,0.0,0.0,2003 Q4,0.0,0.0,0.0
Hydro,2004,1,2165093.5,,,0.0,0.0,2004 Q1,0.0,0.0,0.0
Hydro,2004,2,2874418.92,,,0.0,0.0,2004 Q2,0.0,0.0,0.0
Hydro,2004,3,2766255.16,,,0.0,0.0,2004 Q3,0.0,0.0,0.0
Hydro,2004,4,1915572.79,,,0.0,0.0,2004 Q4,0.0,0.0,0.0
Hydro,2005,1,2149912.46,,,0.0,0.0,2005 Q1,0.0,0.0,0.0
Hydro,2005,2,2367744.47,,,0.0,0.0,2005 Q2,0.0,0.0,0.0
Hydro,2005,3,2492022.32,,,0.0,0.0,2005 Q3,0.0,0.0,0.0
Hydro,2005,4,1752657.37,,,0.0,0.0,2005 Q4,0.0,0.0,0.0
Hydro,2006,1,2082734.13,,,0.0,0.0,2006 Q1,0.0,0.0,0.0
Hydro,2006,2,2390549.16,,,0.0,0.0,2006 Q2,0.0,0.0,0.0
Hydro,2006,3,2809027.92,,,0.0,0.0,2006 Q3,0.0,0.0,0.0
Hydro,2006,4,1688618.36,,,0.0,0.0,2006 Q4,0.0,0.0,0.0
Hydro,2007,1,1821694.57,,,0.0,0.0,2007 Q1,0.0,0.0,0.0
Hydro,2007,2,1887502.02,,,0.0,0.0,2007 Q2,0.0,0.0,0.0
Hydro,2007,3,2155853.85,,,0.0,0.0,2007 Q3,0.0,0.0,0.0
Hydro,2007,4,1837320.27,,,0.0,0.0,2007 Q4,0.0,0.0,0.0
Hydro,2008,1,1775817.28,,,0.0,0.0,2008 Q1,0.0,0.0,0.0
Hydro,2008,2,1896491.79,,,0.0,0.0,2008 Q2,0.0,0.0,0.0
Hydro,2008,3,2239597.91,,,0.0,0.0,2008 Q3,0.0,0.0,0.0
Hydro,2008,4,1842695.65,,,0.0,0.0,2008 Q4,0.0,0.0,0.0
Hydro,2009,1,1770662.63,,,0.0,0.0,2009 Q1,0.0,0.0,0.0
Hydro,2009,2,2398514.9,,,0.0,0.0,2009 Q2,0.0,0.0,0.0
Hydro,2009,3,3072255.35,,,0.0,0.0,2009 Q3,0.0,0.0,0.0
Hydro,2009,4,2274200.12,,,0.0,0.0,2009 Q4,0.0,0.0,0.0
Hydro,2010,1,2082718.94,,,0.0,0.0,2010 Q1,0.0,0.0,0.0
Hydro,2010,2,2610577.99,,,0.0,0.0,2010 Q2,0.0,0.0,0.0
Hydro,2010,3,3941918.26,,,0.0,0.0,2010 Q3,0.0,0.0,0.0
Hydro,2010,4,3859989.88,,,0.0,0.0,2010 Q4,0.0,0.0,0.0
Hydro,2011,1,2700307.18,,,0.0,0.0,2011 Q1,0.0,0.0,0.0
Hydro,2011,2,3969581.1,,,0.0,0.0,2011 Q2,0.0,0.0,0.0
Hydro,2011,3,4627864.26,,,0.0,0.0,2011 Q3,0.0,0.0,0.0
Hydro,2011,4,3326091.39,,,0.0,0.0,2011 Q4,0.0,0.0,0.0
Hydro,2012,1,2766145.95,,,0.0,0.0,2012 Q1,0.0,0.0,0.0
Hydro,2012,2,3475588.68,,,0.0,0.0,2012 Q2,0.0,0.0,0.0
Hydro,2012,3,3687621.29,,,0.0,0.0,2012 Q3,0.0,0.0,0.0
Hydro,2012,4,2643368.65,,,0.0,0.0,2012 Q4,0.0,0.0,0.0
Hydro,2013,1,2233011.13,,,0.0,0.0,2013 Q1,0.0,0.0,0.0
Hydro,2013,2,2751340.45,,,0.0,0.0,2013 Q2,0.0,0.0,0.0
Hydro,2013,3,3109124.19,,,0.0,0.0,2013 Q3,0.0,0.0,0.0
Hydro,2013,4,2184575.35,,,0.0,0.0,2013 Q4,0.0,0.0,0.0
Hydro,2014,1,2261478.98,,,0.0,0.0,2014 Q1,0.0,0.0,0.0
Hydro,2014,2,3356372.56,,,0.0,0.0,2014 Q2,0.0,0.0,0.0
Hydro,2014,3,4015409.27,,,0.0,0.0,2014 Q3,0.0,0.0,0.0
Hydro,2014,4,3452960.7,,,0.0,0.0,2014 Q4,0.0,0.0,0.0
Hydro,2015,1,2774787.97,,,0.0,0.0,2015 Q1,0.0,0.0,0.0
Hydro,2015,2,3440850.63,,,0.0,0.0,2015 Q2,0.0,0.0,0.0
Hydro,2015,3,3493231.38,,,0.0,0.0,2015 Q3,0.0,0.0,0.0
Hydro,2015,4,3070642.42,,,0.0,0.0,2015 Q4,0.0,0.0,0.0
Hydro,2016,1,2979796.92,,,0.0,0.0,2016 Q1,0.0,0.0,0.0
Hydro,2016,2,3072594.41,,,0.0,0.0,2016 Q2,0.0,0.0,0.0
Hydro,2016,3,3063331.39,,,0.0,0.0,2016 Q3,0.0,0.0,0.0
Hydro,2016,4,2811236.4,,,0.0,0.0,2016 Q4,0.0,0.0,0.0
Hydro,2017,1,3779714.05,,,0.0,0.0,2017 Q1,0.0,0.0,0.0
Natural Gas,2001,1,853795.0,16245000.0,10843000.0,862122150.0,575438010.0,2001 Q1,601544282.547,704.55353164,1553.25871585
Natural Gas,2001,2,999725.0,17982000.0,12575000.0,954304740.0,667355250.0,2001 Q2,700379309.879,700.57196717,1544.48095882
Natural Gas,2001,3,1937137.0,30081000.0,24067000.0,1596398670.0,1277235690.0,2001 Q3,1341446718.87,692.489338066,1526.6619947
Natural Gas,2001,4,891807.0,15728000.0,10034000.0,834684960.0,532504380.0,2001 Q4,555789629.136,623.217387995,1373.94505357
Natural Gas,2002,1,972760.0,16673000.0,10274000.0,884836110.0,545241180.0,2002 Q1,569425777.4,585.371291377,1290.50954897
Natural Gas,2002,2,1082576.0,17328000.0,11890000.0,919596960.0,631002300.0,2002 Q2,660063262.07,609.715402956,1344.17857736
Natural Gas,2002,3,1903272.0,27573000.0,21432000.0,1463299110.0,1137396240.0,2002 Q3,1193035429.36,626.833909898,1381.91803776
Natural Gas,2002,4,771337.0,14016000.0,9297000.0,743829120.0,493391790.0,2002 Q4,517502718.171,670.916497162,1479.10250964
Natural Gas,2003,1,1127140.0,15281000.0,12135000.0,810962670.0,644004450.0,2003 Q1,686255552.45,608.846773648,1342.26359718
Natural Gas,2003,2,903455.0,12954000.0,10312000.0,687468780.0,547257840.0,2003 Q2,580898531.989,642.974505635,1417.50159512
Natural Gas,2003,3,2087764.0,26005000.0,23287000.0,1380085350.0,1235841090.0,2003 Q3,1298741501.88,622.072945928,1371.42201659
Natural Gas,2003,4,1083911.0,14960000.0,12004000.0,793927200.0,637052280.0,2003 Q4,676320641.033,623.963259929,1375.58940284
Natural Gas,2004,1,1321036.31,20808570.0,13323460.0,1104310809.9,707076022.2,2004 Q1,745371591.151,564.232478326,1243.90692172
Natural Gas,2004,2,1051679.31,15761580.0,10602900.0,836467050.6,562695903.0,2004 Q2,590776987.114,561.746324661,1238.42594735
Natural Gas,2004,3,1397376.26,18566270.0,13750740.0,985311948.9,729751771.8,2004 Q3,756389019.029,541.292306647,1193.33301923
Natural Gas,2004,4,1336248.95,16524910.0,11345150.0,876976973.7,602087110.5,2004 Q4,624891721.555,467.646183411,1030.97277595
Natural Gas,2005,1,2109359.24,22781770.0,17897300.0,1209028533.9,949809711.0,2005 Q1,984550577.835,466.753390871,1029.00452551
Natural Gas,2005,2,3462741.05,38022650.0,33593770.0,2017862035.5,1782821373.9,2005 Q2,1832387908.09,529.172664553,1166.61405627
Natural Gas,2005,3,4796205.59,52013530.0,47064690.0,2760358037.1,2497723098.3,2005 Q3,2569262498.28,535.686481756,1180.97441768
Natural Gas,2005,4,2288565.57,24951300.0,21199820.0,1324165491.0,1125074447.4,2005 Q4,1143559437.74,499.683929853,1101.60319175
Natural Gas,2006,1,1543724.92,17006360.0,13341640.0,902527525.2,708040834.8,2006 Q1,741955261.022,480.626600899,1059.58940434
Natural Gas,2006,2,2129327.02,21960060.0,18575050.0,1165420384.2,985777903.5,2006 Q2,1033287129.55,485.264649275,1069.81444579
Natural Gas,2006,3,4497171.96,45141690.0,41154090.0,2395669488.3,2184047556.3,2006 Q3,2254480272.28,501.310666421,1105.18949519
Natural Gas,2006,4,3180752.07,31719040.0,27791540.0,1683329452.8,1474897027.8,2006 Q4,1553772070.12,488.492040854,1076.92955327
Natural Gas,2007,1,4125320.55,39171960.0,34927500.0,2078855917.2,1853602425.0,2007 Q1,1913691130.93,463.889074253,1022.6898531
Natural Gas,2007,2,3114965.98,32092220.0,28460230.0,1703134115.4,1510384406.1,2007 Q2,1575424407.95,505.759747641,1114.99793965
Natural Gas,2007,3,4439946.8,44324410.0,40845140.0,2352296438.7,2167651579.8,2007 Q3,2235835313.58,503.572545864,1110.17603461
Natural Gas,2007,4,3219508.66,31075460.0,27292080.0,1649174662.2,1448390685.6,2007 Q4,1490540157.65,462.971314898,1020.66656083
Natural Gas,2008,1,3359543.29,31975190.0,27865970.0,1696923333.3,1478847027.9,2008 Q1,1521928123.56,453.016375198,998.719900761
Natural Gas,2008,2,1650100.34,17366230.0,14728440.0,921625826.1,781638310.8,2008 Q2,805790541.713,488.328207794,1076.5683669
Natural Gas,2008,3,3464659.32,31862700.0,29299160.0,1690953489.0,1554906421.2,2008 Q3,1600709877.14,462.010757565,1018.54891613
Natural Gas,2008,4,2785328.57,25943450.0,22922720.0,1376818891.5,1216508750.4,2008 Q4,1250353092.56,448.906856459,989.660055749
Natural Gas,2009,1,2660930.0,25129830.0,20918500.0,1333640078.1,1110144795.0,2009 Q1,1153166964.4,433.369898643,955.407278548
Natural Gas,2009,2,2352049.08,22918410.0,19387600.0,1216280018.7,1028899932.0,2009 Q2,1066483000.7,453.427188137,999.625578967
Natural Gas,2009,3,2766247.28,26535260.0,22798660.0,1408226248.2,1209924886.2,2009 Q3,1241997469.65,448.982807367,989.827497121
Natural Gas,2009,4,2144135.31,22194870.0,18480550.0,1177881750.9,980762788.5,2009 Q4,1008930579.45,470.553595545,1037.38245674
Natural Gas,2010,1,2520695.17,24227930.0,20863170.0,1285776245.1,1107208431.9,2010 Q1,1133826720.52,449.807154,991.644851708
Natural Gas,2010,2,2415059.2,23164690.0,20153070.0,1229350098.3,1069523424.9,2010 Q2,1100446466.76,455.660245,1004.54857613
Natural Gas,2010,3,5088083.49,47973520.0,43669360.0,2545954706.4,2317532935.2,2010 Q3,2374689070.36,466.715822377,1028.92170201
Natural Gas,2010,4,1652111.91,17040360.0,14021150.0,904331905.2,744102430.5,2010 Q4,779744087.014,471.968080549,1040.50083038
Natural Gas,2011,1,2220417.46,21672100.0,18162060.0,1150138347.0,963860524.2,2011 Q1,997432035.464,449.209238097,990.326686308
Natural Gas,2011,2,2043785.34,20242320.0,17172470.0,1074259922.4,911342982.9,2011 Q2,945693173.812,462.716487541,1020.10476843
Natural Gas,2011,3,4704253.24,45010020.0,41086800.0,2388681761.4,2180476476.0,2011 Q3,2246997907.53,477.652412166,1053.03250786
Natural Gas,2011,4,2191946.72,21295860.0,18206590.0,1130171290.2,966223731.3,2011 Q4,990217691.012,451.752627916,995.933843503
Natural Gas,2012,1,4176572.71,35459590.0,31717680.0,1881840441.3,1683257277.6,2012 Q1,1729521005.47,414.100537824,912.926045686
Natural Gas,2012,2,6539260.32,57713500.0,52839740.0,3062855445.0,2804205001.8,2012 Q2,2870963476.48,439.034896302,967.896332388
Natural Gas,2012,3,7649867.17,72049390.0,65543720.0,3823661127.3,3478405220.4,2012 Q3,3567726649.29,466.37759454,1028.17604492
Natural Gas,2012,4,3211294.82,30195740.0,26318880.0,1602487921.8,1396742961.6,2012 Q4,1430128552.43,445.343275094,981.803784272
Natural Gas,2013,1,3936883.67,36147560.0,31233700.0,1918351009.2,1657572459.0,2013 Q1,1697379626.15,431.148026821,950.50893993
Natural Gas,2013,2,3485651.06,33024620.0,28711910.0,1752616583.4,1523741063.7,2013 Q2,1569036054.71,450.141459286,992.381861141
Natural Gas,2013,3,5699850.43,52780430.0,47899950.0,2801057420.1,2542050346.5,2013 Q3,2622270455.68,460.059520489,1014.24721887
Natural Gas,2013,4,3704211.77,35282550.0,30467440.0,1872444928.5,1616907040.8,2013 Q4,1661087058.87,448.431990936,988.613167218
Natural Gas,2014,1,2673818.36,30009460.0,22447160.0,1592602042.2,1191270781.2,2014 Q1,1223075784.54,457.426653523,1008.44280036
Natural Gas,2014,2,3581724.15,32536420.0,28784950.0,1726707809.4,1527617296.5,2014 Q2,1579128060.28,440.88489067,971.974829971
Natural Gas,2014,3,3680182.05,32948250.0,29556490.0,1748563627.5,1568562924.3,2014 Q3,1610328886.6,437.567724836,964.661806174
Natural Gas,2014,4,4464770.8,40604080.0,35535080.0,2154858525.6,1885846695.6,2014 Q4,1925990118.74,431.374913745,951.009134843
Natural Gas,2015,1,5760276.6,50007340.0,44313190.0,2653889533.8,2351700993.3,2015 Q1,2403056258.49,417.1772339,919.708929857
Natural Gas,2015,2,5395861.85,47456240.0,42449640.0,2518502656.8,2252802394.8,2015 Q2,2315335123.35,429.094589097,945.981931123
Natural Gas,2015,3,8118491.56,71436100.0,65313300.0,3791113827.0,3466176831.0,2015 Q3,3585750743.19,441.676968769,973.721045347
Natural Gas,2015,4,5820784.61,50654430.0,44518070.0,2688230600.1,2362573974.9,2015 Q4,2459065990.44,422.462976248,931.361877437
Natural Gas,2016,1,7987494.57,68596350.0,60411330.0,3640408294.5,3206029283.1,2016 Q1,3291658530.79,412.101504664,908.518977182
Natural Gas,2016,2,8120226.13,70577820.0,63158690.0,3745564907.4,3351831678.3,2016 Q2,3463337597.27,426.507530927,940.278502681
Natural Gas,2016,3,9683908.79,85942360.0,78966380.0,4560961045.2,4190745786.6,2016 Q3,4312569967.88,445.333600449,981.782455551
Natural Gas,2016,4,4566654.4,44986270.0,37438320.0,2387421348.9,1986851642.4,2016 Q4,2052759587.79,449.51060623,990.991082495
Natural Gas,2017,1,4686420.94,48077360.0,40201450.0,2551465495.2,2133490951.5,2017 Q1,2201429935.11,469.746521556,1035.60318142
Nuclear,2001,1,9013237.0,,,0.0,0.0,2001 Q1,0.0,0.0,0.0
Nuclear,2001,2,8740486.0,,,0.0,0.0,2001 Q2,0.0,0.0,0.0
Nuclear,2001,3,9821750.0,,,0.0,0.0,2001 Q3,0.0,0.0,0.0
Nuclear,2001,4,8299467.0,,,0.0,0.0,2001 Q4,0.0,0.0,0.0
Nuclear,2002,1,10184170.0,,,0.0,0.0,2002 Q1,0.0,0.0,0.0
Nuclear,2002,2,9663462.0,,,0.0,0.0,2002 Q2,0.0,0.0,0.0
Nuclear,2002,3,10410654.0,,,0.0,0.0,2002 Q3,0.0,0.0,0.0
Nuclear,2002,4,10571551.0,,,0.0,0.0,2002 Q4,0.0,0.0,0.0
Nuclear,2003,1,9781543.0,,,0.0,0.0,2003 Q1,0.0,0.0,0.0
Nuclear,2003,2,8394200.0,,,0.0,0.0,2003 Q2,0.0,0.0,0.0
Nuclear,2003,3,10126251.0,,,0.0,0.0,2003 Q3,0.0,0.0,0.0
Nuclear,2003,4,9311856.0,,,0.0,0.0,2003 Q4,0.0,0.0,0.0
Nuclear,2004,1,10779529.0,,,0.0,0.0,2004 Q1,0.0,0.0,0.0
Nuclear,2004,2,9810640.0,,,0.0,0.0,2004 Q2,0.0,0.0,0.0
Nuclear,2004,3,10717018.0,,,0.0,0.0,2004 Q3,0.0,0.0,0.0
Nuclear,2004,4,9046366.0,,,0.0,0.0,2004 Q4,0.0,0.0,0.0
Nuclear,2005,1,8643429.0,,,0.0,0.0,2005 Q1,0.0,0.0,0.0
Nuclear,2005,2,6263564.0,,,0.0,0.0,2005 Q2,0.0,0.0,0.0
Nuclear,2005,3,10682859.0,,,0.0,0.0,2005 Q3,0.0,0.0,0.0
Nuclear,2005,4,10506512.0,,,0.0,0.0,2005 Q4,0.0,0.0,0.0
Nuclear,2006,1,10786203.0,,,0.0,0.0,2006 Q1,0.0,0.0,0.0
Nuclear,2006,2,9919915.0,,,0.0,0.0,2006 Q2,0.0,0.0,0.0
Nuclear,2006,3,10329044.0,,,0.0,0.0,2006 Q3,0.0,0.0,0.0
Nuclear,2006,4,8479869.0,,,0.0,0.0,2006 Q4,0.0,0.0,0.0
Nuclear,2007,1,9613614.0,,,0.0,0.0,2007 Q1,0.0,0.0,0.0
Nuclear,2007,2,9664918.0,,,0.0,0.0,2007 Q2,0.0,0.0,0.0
Nuclear,2007,3,11056366.0,,,0.0,0.0,2007 Q3,0.0,0.0,0.0
Nuclear,2007,4,11238828.0,,,0.0,0.0,2007 Q4,0.0,0.0,0.0
Nuclear,2008,1,10267672.0,,,0.0,0.0,2008 Q1,0.0,0.0,0.0
Nuclear,2008,2,8612220.0,,,0.0,0.0,2008 Q2,0.0,0.0,0.0
Nuclear,2008,3,10591313.0,,,0.0,0.0,2008 Q3,0.0,0.0,0.0
Nuclear,2008,4,10441384.0,,,0.0,0.0,2008 Q4,0.0,0.0,0.0
Nuclear,2009,1,10119257.0,,,0.0,0.0,2009 Q1,0.0,0.0,0.0
Nuclear,2009,2,10291309.0,,,0.0,0.0,2009 Q2,0.0,0.0,0.0
Nuclear,2009,3,10704302.0,,,0.0,0.0,2009 Q3,0.0,0.0,0.0
Nuclear,2009,4,8075781.0,,,0.0,0.0,2009 Q4,0.0,0.0,0.0
Nuclear,2010,1,10737106.0,,,0.0,0.0,2010 Q1,0.0,0.0,0.0
Nuclear,2010,2,10215889.0,,,0.0,0.0,2010 Q2,0.0,0.0,0.0
Nuclear,2010,3,11035845.0,,,0.0,0.0,2010 Q3,0.0,0.0,0.0
Nuclear,2010,4,10275122.0,,,0.0,0.0,2010 Q4,0.0,0.0,0.0
Nuclear,2011,1,9636161.0,,,0.0,0.0,2011 Q1,0.0,0.0,0.0
Nuclear,2011,2,6952754.0,,,0.0,0.0,2011 Q2,0.0,0.0,0.0
Nuclear,2011,3,10128861.0,,,0.0,0.0,2011 Q3,0.0,0.0,0.0
Nuclear,2011,4,8948933.0,,,0.0,0.0,2011 Q4,0.0,0.0,0.0
Nuclear,2012,1,10024888.0,,,0.0,0.0,2012 Q1,0.0,0.0,0.0
Nuclear,2012,2,9038895.0,,,0.0,0.0,2012 Q2,0.0,0.0,0.0
Nuclear,2012,3,9939558.0,,,0.0,0.0,2012 Q3,0.0,0.0,0.0
Nuclear,2012,4,7388617.0,,,0.0,0.0,2012 Q4,0.0,0.0,0.0
Nuclear,2013,1,9752600.0,,,0.0,0.0,2013 Q1,0.0,0.0,0.0
Nuclear,2013,2,8071600.0,,,0.0,0.0,2013 Q2,0.0,0.0,0.0
Nuclear,2013,3,8453556.0,,,0.0,0.0,2013 Q3,0.0,0.0,0.0
Nuclear,2013,4,8291307.0,,,0.0,0.0,2013 Q4,0.0,0.0,0.0
Nuclear,2014,1,9586339.0,,,0.0,0.0,2014 Q1,0.0,0.0,0.0
Nuclear,2014,2,9662680.0,,,0.0,0.0,2014 Q2,0.0,0.0,0.0
Nuclear,2014,3,10034277.0,,,0.0,0.0,2014 Q3,0.0,0.0,0.0
Nuclear,2014,4,7125272.0,,,0.0,0.0,2014 Q4,0.0,0.0,0.0
Nuclear,2015,1,9856456.0,,,0.0,0.0,2015 Q1,0.0,0.0,0.0
Nuclear,2015,2,8186675.0,,,0.0,0.0,2015 Q2,0.0,0.0,0.0
Nuclear,2015,3,10378359.0,,,0.0,0.0,2015 Q3,0.0,0.0,0.0
Nuclear,2015,4,9193473.0,,,0.0,0.0,2015 Q4,0.0,0.0,0.0
Nuclear,2016,1,9582165.0,,,0.0,0.0,2016 Q1,0.0,0.0,0.0
Nuclear,2016,2,10186296.0,,,0.0,0.0,2016 Q2,0.0,0.0,0.0
Nuclear,2016,3,10145415.0,,,0.0,0.0,2016 Q3,0.0,0.0,0.0
Nuclear,2016,4,8151590.0,,,0.0,0.0,2016 Q4,0.0,0.0,0.0
Nuclear,2017,1,9216669.0,,,0.0,0.0,2017 Q1,0.0,0.0,0.0
Other,2001,1,483811.37,6397000.0,4871000.0,571153450.0,442048600.0,2001 Q1,462103307.944,955.131145315,2105.68212296
Other,2001,2,416368.73,4266000.0,3335000.0,385842725.0,301838500.0,2001 Q2,316774971.539,760.80394303,1677.26837281
Other,2001,3,480593.27,5431000.0,4080000.0,480571350.0,364579250.0,2001 Q3,382907902.207,796.740042172,1756.49309697
Other,2001,4,439901.54,5116000.0,3344000.0,464032600.0,315088400.0,2001 Q4,328866524.968,747.591210907,1648.13958357
Other,2002,1,410137.41,4456000.0,2943000.0,416188100.0,283995425.0,2002 Q1,296592263.37,723.1534021,1594.26399027
Other,2002,2,406780.19,4870000.0,2924000.0,448948000.0,274662150.0,2002 Q2,287311781.108,706.307210064,1557.12487531
Other,2002,3,463947.3,5108000.0,3560000.0,474606300.0,337612250.0,2002 Q3,354127577.946,763.292679893,1682.75504209
Other,2002,4,455986.39,4352000.0,3003000.0,414269325.0,292942925.0,2002 Q4,307258375.654,673.832338843,1485.53077421
Other,2003,1,548620.2,5763000.0,4572000.0,525571675.0,416223200.0,2003 Q1,443530292.467,808.446886328,1782.3020056
Other,2003,2,467571.54,4926000.0,3429000.0,456337600.0,322486775.0,2003 Q2,342310480.528,732.102900293,1613.99405399
Other,2003,3,541426.82,5856000.0,4260000.0,539717225.0,395784625.0,2003 Q3,415928813.545,768.208736954,1693.59298149
Other,2003,4,564782.86,6109000.0,4510000.0,563249525.0,420343000.0,2003 Q4,446253245.046,790.132414865,1741.92592181
Other,2004,1,629777.98,7735680.0,5266570.0,703413634.25,488558690.75,2004 Q1,515019258.554,817.779082327,1802.8757649
Other,2004,2,517578.2,6137560.0,4211120.0,563417412.25,395639903.25,2004 Q2,415384133.38,802.553379142,1769.30917966
Other,2004,3,547422.74,5962790.0,4412180.0,565393126.5,424590829.25,2004 Q3,440089155.293,803.929254552,1772.34243458
Other,2004,4,552055.1,5854070.0,4379300.0,557406653.25,421425277.5,2004 Q4,437387153.073,792.288945566,1746.68020939
Other,2005,1,569932.16,6583440.0,4542820.0,608714211.5,427240913.25,2005 Q1,442867958.859,777.053814368,1713.09283916
Other,2005,2,562357.52,6032800.0,4700870.0,549425747.5,427893530.75,2005 Q2,439789954.941,782.046899525,1724.10059469
Other,2005,3,558573.38,6851680.0,4787940.0,620125555.5,441532380.25,2005 Q3,454178682.628,813.104775289,1792.5707876
Other,2005,4,581301.92,7018010.0,5041120.0,644746276.0,467405570.75,2005 Q4,475085051.412,817.277622981,1801.77024762
Other,2006,1,537819.12,6707660.0,4705620.0,632993699.75,454634914.5,2006 Q1,476411458.321,885.820976987,1952.88092587
Other,2006,2,504793.72,5869010.0,4421210.0,558656147.25,426874427.25,2006 Q2,447447493.037,886.396710793,1954.15018861
Other,2006,3,586429.24,7072710.0,5468130.0,658946387.25,511710234.25,2006 Q3,528212229.13,900.726282219,1985.74116178
Other,2006,4,494399.89,6461480.0,4376640.0,603602698.0,412488290.25,2006 Q4,434547478.613,878.939270421,1937.70951557
Other,2007,1,749258.67,9750400.0,7328210.0,848277952.5,637144767.25,2007 Q1,657799252.829,877.933454984,1935.49209486
Other,2007,2,584572.65,6632300.0,5115150.0,613617911.25,473938105.0,2007 Q2,494346773.882,845.654982117,1864.33097357
Other,2007,3,537900.4,6375740.0,4603300.0,593191796.5,432278177.5,2007 Q3,445875538.094,828.91839845,1827.43350122
Other,2007,4,528092.63,5816340.0,4339100.0,540167709.0,402502496.25,2007 Q4,414215681.017,784.361790878,1729.20400417
Other,2008,1,547078.07,6464460.0,4670800.0,596910158.5,434878896.25,2008 Q1,447547589.478,818.068963134,1803.51483613
Other,2008,2,459892.31,5010920.0,3544290.0,470926550.75,335656094.0,2008 Q2,346027698.587,752.41027315,1658.76368819
Other,2008,3,467960.5,4964140.0,3701630.0,479595544.0,359118585.5,2008 Q3,369697275.049,790.018121291,1741.6739502
Other,2008,4,450799.65,5039980.0,3661780.0,475155153.0,344050753.0,2008 Q4,353622547.204,784.433943558,1729.36307197
Other,2009,1,377665.89,4226440.0,3049680.0,401548924.0,286421124.25,2009 Q1,297520989.944,787.788883832,1736.7593733
Other,2009,2,348061.45,3241220.0,2309180.0,309078918.25,216886479.25,2009 Q2,224808784.614,645.888203403,1423.92513322
Other,2009,3,333500.86,3335740.0,2303700.0,322741165.25,219327166.25,2009 Q3,225141071.66,675.083931298,1488.29003494
Other,2009,4,333995.04,3564280.0,2481780.0,343246284.25,235571965.5,2009 Q4,242337660.484,725.572632708,1599.59742607
Other,2010,1,351414.92,3904150.0,2796920.0,377844862.5,267528570.75,2010 Q1,273960198.712,779.591824706,1718.68813675
Other,2010,2,342769.44,3553350.0,2566220.0,340958625.0,242866662.0,2010 Q2,249888645.606,729.028368474,1607.21594114
Other,2010,3,349436.3,3560930.0,2616610.0,345279011.75,251042242.25,2010 Q3,257233569.29,736.138659006,1622.89128765
Other,2010,4,329167.84,3449090.0,2445840.0,329627375.25,229389527.75,2010 Q4,240377024.123,730.256710749,1609.92394452
Other,2011,1,362851.0,3821100.0,2790620.0,373807230.0,269994738.25,2011 Q1,279398724.79,770.009521237,1697.56299052
Other,2011,2,330480.11,2987600.0,2197330.0,282425907.5,203079291.75,2011 Q2,210733723.257,637.659323149,1405.78374381
Other,2011,3,357442.48,3314770.0,2405810.0,321029884.5,229350794.75,2011 Q3,236347771.492,661.219034435,1457.72348332
Other,2011,4,297020.69,2508720.0,1550710.0,234944577.0,139092437.25,2011 Q4,142546480.271,479.921046142,1058.03393833
Other,2012,1,252759.56,2221340.0,1232520.0,213250127.75,113385198.25,2012 Q1,116501550.115,460.918471748,1016.14086282
Other,2012,2,289850.83,2340600.0,1499420.0,209756276.25,126372483.25,2012 Q2,129380977.357,446.370905191,984.069297584
Other,2012,3,289580.33,2425230.0,1405700.0,227124839.25,124893277.5,2012 Q3,128100392.628,442.365655942,975.239325091
Other,2012,4,255906.55,2007470.0,1001640.0,186619279.5,85157136.5,2012 Q4,87192601.4307,340.720475622,751.152360555
Other,2013,1,225957.02,2643710.0,1112290.0,255042774.75,99354637.75,2013 Q1,101740673.214,450.265600131,992.655542049
Other,2013,2,254029.36,2932270.0,1557260.0,274703173.25,135543311.0,2013 Q2,139572494.96,549.434502217,1211.28330359
Other,2013,3,294107.4,2954560.0,1524560.0,284000337.25,139078651.0,2013 Q3,143467590.261,487.806802075,1075.41887585
Other,2013,4,286805.72,3355000.0,1617330.0,317515137.5,141948419.25,2013 Q4,145826987.139,508.452157574,1120.93362659
Other,2014,1,343496.46,4286800.0,2553480.0,389153002.5,219358090.5,2014 Q1,225214596.772,655.653326884,1445.45332445
Other,2014,2,265131.96,2528380.0,1271510.0,243829530.5,116231729.75,2014 Q2,120151026.284,453.174435416,999.068360319
Other,2014,3,278504.78,2876200.0,1353430.0,279860795.0,126486950.5,2014 Q3,129854905.412,466.257366974,1027.91099123
Other,2014,4,244148.32,2844400.0,1210230.0,270382418.75,104457441.75,2014 Q4,106680994.329,436.951580619,963.303454633
Other,2015,1,207924.64,2344870.0,1176770.0,220775480.75,102636890.75,2015 Q1,104878223.623,504.404978758,1112.01121617
Other,2015,2,232276.76,1663930.0,903350.0,158039826.75,81434311.25,2015 Q2,83694744.607,360.323368584,794.368898381
Other,2015,3,268034.26,2073870.0,1002140.0,199859170.75,91210927.75,2015 Q3,94357462.9667,352.035083003,776.096543988
Other,2015,4,226308.7,1775310.0,907820.0,168962113.5,81267617.0,2015 Q4,84586741.0764,373.767076018,824.006895789
Other,2016,1,178402.16,1319800.0,697930.0,122615995.0,60196805.5,2016 Q1,61804590.9297,346.434095471,763.748606875
Other,2016,2,195204.35,1168150.0,791870.0,106599318.75,69346305.75,2016 Q2,71653260.3623,367.067948856,809.238000048
Other,2016,3,213463.74,1247940.0,1010370.0,113917192.75,90520285.75,2016 Q3,93151693.2039,436.381809875,962.047338051
Other,2016,4,185515.66,1096570.0,785430.0,101713833.25,70324990.5,2016 Q4,72657814.7202,391.653269164,863.4387972
Other,2017,1,170332.77,1121100.0,515310.0,109347467.5,47931551.0,2017 Q1,49457885.5062,290.360366395,640.128463754
Other Renewables,2001,1,554280.63,,,0.0,0.0,2001 Q1,0.0,0.0,0.0
Other Renewables,2001,2,532790.27,,,0.0,0.0,2001 Q2,0.0,0.0,0.0
Other Renewables,2001,3,556350.73,,,0.0,0.0,2001 Q3,0.0,0.0,0.0
Other Renewables,2001,4,594675.46,,,0.0,0.0,2001 Q4,0.0,0.0,0.0
Other Renewables,2002,1,547328.6,,,0.0,0.0,2002 Q1,0.0,0.0,0.0
Other Renewables,2002,2,451382.82,,,0.0,0.0,2002 Q2,0.0,0.0,0.0
Other Renewables,2002,3,462404.7,,,0.0,0.0,2002 Q3,0.0,0.0,0.0
Other Renewables,2002,4,500881.62,,,0.0,0.0,2002 Q4,0.0,0.0,0.0
Other Renewables,2003,1,623515.81,,,0.0,0.0,2003 Q1,0.0,0.0,0.0
Other Renewables,2003,2,586831.46,,,0.0,0.0,2003 Q2,0.0,0.0,0.0
Other Renewables,2003,3,620360.18,,,0.0,0.0,2003 Q3,0.0,0.0,0.0
Other Renewables,2003,4,611523.14,,,0.0,0.0,2003 Q4,0.0,0.0,0.0
Other Renewables,2004,1,526239.25,,,0.0,0.0,2004 Q1,0.0,0.0,0.0
Other Renewables,2004,2,506893.04,,,0.0,0.0,2004 Q2,0.0,0.0,0.0
Other Renewables,2004,3,574723.61,,,0.0,0.0,2004 Q3,0.0,0.0,0.0
Other Renewables,2004,4,537945.65,,,0.0,0.0,2004 Q4,0.0,0.0,0.0
Other Renewables,2005,1,557492.43,,,0.0,0.0,2005 Q1,0.0,0.0,0.0
Other Renewables,2005,2,574735.71,,,0.0,0.0,2005 Q2,0.0,0.0,0.0
Other Renewables,2005,3,597566.33,,,0.0,0.0,2005 Q3,0.0,0.0,0.0
Other Renewables,2005,4,598423.03,,,0.0,0.0,2005 Q4,0.0,0.0,0.0
Other Renewables,2006,1,571653.64,,,0.0,0.0,2006 Q1,0.0,0.0,0.0
Other Renewables,2006,2,560844.85,,,0.0,0.0,2006 Q2,0.0,0.0,0.0
Other Renewables,2006,3,627573.3,,,0.0,0.0,2006 Q3,0.0,0.0,0.0
Other Renewables,2006,4,600566.36,,,0.0,0.0,2006 Q4,0.0,0.0,0.0
Other Renewables,2007,1,630561.12,,,0.0,0.0,2007 Q1,0.0,0.0,0.0
Other Renewables,2007,2,640661.9,,,0.0,0.0,2007 Q2,0.0,0.0,0.0
Other Renewables,2007,3,716636.14,,,0.0,0.0,2007 Q3,0.0,0.0,0.0
Other Renewables,2007,4,752066.91,,,0.0,0.0,2007 Q4,0.0,0.0,0.0
Other Renewables,2008,1,739643.64,,,0.0,0.0,2008 Q1,0.0,0.0,0.0
Other Renewables,2008,2,746841.19,,,0.0,0.0,2008 Q2,0.0,0.0,0.0
Other Renewables,2008,3,802919.58,,,0.0,0.0,2008 Q3,0.0,0.0,0.0
Other Renewables,2008,4,716484.84,,,0.0,0.0,2008 Q4,0.0,0.0,0.0
Other Renewables,2009,1,735329.95,,,0.0,0.0,2009 Q1,0.0,0.0,0.0
Other Renewables,2009,2,782658.17,,,0.0,0.0,2009 Q2,0.0,0.0,0.0
Other Renewables,2009,3,881724.68,,,0.0,0.0,2009 Q3,0.0,0.0,0.0
Other Renewables,2009,4,823875.92,,,0.0,0.0,2009 Q4,0.0,0.0,0.0
Other Renewables,2010,1,848856.52,,,0.0,0.0,2010 Q1,0.0,0.0,0.0
Other Renewables,2010,2,839499.04,,,0.0,0.0,2010 Q2,0.0,0.0,0.0
Other Renewables,2010,3,902358.36,,,0.0,0.0,2010 Q3,0.0,0.0,0.0
Other Renewables,2010,4,916728.41,,,0.0,0.0,2010 Q4,0.0,0.0,0.0
Other Renewables,2011,1,871933.68,,,0.0,0.0,2011 Q1,0.0,0.0,0.0
Other Renewables,2011,2,859515.92,,,0.0,0.0,2011 Q2,0.0,0.0,0.0
Other Renewables,2011,3,871026.17,,,0.0,0.0,2011 Q3,0.0,0.0,0.0
Other Renewables,2011,4,891094.44,,,0.0,0.0,2011 Q4,0.0,0.0,0.0
Other Renewables,2012,1,926029.51,,,0.0,0.0,2012 Q1,0.0,0.0,0.0
Other Renewables,2012,2,881340.75,,,0.0,0.0,2012 Q2,0.0,0.0,0.0
Other Renewables,2012,3,964638.94,,,0.0,0.0,2012 Q3,0.0,0.0,0.0
Other Renewables,2012,4,951661.97,,,0.0,0.0,2012 Q4,0.0,0.0,0.0
Other Renewables,2013,1,868553.96,,,0.0,0.0,2013 Q1,0.0,0.0,0.0
Other Renewables,2013,2,833616.67,,,0.0,0.0,2013 Q2,0.0,0.0,0.0
Other Renewables,2013,3,938027.73,,,0.0,0.0,2013 Q3,0.0,0.0,0.0
Other Renewables,2013,4,835079.31,,,0.0,0.0,2013 Q4,0.0,0.0,0.0
Other Renewables,2014,1,933232.68,,,0.0,0.0,2014 Q1,0.0,0.0,0.0
Other Renewables,2014,2,907125.05,,,0.0,0.0,2014 Q2,0.0,0.0,0.0
Other Renewables,2014,3,971498.79,,,0.0,0.0,2014 Q3,0.0,0.0,0.0
Other Renewables,2014,4,927590.01,,,0.0,0.0,2014 Q4,0.0,0.0,0.0
Other Renewables,2015,1,901910.54,,,0.0,0.0,2015 Q1,0.0,0.0,0.0
Other Renewables,2015,2,891536.25,,,0.0,0.0,2015 Q2,0.0,0.0,0.0
Other Renewables,2015,3,985596.01,,,0.0,0.0,2015 Q3,0.0,0.0,0.0
Other Renewables,2015,4,930589.94,,,0.0,0.0,2015 Q4,0.0,0.0,0.0
Other Renewables,2016,1,888337.83,,,0.0,0.0,2016 Q1,0.0,0.0,0.0
Other Renewables,2016,2,874177.52,,,0.0,0.0,2016 Q2,0.0,0.0,0.0
Other Renewables,2016,3,919517.11,,,0.0,0.0,2016 Q3,0.0,0.0,0.0
Other Renewables,2016,4,896272.32,,,0.0,0.0,2016 Q4,0.0,0.0,0.0
Other Renewables,2017,1,912273.12,,,0.0,0.0,2017 Q1,0.0,0.0,0.0
Solar,2012,1,0.0,,,0.0,0.0,2012 Q1,,,
Solar,2012,2,0.0,,,0.0,0.0,2012 Q2,,,
Solar,2012,3,0.0,,,0.0,0.0,2012 Q3,,,
Solar,2012,4,0.0,,,0.0,0.0,2012 Q4,,,
Solar,2013,1,410.83,,,0.0,0.0,2013 Q1,,,
Solar,2013,2,692.17,,,0.0,0.0,2013 Q2,,,
Solar,2013,3,812.14,,,0.0,0.0,2013 Q3,,,
Solar,2013,4,790.86,,,0.0,0.0,2013 Q4,,,
Solar,2014,1,11664.16,,,0.0,0.0,2014 Q1,,,
Solar,2014,2,21132.64,,,0.0,0.0,2014 Q2,,,
Solar,2014,3,24127.46,,,0.0,0.0,2014 Q3,,,
Solar,2014,4,15345.17,,,0.0,0.0,2014 Q4,,,
Solar,2015,1,18278.39,,,0.0,0.0,2015 Q1,,,
Solar,2015,2,30993.21,,,0.0,0.0,2015 Q2,,,
Solar,2015,3,32273.08,,,0.0,0.0,2015 Q3,,,
Solar,2015,4,18855.33,,,0.0,0.0,2015 Q4,,,
Solar,2016,1,23737.56,,,0.0,0.0,2016 Q1,,,
Solar,2016,2,39642.24,,,0.0,0.0,2016 Q2,,,
Solar,2016,3,41769.18,,,0.0,0.0,2016 Q3,,,
Solar,2016,4,33100.56,,,0.0,0.0,2016 Q4,,,
Solar,2017,1,126254.91,,,0.0,0.0,2017 Q1,,,
Wind,2001,1,4410965.0,,,0.0,0.0,2001 Q1,0.0,0.0,0.0
Wind,2001,2,6348806.0,,,0.0,0.0,2001 Q2,0.0,0.0,0.0
Wind,2001,3,5355838.0,,,0.0,0.0,2001 Q3,0.0,0.0,0.0
Wind,2001,4,5557052.0,,,0.0,0.0,2001 Q4,0.0,0.0,0.0
Wind,2002,1,7677854.0,,,0.0,0.0,2002 Q1,0.0,0.0,0.0
Wind,2002,2,10213583.0,,,0.0,0.0,2002 Q2,0.0,0.0,0.0
Wind,2002,3,8131021.0,,,0.0,0.0,2002 Q3,0.0,0.0,0.0
Wind,2002,4,6925352.0,,,0.0,0.0,2002 Q4,0.0,0.0,0.0
Wind,2003,1,7833405.0,,,0.0,0.0,2003 Q1,0.0,0.0,0.0
Wind,2003,2,9916783.0,,,0.0,0.0,2003 Q2,0.0,0.0,0.0
Wind,2003,3,8365235.0,,,0.0,0.0,2003 Q3,0.0,0.0,0.0
Wind,2003,4,9586769.0,,,0.0,0.0,2003 Q4,0.0,0.0,0.0
Wind,2004,1,10571269.01,,,0.0,0.0,2004 Q1,0.0,0.0,0.0
Wind,2004,2,13720815.66,,,0.0,0.0,2004 Q2,0.0,0.0,0.0
Wind,2004,3,10304884.28,,,0.0,0.0,2004 Q3,0.0,0.0,0.0
Wind,2004,4,9996247.72,,,0.0,0.0,2004 Q4,0.0,0.0,0.0
Wind,2005,1,11743927.47,,,0.0,0.0,2005 Q1,0.0,0.0,0.0
Wind,2005,2,16686568.34,,,0.0,0.0,2005 Q2,0.0,0.0,0.0
Wind,2005,3,12767150.09,,,0.0,0.0,2005 Q3,0.0,0.0,0.0
Wind,2005,4,15810868.38,,,0.0,0.0,2005 Q4,0.0,0.0,0.0
Wind,2006,1,21400926.35,,,0.0,0.0,2006 Q1,0.0,0.0,0.0
Wind,2006,2,22210607.75,,,0.0,0.0,2006 Q2,0.0,0.0,0.0
Wind,2006,3,17273907.24,,,0.0,0.0,2006 Q3,0.0,0.0,0.0
Wind,2006,4,23766325.83,,,0.0,0.0,2006 Q4,0.0,0.0,0.0
Wind,2007,1,25770756.57,,,0.0,0.0,2007 Q1,0.0,0.0,0.0
Wind,2007,2,27774685.4,,,0.0,0.0,2007 Q2,0.0,0.0,0.0
Wind,2007,3,24191755.77,,,0.0,0.0,2007 Q3,0.0,0.0,0.0
Wind,2007,4,31484138.77,,,0.0,0.0,2007 Q4,0.0,0.0,0.0
Wind,2008,1,40704398.25,,,0.0,0.0,2008 Q1,0.0,0.0,0.0
Wind,2008,2,49344556.6,,,0.0,0.0,2008 Q2,0.0,0.0,0.0
Wind,2008,3,32745062.79,,,0.0,0.0,2008 Q3,0.0,0.0,0.0
Wind,2008,4,52580150.93,,,0.0,0.0,2008 Q4,0.0,0.0,0.0
Wind,2009,1,60915822.07,,,0.0,0.0,2009 Q1,0.0,0.0,0.0
Wind,2009,2,61757669.56,,,0.0,0.0,2009 Q2,0.0,0.0,0.0
Wind,2009,3,47576491.98,,,0.0,0.0,2009 Q3,0.0,0.0,0.0
Wind,2009,4,65737533.83,,,0.0,0.0,2009 Q4,0.0,0.0,0.0
Wind,2010,1,66638165.09,,,0.0,0.0,2010 Q1,0.0,0.0,0.0
Wind,2010,2,83718644.15,,,0.0,0.0,2010 Q2,0.0,0.0,0.0
Wind,2010,3,64904060.04,,,0.0,0.0,2010 Q3,0.0,0.0,0.0
Wind,2010,4,85479929.16,,,0.0,0.0,2010 Q4,0.0,0.0,0.0
Wind,2011,1,94242657.87,,,0.0,0.0,2011 Q1,0.0,0.0,0.0
Wind,2011,2,111791168.71,,,0.0,0.0,2011 Q2,0.0,0.0,0.0
Wind,2011,3,68682886.35,,,0.0,0.0,2011 Q3,0.0,0.0,0.0
Wind,2011,4,108154870.55,,,0.0,0.0,2011 Q4,0.0,0.0,0.0
Wind,2012,1,123868250.27,,,0.0,0.0,2012 Q1,0.0,0.0,0.0
Wind,2012,2,118920632.74,,,0.0,0.0,2012 Q2,0.0,0.0,0.0
Wind,2012,3,82813071.95,,,0.0,0.0,2012 Q3,0.0,0.0,0.0
Wind,2012,4,124254661.21,,,0.0,0.0,2012 Q4,0.0,0.0,0.0
Wind,2013,1,142155313.79,,,0.0,0.0,2013 Q1,0.0,0.0,0.0
Wind,2013,2,150076156.29,,,0.0,0.0,2013 Q2,0.0,0.0,0.0
Wind,2013,3,102489964.63,,,0.0,0.0,2013 Q3,0.0,0.0,0.0
Wind,2013,4,138672342.01,,,0.0,0.0,2013 Q4,0.0,0.0,0.0
Wind,2014,1,158663112.98,,,0.0,0.0,2014 Q1,0.0,0.0,0.0
Wind,2014,2,158157797.22,,,0.0,0.0,2014 Q2,0.0,0.0,0.0
Wind,2014,3,106836403.86,,,0.0,0.0,2014 Q3,0.0,0.0,0.0
Wind,2014,4,153997538.33,,,0.0,0.0,2014 Q4,0.0,0.0,0.0
Wind,2015,1,145965946.88,,,0.0,0.0,2015 Q1,0.0,0.0,0.0
Wind,2015,2,153538238.88,,,0.0,0.0,2015 Q2,0.0,0.0,0.0
Wind,2015,3,128487753.56,,,0.0,0.0,2015 Q3,0.0,0.0,0.0
Wind,2015,4,179082538.04,,,0.0,0.0,2015 Q4,0.0,0.0,0.0
Wind,2016,1,192616045.33,,,0.0,0.0,2016 Q1,0.0,0.0,0.0
Wind,2016,2,177217533.05,,,0.0,0.0,2016 Q2,0.0,0.0,0.0
Wind,2016,3,149553913.17,,,0.0,0.0,2016 Q3,0.0,0.0,0.0
Wind,2016,4,200300595.8,,,0.0,0.0,2016 Q4,0.0,0.0,0.0
Wind,2017,1,214334205.49,,,0.0,0.0,2017 Q1,0.0,0.0,0.0
