end,f,geography,last_updated,sector,series_id,start,type,units,year,month,generation (MWh),datetime,quarter,total fuel (mmbtu),elec fuel (mmbtu),all fuel CO2 (kg),elec fuel CO2 (kg)
201703,M,USA-DC,2017-05-24T14:26:30-04:00,99,ELEC.GEN.AOR-DC-99.M,201506,AOR,megawatthours,2017,3,4981.0,2017-03-01,1,,,0.0,0.0
201703,M,USA-DC,2017-05-24T14:26:30-04:00,99,ELEC.GEN.AOR-DC-99.M,201506,AOR,megawatthours,2017,2,3616.0,2017-02-01,1,,,0.0,0.0
201703,M,USA-DC,2017-05-24T14:26:30-04:00,99,ELEC.GEN.AOR-DC-99.M,201506,AOR,megawatthours,2017,1,5265.0,2017-01-01,1,,,0.0,0.0
201703,M,USA-DC,2017-05-24T14:26:30-04:00,99,ELEC.GEN.AOR-DC-99.M,201506,AOR,megawatthours,2016,12,0.0,2016-12-01,4,,,0.0,0.0
201703,M,USA-DC,2017-05-24T14:26:30-04:00,99,ELEC.GEN.AOR-DC-99.M,201506,AOR,megawatthours,2016,11,0.0,2016-11-01,4,,,0.0,0.0
201703,M,USA-DC,2017-05-24T14:26:30-04:00,99,ELEC.GEN.AOR-DC-99.M,201506,AOR,megawatthours,2016,10,0.0,2016-10-01,4,,,0.0,0.0
201703,M,USA-DC,2017-05-24T14:26:30-04:00,99,ELEC.GEN.AOR-DC-99.M,201506,AOR,megawatthours,2016,9,0.0,2016-09-01,3,,,0.0,0.0
201703,M,USA-DC,2017-05-24T14:26:30-04:00,99,ELEC.GEN.AOR-DC-99.M,201506,AOR,megawatthours,2016,8,0.0,2016-08-01,3,,,0.0,0.0
201703,M,USA-DC,2017-05-24T14:26:30-04:00,99,ELEC.GEN.AOR-DC-99.M,201506,AOR,megawatthours,2016,7,0.0,2016-07-01,3,,,0.0,0.0
201703,M,USA-DC,2017-05-24T14:26:30-04:00,99,ELEC.GEN.AOR-DC-99.M,201506,AOR,megawatthours,2016,6,0.0,2016-06-01,2,,,0.0,0.0
201703,M,USA-DC,2017-05-24T14:26:30-04:00,99,ELEC.GEN.AOR-DC-99.M,201506,AOR,megawatthours,2016,5,0.0,2016-05-01,2,,,0.0,0.0
201703,M,USA-DC,2017-05-24T14:26:30-04:00,99,ELEC.GEN.AOR-DC-99.M,201506,AOR,megawatthours,2016,4,0.0,2016-04-01,2,,,0.0,0.0
201703,M,USA-DC,2017-05-24T14:26:30-04:00,99,ELEC.GEN.AOR-DC-99.M,201506,AOR,megawatthours,2016,3,0.0,2016-03-01,1,,,0.0,0.0
201703,M,USA-DC,2017-05-24T14:26:30-04:00,99,ELEC.GEN.AOR-DC-99.M,201506,AOR,megawatthours,2016,2,0.0,2016-02-01,1,,,0.0,0.0
201703,M,USA-DC,2017-05-24T14:26:30-04:00,99,ELEC.GEN.AOR-DC-99.M,201506,AOR,megawatthours,2016,1,0.0,2016-01-01,1,,,0.0,0.0
201703,M,USA-DC,2017-05-24T14:26:30-04:00,99,ELEC.GEN.AOR-DC-99.M,201506,AOR,megawatthours,2015,12,4892.24,2015-12-01,4,,,0.0,0.0
201703,M,USA-DC,2017-05-24T14:26:30-04:00,99,ELEC.GEN.AOR-DC-99.M,201506,AOR,megawatthours,2015,11,4662.15,2015-11-01,4,,,0.0,0.0
201703,M,USA-DC,2017-05-24T14:26:30-04:00,99,ELEC.GEN.AOR-DC-99.M,201506,AOR,megawatthours,2015,10,4626.77,2015-10-01,4,,,0.0,0.0
201703,M,USA-DC,2017-05-24T14:26:30-04:00,99,ELEC.GEN.AOR-DC-99.M,201506,AOR,megawatthours,2015,9,4028.64,2015-09-01,3,,,0.0,0.0
201703,M,USA-DC,2017-05-24T14:26:30-04:00,99,ELEC.GEN.AOR-DC-99.M,201506,AOR,megawatthours,2015,8,4396.44,2015-08-01,3,,,0.0,0.0
201703,M,USA-DC,2017-05-24T14:26:30-04:00,99,ELEC.GEN.AOR-DC-99.M,201506,AOR,megawatthours,2015,7,4576.29,2015-07-01,3,,,0.0,0.0
201703,M,USA-DC,2017-05-24T14:26:30-04:00,99,ELEC.GEN.AOR-DC-99.M,201506,AOR,megawatthours,2015,6,3816.47,2015-06-01,2,,,0.0,0.0
201703,M,USA-DC,2017-05-24T14:26:30-04:00,99,ELEC.GEN.NG-DC-99.M,201101,NG,megawatthours,2017,3,3913.0,2017-03-01,1,83400.0,72890.0,4426038.0,3868272.3
201703,M,USA-DC,2017-05-24T14:26:30-04:00,99,ELEC.GEN.NG-DC-99.M,201101,NG,megawatthours,2017,2,1881.0,2017-02-01,1,77080.0,68320.0,4090635.6,3625742.4
201703,M,USA-DC,2017-05-24T14:26:30-04:00,99,ELEC.GEN.NG-DC-99.M,201101,NG,megawatthours,2017,1,4452.0,2017-01-01,1,87130.0,79690.0,4623989.1,4229148.3
201703,M,USA-DC,2017-05-24T14:26:30-04:00,99,ELEC.GEN.NG-DC-99.M,201101,NG,megawatthours,2016,12,,2016-12-01,4,,,,
201703,M,USA-DC,2017-05-24T14:26:30-04:00,99,ELEC.GEN.NG-DC-99.M,201101,NG,megawatthours,2016,11,,2016-11-01,4,,,,
201703,M,USA-DC,2017-05-24T14:26:30-04:00,99,ELEC.GEN.NG-DC-99.M,201101,NG,megawatthours,2016,10,,2016-10-01,4,,,,
201703,M,USA-DC,2017-05-24T14:26:30-04:00,99,ELEC.GEN.NG-DC-99.M,201101,NG,megawatthours,2016,9,,2016-09-01,3,,,,
201703,M,USA-DC,2017-05-24T14:26:30-04:00,99,ELEC.GEN.NG-DC-99.M,201101,NG,megawatthours,2016,8,,2016-08-01,3,,,,
201703,M,USA-DC,2017-05-24T14:26:30-04:00,99,ELEC.GEN.NG-DC-99.M,201101,NG,megawatthours,2016,7,,2016-07-01,3,,,,
201703,M,USA-DC,2017-05-24T14:26:30-04:00,99,ELEC.GEN.NG-DC-99.M,201101,NG,megawatthours,2016,6,,2016-06-01,2,,,,
201703,M,USA-DC,2017-05-24T14:26:30-04:00,99,ELEC.GEN.NG-DC-99.M,201101,NG,megawatthours,2016,5,,2016-05-01,2,,,,
201703,M,USA-DC,2017-05-24T14:26:30-04:00,99,ELEC.GEN.NG-DC-99.M,201101,NG,megawatthours,2016,4,,2016-04-01,2,,,,
201703,M,USA-DC,2017-05-24T14:26:30-04:00,99,ELEC.GEN.NG-DC-99.M,201101,NG,megawatthours,2016,3,,2016-03-01,1,,,,
201703,M,USA-DC,2017-05-24T14:26:30-04:00,99,ELEC.GEN.NG-DC-99.M,201101,NG,megawatthours,2016,2,,2016-02-01,1,,,,
201703,M,USA-DC,2017-05-24T14:26:30-04:00,99,ELEC.GEN.NG-DC-99.M,201101,NG,megawatthours,2016,1,,2016-01-01,1,,,,
201703,M,USA-DC,2017-05-24T14:26:30-04:00,99,ELEC.GEN.NG-DC-99.M,201101,NG,megawatthours,2015,12,1789.77,2015-12-01,4,52690.0,52240.0,2796258.3,2772376.8
201703,M,USA-DC,2017-05-24T14:26:30-04:00,99,ELEC.GEN.NG-DC-99.M,201101,NG,megawatthours,2015,11,1739.48,2015-11-01,4,51210.0,50770.0,2717714.7,2694363.9
201703,M,USA-DC,2017-05-24T14:26:30-04:00,99,ELEC.GEN.NG-DC-99.M,201101,NG,megawatthours,2015,10,1795.68,2015-10-01,4,52860.0,52410.0,2805280.2,2781398.7
201703,M,USA-DC,2017-05-24T14:26:30-04:00,99,ELEC.GEN.NG-DC-99.M,201101,NG,megawatthours,2015,9,2036.92,2015-09-01,3,59960.0,59450.0,3182077.2,3155011.5
201703,M,USA-DC,2017-05-24T14:26:30-04:00,99,ELEC.GEN.NG-DC-99.M,201101,NG,megawatthours,2015,8,2247.3,2015-08-01,3,66150.0,65590.0,3510580.5,3480861.3
201703,M,USA-DC,2017-05-24T14:26:30-04:00,99,ELEC.GEN.NG-DC-99.M,201101,NG,megawatthours,2015,7,2320.39,2015-07-01,3,68310.0,67720.0,3625211.7,3593900.4
201703,M,USA-DC,2017-05-24T14:26:30-04:00,99,ELEC.GEN.NG-DC-99.M,201101,NG,megawatthours,2015,6,2154.7,2015-06-01,2,63430.0,62890.0,3366230.1,3337572.3
201703,M,USA-DC,2017-05-24T14:26:30-04:00,99,ELEC.GEN.NG-DC-99.M,201101,NG,megawatthours,2015,5,1945.75,2015-05-01,2,57280.0,56790.0,3039849.6,3013845.3
201703,M,USA-DC,2017-05-24T14:26:30-04:00,99,ELEC.GEN.NG-DC-99.M,201101,NG,megawatthours,2015,4,1714.52,2015-04-01,2,50470.0,50040.0,2678442.9,2655622.8
201703,M,USA-DC,2017-05-24T14:26:30-04:00,99,ELEC.GEN.NG-DC-99.M,201101,NG,megawatthours,2015,3,1671.14,2015-03-01,1,49190.0,48780.0,2610513.3,2588754.6
201703,M,USA-DC,2017-05-24T14:26:30-04:00,99,ELEC.GEN.NG-DC-99.M,201101,NG,megawatthours,2015,2,1537.74,2015-02-01,1,45270.0,44880.0,2402478.9,2381781.6
201703,M,USA-DC,2017-05-24T14:26:30-04:00,99,ELEC.GEN.NG-DC-99.M,201101,NG,megawatthours,2015,1,1699.2,2015-01-01,1,50020.0,49590.0,2654561.4,2631741.3
201703,M,USA-DC,2017-05-24T14:26:30-04:00,99,ELEC.GEN.NG-DC-99.M,201101,NG,megawatthours,2014,12,5237.09,2014-12-01,4,70640.0,60780.0,3748864.8,3225594.6
201703,M,USA-DC,2017-05-24T14:26:30-04:00,99,ELEC.GEN.NG-DC-99.M,201101,NG,megawatthours,2014,11,4841.31,2014-11-01,4,65300.0,56190.0,3465471.0,2982003.3
201703,M,USA-DC,2017-05-24T14:26:30-04:00,99,ELEC.GEN.NG-DC-99.M,201101,NG,megawatthours,2014,10,5601.75,2014-10-01,4,75550.0,65010.0,4009438.5,3450080.7
201703,M,USA-DC,2017-05-24T14:26:30-04:00,99,ELEC.GEN.NG-DC-99.M,201101,NG,megawatthours,2014,9,6381.27,2014-09-01,3,86070.0,74060.0,4567734.9,3930364.2
201703,M,USA-DC,2017-05-24T14:26:30-04:00,99,ELEC.GEN.NG-DC-99.M,201101,NG,megawatthours,2014,8,7244.04,2014-08-01,3,97710.0,84070.0,5185469.7,4461594.9
201703,M,USA-DC,2017-05-24T14:26:30-04:00,99,ELEC.GEN.NG-DC-99.M,201101,NG,megawatthours,2014,7,6875.49,2014-07-01,3,92730.0,79790.0,4921181.1,4234455.3
201703,M,USA-DC,2017-05-24T14:26:30-04:00,99,ELEC.GEN.NG-DC-99.M,201101,NG,megawatthours,2014,6,6255.68,2014-06-01,2,84370.0,72600.0,4477515.9,3852882.0
201703,M,USA-DC,2017-05-24T14:26:30-04:00,99,ELEC.GEN.NG-DC-99.M,201101,NG,megawatthours,2014,5,5838.32,2014-05-01,2,78750.0,67760.0,4179262.5,3596023.2
201703,M,USA-DC,2017-05-24T14:26:30-04:00,99,ELEC.GEN.NG-DC-99.M,201101,NG,megawatthours,2014,4,5250.72,2014-04-01,2,70820.0,60940.0,3758417.4,3234085.8
201703,M,USA-DC,2017-05-24T14:26:30-04:00,99,ELEC.GEN.NG-DC-99.M,201101,NG,megawatthours,2014,3,5021.27,2014-03-01,1,67730.0,58270.0,3594431.1,3092388.9
201703,M,USA-DC,2017-05-24T14:26:30-04:00,99,ELEC.GEN.NG-DC-99.M,201101,NG,megawatthours,2014,2,3836.56,2014-02-01,1,51750.0,44530.0,2746372.5,2363207.1
201703,M,USA-DC,2017-05-24T14:26:30-04:00,99,ELEC.GEN.NG-DC-99.M,201101,NG,megawatthours,2014,1,5228.66,2014-01-01,1,70520.0,60680.0,3742496.4,3220287.6
201703,M,USA-DC,2017-05-24T14:26:30-04:00,99,ELEC.GEN.NG-DC-99.M,201101,NG,megawatthours,2013,12,4794.28,2013-12-01,4,66840.0,66840.0,3547198.8,3547198.8
201703,M,USA-DC,2017-05-24T14:26:30-04:00,99,ELEC.GEN.NG-DC-99.M,201101,NG,megawatthours,2013,11,4814.12,2013-11-01,4,67120.0,67120.0,3562058.4,3562058.4
201703,M,USA-DC,2017-05-24T14:26:30-04:00,99,ELEC.GEN.NG-DC-99.M,201101,NG,megawatthours,2013,10,5590.04,2013-10-01,4,77940.0,77940.0,4136275.8,4136275.8
201703,M,USA-DC,2017-05-24T14:26:30-04:00,99,ELEC.GEN.NG-DC-99.M,201101,NG,megawatthours,2013,9,6046.5,2013-09-01,3,84300.0,84300.0,4473801.0,4473801.0
201703,M,USA-DC,2017-05-24T14:26:30-04:00,99,ELEC.GEN.NG-DC-99.M,201101,NG,megawatthours,2013,8,6690.03,2013-08-01,3,93280.0,93280.0,4950369.6,4950369.6
201703,M,USA-DC,2017-05-24T14:26:30-04:00,99,ELEC.GEN.NG-DC-99.M,201101,NG,megawatthours,2013,7,6420.78,2013-07-01,3,89520.0,89520.0,4750826.4,4750826.4
201703,M,USA-DC,2017-05-24T14:26:30-04:00,99,ELEC.GEN.NG-DC-99.M,201101,NG,megawatthours,2013,6,5967.59,2013-06-01,2,83200.0,83200.0,4415424.0,4415424.0
201703,M,USA-DC,2017-05-24T14:26:30-04:00,99,ELEC.GEN.NG-DC-99.M,201101,NG,megawatthours,2013,5,5336.05,2013-05-01,2,74400.0,74400.0,3948408.0,3948408.0
201703,M,USA-DC,2017-05-24T14:26:30-04:00,99,ELEC.GEN.NG-DC-99.M,201101,NG,megawatthours,2013,4,4990.6,2013-04-01,2,69580.0,69580.0,3692610.6,3692610.6
201703,M,USA-DC,2017-05-24T14:26:30-04:00,99,ELEC.GEN.NG-DC-99.M,201101,NG,megawatthours,2013,3,5107.3,2013-03-01,1,71210.0,71210.0,3779114.7,3779114.7
201703,M,USA-DC,2017-05-24T14:26:30-04:00,99,ELEC.GEN.NG-DC-99.M,201101,NG,megawatthours,2013,2,5047.02,2013-02-01,1,70370.0,70370.0,3734535.9,3734535.9
201703,M,USA-DC,2017-05-24T14:26:30-04:00,99,ELEC.GEN.NG-DC-99.M,201101,NG,megawatthours,2013,1,5047.78,2013-01-01,1,70380.0,70380.0,3735066.6,3735066.6
201703,M,USA-DC,2017-05-24T14:26:30-04:00,99,ELEC.GEN.NG-DC-99.M,201101,NG,megawatthours,2012,12,4747.65,2012-12-01,4,79110.0,79110.0,4198367.7,4198367.7
201703,M,USA-DC,2017-05-24T14:26:30-04:00,99,ELEC.GEN.NG-DC-99.M,201101,NG,megawatthours,2012,11,4141.74,2012-11-01,4,69010.0,69010.0,3662360.7,3662360.7
201703,M,USA-DC,2017-05-24T14:26:30-04:00,99,ELEC.GEN.NG-DC-99.M,201101,NG,megawatthours,2012,10,4920.87,2012-10-01,4,81990.0,81990.0,4351209.3,4351209.3
201703,M,USA-DC,2017-05-24T14:26:30-04:00,99,ELEC.GEN.NG-DC-99.M,201101,NG,megawatthours,2012,9,5680.72,2012-09-01,3,94660.0,94660.0,5023606.2,5023606.2
201703,M,USA-DC,2017-05-24T14:26:30-04:00,99,ELEC.GEN.NG-DC-99.M,201101,NG,megawatthours,2012,8,6238.7,2012-08-01,3,103950.0,103950.0,5516626.5,5516626.5
201703,M,USA-DC,2017-05-24T14:26:30-04:00,99,ELEC.GEN.NG-DC-99.M,201101,NG,megawatthours,2012,7,6744.97,2012-07-01,3,112390.0,112390.0,5964537.3,5964537.3
201703,M,USA-DC,2017-05-24T14:26:30-04:00,99,ELEC.GEN.NG-DC-99.M,201101,NG,megawatthours,2012,6,5723.04,2012-06-01,2,95360.0,95360.0,5060755.2,5060755.2
201703,M,USA-DC,2017-05-24T14:26:30-04:00,99,ELEC.GEN.NG-DC-99.M,201101,NG,megawatthours,2012,5,5745.02,2012-05-01,2,95730.0,95730.0,5080391.1,5080391.1
201703,M,USA-DC,2017-05-24T14:26:30-04:00,99,ELEC.GEN.NG-DC-99.M,201101,NG,megawatthours,2012,4,4768.31,2012-04-01,2,79450.0,79450.0,4216411.5,4216411.5
201703,M,USA-DC,2017-05-24T14:26:30-04:00,99,ELEC.GEN.NG-DC-99.M,201101,NG,megawatthours,2012,3,4809.81,2012-03-01,1,80140.0,80140.0,4253029.8,4253029.8
201703,M,USA-DC,2017-05-24T14:26:30-04:00,99,ELEC.GEN.NG-DC-99.M,201101,NG,megawatthours,2012,2,4383.7,2012-02-01,1,73040.0,73040.0,3876232.8,3876232.8
201703,M,USA-DC,2017-05-24T14:26:30-04:00,99,ELEC.GEN.NG-DC-99.M,201101,NG,megawatthours,2012,1,4483.25,2012-01-01,1,74700.0,74700.0,3964329.0,3964329.0
201703,M,USA-DC,2017-05-24T14:26:30-04:00,99,ELEC.GEN.NG-DC-99.M,201101,NG,megawatthours,2011,12,5637.26,2011-12-01,4,80990.0,80990.0,4298139.3,4298139.3
201703,M,USA-DC,2017-05-24T14:26:30-04:00,99,ELEC.GEN.NG-DC-99.M,201101,NG,megawatthours,2011,11,5143.64,2011-11-01,4,73900.0,73900.0,3921873.0,3921873.0
201703,M,USA-DC,2017-05-24T14:26:30-04:00,99,ELEC.GEN.NG-DC-99.M,201101,NG,megawatthours,2011,10,5923.34,2011-10-01,4,85100.0,85100.0,4516257.0,4516257.0
201703,M,USA-DC,2017-05-24T14:26:30-04:00,99,ELEC.GEN.NG-DC-99.M,201101,NG,megawatthours,2011,9,6691.12,2011-09-01,3,96130.0,96130.0,5101619.1,5101619.1
201703,M,USA-DC,2017-05-24T14:26:30-04:00,99,ELEC.GEN.NG-DC-99.M,201101,NG,megawatthours,2011,8,7827.51,2011-08-01,3,112460.0,112460.0,5968252.2,5968252.2
201703,M,USA-DC,2017-05-24T14:26:30-04:00,99,ELEC.GEN.NG-DC-99.M,201101,NG,megawatthours,2011,7,7808.99,2011-07-01,3,112190.0,112190.0,5953923.3,5953923.3
201703,M,USA-DC,2017-05-24T14:26:30-04:00,99,ELEC.GEN.NG-DC-99.M,201101,NG,megawatthours,2011,6,6857.07,2011-06-01,2,98520.0,98520.0,5228456.4,5228456.4
201703,M,USA-DC,2017-05-24T14:26:30-04:00,99,ELEC.GEN.NG-DC-99.M,201101,NG,megawatthours,2011,5,5835.1,2011-05-01,2,83830.0,83830.0,4448858.1,4448858.1
201703,M,USA-DC,2017-05-24T14:26:30-04:00,99,ELEC.GEN.NG-DC-99.M,201101,NG,megawatthours,2011,4,5488.93,2011-04-01,2,78860.0,78860.0,4185100.2,4185100.2
201703,M,USA-DC,2017-05-24T14:26:30-04:00,99,ELEC.GEN.NG-DC-99.M,201101,NG,megawatthours,2011,3,4925.37,2011-03-01,1,70760.0,70760.0,3755233.2,3755233.2
201703,M,USA-DC,2017-05-24T14:26:30-04:00,99,ELEC.GEN.NG-DC-99.M,201101,NG,megawatthours,2011,2,4250.41,2011-02-01,1,61070.0,61070.0,3240984.9,3240984.9
201703,M,USA-DC,2017-05-24T14:26:30-04:00,99,ELEC.GEN.NG-DC-99.M,201101,NG,megawatthours,2011,1,4810.22,2011-01-01,1,69110.0,69110.0,3667667.7,3667667.7
201703,M,USA-DC,2017-05-24T14:26:30-04:00,99,ELEC.GEN.DPV-DC-99.M,201401,DPV,megawatthours,2017,3,6417.41,2017-03-01,1,,,0.0,0.0
201703,M,USA-DC,2017-05-24T14:26:30-04:00,99,ELEC.GEN.DPV-DC-99.M,201401,DPV,megawatthours,2017,2,4915.3,2017-02-01,1,,,0.0,0.0
201703,M,USA-DC,2017-05-24T14:26:30-04:00,99,ELEC.GEN.DPV-DC-99.M,201401,DPV,megawatthours,2017,1,4416.48,2017-01-01,1,,,0.0,0.0
201703,M,USA-DC,2017-05-24T14:26:30-04:00,99,ELEC.GEN.DPV-DC-99.M,201401,DPV,megawatthours,2016,12,3959.83,2016-12-01,4,,,0.0,0.0
201703,M,USA-DC,2017-05-24T14:26:30-04:00,99,ELEC.GEN.DPV-DC-99.M,201401,DPV,megawatthours,2016,11,3975.95,2016-11-01,4,,,0.0,0.0
201703,M,USA-DC,2017-05-24T14:26:30-04:00,99,ELEC.GEN.DPV-DC-99.M,201401,DPV,megawatthours,2016,10,4670.24,2016-10-01,4,,,0.0,0.0
201703,M,USA-DC,2017-05-24T14:26:30-04:00,99,ELEC.GEN.DPV-DC-99.M,201401,DPV,megawatthours,2016,9,5070.23,2016-09-01,3,,,0.0,0.0
201703,M,USA-DC,2017-05-24T14:26:30-04:00,99,ELEC.GEN.DPV-DC-99.M,201401,DPV,megawatthours,2016,8,5641.77,2016-08-01,3,,,0.0,0.0
201703,M,USA-DC,2017-05-24T14:26:30-04:00,99,ELEC.GEN.DPV-DC-99.M,201401,DPV,megawatthours,2016,7,5738.01,2016-07-01,3,,,0.0,0.0
201703,M,USA-DC,2017-05-24T14:26:30-04:00,99,ELEC.GEN.DPV-DC-99.M,201401,DPV,megawatthours,2016,6,5463.23,2016-06-01,2,,,0.0,0.0
201703,M,USA-DC,2017-05-24T14:26:30-04:00,99,ELEC.GEN.DPV-DC-99.M,201401,DPV,megawatthours,2016,5,5302.15,2016-05-01,2,,,0.0,0.0
201703,M,USA-DC,2017-05-24T14:26:30-04:00,99,ELEC.GEN.DPV-DC-99.M,201401,DPV,megawatthours,2016,4,4838.28,2016-04-01,2,,,0.0,0.0
201703,M,USA-DC,2017-05-24T14:26:30-04:00,99,ELEC.GEN.DPV-DC-99.M,201401,DPV,megawatthours,2016,3,4484.11,2016-03-01,1,,,0.0,0.0
201703,M,USA-DC,2017-05-24T14:26:30-04:00,99,ELEC.GEN.DPV-DC-99.M,201401,DPV,megawatthours,2016,2,2870.22,2016-02-01,1,,,0.0,0.0
201703,M,USA-DC,2017-05-24T14:26:30-04:00,99,ELEC.GEN.DPV-DC-99.M,201401,DPV,megawatthours,2016,1,2451.39,2016-01-01,1,,,0.0,0.0
201703,M,USA-DC,2017-05-24T14:26:30-04:00,99,ELEC.GEN.DPV-DC-99.M,201401,DPV,megawatthours,2015,12,1910.93,2015-12-01,4,,,0.0,0.0
201703,M,USA-DC,2017-05-24T14:26:30-04:00,99,ELEC.GEN.DPV-DC-99.M,201401,DPV,megawatthours,2015,11,1959.42,2015-11-01,4,,,0.0,0.0
201703,M,USA-DC,2017-05-24T14:26:30-04:00,99,ELEC.GEN.DPV-DC-99.M,201401,DPV,megawatthours,2015,10,2467.73,2015-10-01,4,,,0.0,0.0
201703,M,USA-DC,2017-05-24T14:26:30-04:00,99,ELEC.GEN.DPV-DC-99.M,201401,DPV,megawatthours,2015,9,2739.8,2015-09-01,3,,,0.0,0.0
201703,M,USA-DC,2017-05-24T14:26:30-04:00,99,ELEC.GEN.DPV-DC-99.M,201401,DPV,megawatthours,2015,8,3193.97,2015-08-01,3,,,0.0,0.0
201703,M,USA-DC,2017-05-24T14:26:30-04:00,99,ELEC.GEN.DPV-DC-99.M,201401,DPV,megawatthours,2015,7,3354.9,2015-07-01,3,,,0.0,0.0
201703,M,USA-DC,2017-05-24T14:26:30-04:00,99,ELEC.GEN.DPV-DC-99.M,201401,DPV,megawatthours,2015,6,3288.34,2015-06-01,2,,,0.0,0.0
201703,M,USA-DC,2017-05-24T14:26:30-04:00,99,ELEC.GEN.DPV-DC-99.M,201401,DPV,megawatthours,2015,5,3311.4,2015-05-01,2,,,0.0,0.0
201703,M,USA-DC,2017-05-24T14:26:30-04:00,99,ELEC.GEN.DPV-DC-99.M,201401,DPV,megawatthours,2015,4,3032.99,2015-04-01,2,,,0.0,0.0
201703,M,USA-DC,2017-05-24T14:26:30-04:00,99,ELEC.GEN.DPV-DC-99.M,201401,DPV,megawatthours,2015,3,2873.47,2015-03-01,1,,,0.0,0.0
201703,M,USA-DC,2017-05-24T14:26:30-04:00,99,ELEC.GEN.DPV-DC-99.M,201401,DPV,megawatthours,2015,2,2283.98,2015-02-01,1,,,0.0,0.0
201703,M,USA-DC,2017-05-24T14:26:30-04:00,99,ELEC.GEN.DPV-DC-99.M,201401,DPV,megawatthours,2015,1,2027.35,2015-01-01,1,,,0.0,0.0
201703,M,USA-DC,2017-05-24T14:26:30-04:00,99,ELEC.GEN.DPV-DC-99.M,201401,DPV,megawatthours,2014,12,1955.04,2014-12-01,4,,,0.0,0.0
201703,M,USA-DC,2017-05-24T14:26:30-04:00,99,ELEC.GEN.DPV-DC-99.M,201401,DPV,megawatthours,2014,11,1937.7,2014-11-01,4,,,0.0,0.0
201703,M,USA-DC,2017-05-24T14:26:30-04:00,99,ELEC.GEN.DPV-DC-99.M,201401,DPV,megawatthours,2014,10,2380.86,2014-10-01,4,,,0.0,0.0
201703,M,USA-DC,2017-05-24T14:26:30-04:00,99,ELEC.GEN.DPV-DC-99.M,201401,DPV,megawatthours,2014,9,2613.88,2014-09-01,3,,,0.0,0.0
201703,M,USA-DC,2017-05-24T14:26:30-04:00,99,ELEC.GEN.DPV-DC-99.M,201401,DPV,megawatthours,2014,8,3006.96,2014-08-01,3,,,0.0,0.0
201703,M,USA-DC,2017-05-24T14:26:30-04:00,99,ELEC.GEN.DPV-DC-99.M,201401,DPV,megawatthours,2014,7,3148.76,2014-07-01,3,,,0.0,0.0
201703,M,USA-DC,2017-05-24T14:26:30-04:00,99,ELEC.GEN.DPV-DC-99.M,201401,DPV,megawatthours,2014,6,3052.71,2014-06-01,2,,,0.0,0.0
201703,M,USA-DC,2017-05-24T14:26:30-04:00,99,ELEC.GEN.DPV-DC-99.M,201401,DPV,megawatthours,2014,5,3023.95,2014-05-01,2,,,0.0,0.0
201703,M,USA-DC,2017-05-24T14:26:30-04:00,99,ELEC.GEN.DPV-DC-99.M,201401,DPV,megawatthours,2014,4,2781.42,2014-04-01,2,,,0.0,0.0
201703,M,USA-DC,2017-05-24T14:26:30-04:00,99,ELEC.GEN.DPV-DC-99.M,201401,DPV,megawatthours,2014,3,2654.76,2014-03-01,1,,,0.0,0.0
201703,M,USA-DC,2017-05-24T14:26:30-04:00,99,ELEC.GEN.DPV-DC-99.M,201401,DPV,megawatthours,2014,2,2109.96,2014-02-01,1,,,0.0,0.0
201703,M,USA-DC,2017-05-24T14:26:30-04:00,99,ELEC.GEN.DPV-DC-99.M,201401,DPV,megawatthours,2014,1,1850.74,2014-01-01,1,,,0.0,0.0
201703,M,USA-DC,2017-05-24T14:26:30-04:00,99,ELEC.GEN.PEL-DC-99.M,200101,PEL,megawatthours,2017,3,0.0,2017-03-01,1,0.0,0.0,0.0,0.0
201703,M,USA-DC,2017-05-24T14:26:30-04:00,99,ELEC.GEN.PEL-DC-99.M,200101,PEL,megawatthours,2017,2,0.0,2017-02-01,1,0.0,0.0,0.0,0.0
201703,M,USA-DC,2017-05-24T14:26:30-04:00,99,ELEC.GEN.PEL-DC-99.M,200101,PEL,megawatthours,2017,1,0.0,2017-01-01,1,0.0,0.0,0.0,0.0
201703,M,USA-DC,2017-05-24T14:26:30-04:00,99,ELEC.GEN.PEL-DC-99.M,200101,PEL,megawatthours,2016,12,,2016-12-01,4,,,,
201703,M,USA-DC,2017-05-24T14:26:30-04:00,99,ELEC.GEN.PEL-DC-99.M,200101,PEL,megawatthours,2016,11,,2016-11-01,4,,,,
201703,M,USA-DC,2017-05-24T14:26:30-04:00,99,ELEC.GEN.PEL-DC-99.M,200101,PEL,megawatthours,2016,10,,2016-10-01,4,,,,
201703,M,USA-DC,2017-05-24T14:26:30-04:00,99,ELEC.GEN.PEL-DC-99.M,200101,PEL,megawatthours,2016,9,,2016-09-01,3,,,,
201703,M,USA-DC,2017-05-24T14:26:30-04:00,99,ELEC.GEN.PEL-DC-99.M,200101,PEL,megawatthours,2016,8,,2016-08-01,3,,,,
201703,M,USA-DC,2017-05-24T14:26:30-04:00,99,ELEC.GEN.PEL-DC-99.M,200101,PEL,megawatthours,2016,7,,2016-07-01,3,,,,
201703,M,USA-DC,2017-05-24T14:26:30-04:00,99,ELEC.GEN.PEL-DC-99.M,200101,PEL,megawatthours,2016,6,,2016-06-01,2,,,,
201703,M,USA-DC,2017-05-24T14:26:30-04:00,99,ELEC.GEN.PEL-DC-99.M,200101,PEL,megawatthours,2016,5,,2016-05-01,2,,,,
201703,M,USA-DC,2017-05-24T14:26:30-04:00,99,ELEC.GEN.PEL-DC-99.M,200101,PEL,megawatthours,2016,4,,2016-04-01,2,,,,
201703,M,USA-DC,2017-05-24T14:26:30-04:00,99,ELEC.GEN.PEL-DC-99.M,200101,PEL,megawatthours,2016,3,,2016-03-01,1,,,,
201703,M,USA-DC,2017-05-24T14:26:30-04:00,99,ELEC.GEN.PEL-DC-99.M,200101,PEL,megawatthours,2016,2,,2016-02-01,1,,,,
201703,M,USA-DC,2017-05-24T14:26:30-04:00,99,ELEC.GEN.PEL-DC-99.M,200101,PEL,megawatthours,2016,1,,2016-01-01,1,,,,
201703,M,USA-DC,2017-05-24T14:26:30-04:00,99,ELEC.GEN.PEL-DC-99.M,200101,PEL,megawatthours,2015,12,3.44,2015-12-01,4,100.0,100.0,7597.5,7597.5
201703,M,USA-DC,2017-05-24T14:26:30-04:00,99,ELEC.GEN.PEL-DC-99.M,200101,PEL,megawatthours,2015,11,7.22,2015-11-01,4,210.0,210.0,15954.75,15954.75
201703,M,USA-DC,2017-05-24T14:26:30-04:00,99,ELEC.GEN.PEL-DC-99.M,200101,PEL,megawatthours,2015,10,3.06,2015-10-01,4,90.0,90.0,6837.75,6837.75
201703,M,USA-DC,2017-05-24T14:26:30-04:00,99,ELEC.GEN.PEL-DC-99.M,200101,PEL,megawatthours,2015,9,2.81,2015-09-01,3,80.0,80.0,6078.0,6078.0
201703,M,USA-DC,2017-05-24T14:26:30-04:00,99,ELEC.GEN.PEL-DC-99.M,200101,PEL,megawatthours,2015,8,5.02,2015-08-01,3,150.0,150.0,11396.25,11396.25
201703,M,USA-DC,2017-05-24T14:26:30-04:00,99,ELEC.GEN.PEL-DC-99.M,200101,PEL,megawatthours,2015,7,7.49,2015-07-01,3,220.0,220.0,16714.5,16714.5
201703,M,USA-DC,2017-05-24T14:26:30-04:00,99,ELEC.GEN.PEL-DC-99.M,200101,PEL,megawatthours,2015,6,6.4,2015-06-01,2,190.0,190.0,14435.25,14435.25
201703,M,USA-DC,2017-05-24T14:26:30-04:00,99,ELEC.GEN.PEL-DC-99.M,200101,PEL,megawatthours,2015,5,4.88,2015-05-01,2,140.0,140.0,10636.5,10636.5
201703,M,USA-DC,2017-05-24T14:26:30-04:00,99,ELEC.GEN.PEL-DC-99.M,200101,PEL,megawatthours,2015,4,3.4,2015-04-01,2,100.0,100.0,7597.5,7597.5
201703,M,USA-DC,2017-05-24T14:26:30-04:00,99,ELEC.GEN.PEL-DC-99.M,200101,PEL,megawatthours,2015,3,4.19,2015-03-01,1,120.0,120.0,9117.0,9117.0
201703,M,USA-DC,2017-05-24T14:26:30-04:00,99,ELEC.GEN.PEL-DC-99.M,200101,PEL,megawatthours,2015,2,36.82,2015-02-01,1,1090.0,1080.0,82812.75,82053.0
201703,M,USA-DC,2017-05-24T14:26:30-04:00,99,ELEC.GEN.PEL-DC-99.M,200101,PEL,megawatthours,2015,1,13.69,2015-01-01,1,410.0,400.0,31149.75,30390.0
201703,M,USA-DC,2017-05-24T14:26:30-04:00,99,ELEC.GEN.PEL-DC-99.M,200101,PEL,megawatthours,2014,12,0.0,2014-12-01,4,0.0,0.0,0.0,0.0
201703,M,USA-DC,2017-05-24T14:26:30-04:00,99,ELEC.GEN.PEL-DC-99.M,200101,PEL,megawatthours,2014,11,0.0,2014-11-01,4,0.0,0.0,0.0,0.0
201703,M,USA-DC,2017-05-24T14:26:30-04:00,99,ELEC.GEN.PEL-DC-99.M,200101,PEL,megawatthours,2014,10,0.0,2014-10-01,4,0.0,0.0,0.0,0.0
201703,M,USA-DC,2017-05-24T14:26:30-04:00,99,ELEC.GEN.PEL-DC-99.M,200101,PEL,megawatthours,2014,9,0.0,2014-09-01,3,0.0,0.0,0.0,0.0
201703,M,USA-DC,2017-05-24T14:26:30-04:00,99,ELEC.GEN.PEL-DC-99.M,200101,PEL,megawatthours,2014,8,0.0,2014-08-01,3,0.0,0.0,0.0,0.0
201703,M,USA-DC,2017-05-24T14:26:30-04:00,99,ELEC.GEN.PEL-DC-99.M,200101,PEL,megawatthours,2014,7,0.0,2014-07-01,3,0.0,0.0,0.0,0.0
201703,M,USA-DC,2017-05-24T14:26:30-04:00,99,ELEC.GEN.PEL-DC-99.M,200101,PEL,megawatthours,2014,6,0.0,2014-06-01,2,0.0,0.0,0.0,0.0
201703,M,USA-DC,2017-05-24T14:26:30-04:00,99,ELEC.GEN.PEL-DC-99.M,200101,PEL,megawatthours,2014,5,0.0,2014-05-01,2,0.0,0.0,0.0,0.0
201703,M,USA-DC,2017-05-24T14:26:30-04:00,99,ELEC.GEN.PEL-DC-99.M,200101,PEL,megawatthours,2014,4,0.0,2014-04-01,2,0.0,0.0,0.0,0.0
201703,M,USA-DC,2017-05-24T14:26:30-04:00,99,ELEC.GEN.PEL-DC-99.M,200101,PEL,megawatthours,2014,3,0.0,2014-03-01,1,0.0,0.0,0.0,0.0
201703,M,USA-DC,2017-05-24T14:26:30-04:00,99,ELEC.GEN.PEL-DC-99.M,200101,PEL,megawatthours,2014,2,0.0,2014-02-01,1,0.0,0.0,0.0,0.0
201703,M,USA-DC,2017-05-24T14:26:30-04:00,99,ELEC.GEN.PEL-DC-99.M,200101,PEL,megawatthours,2014,1,0.0,2014-01-01,1,0.0,0.0,0.0,0.0
201703,M,USA-DC,2017-05-24T14:26:30-04:00,99,ELEC.GEN.PEL-DC-99.M,200101,PEL,megawatthours,2013,12,0.0,2013-12-01,4,0.0,0.0,0.0,0.0
201703,M,USA-DC,2017-05-24T14:26:30-04:00,99,ELEC.GEN.PEL-DC-99.M,200101,PEL,megawatthours,2013,11,0.0,2013-11-01,4,0.0,0.0,0.0,0.0
201703,M,USA-DC,2017-05-24T14:26:30-04:00,99,ELEC.GEN.PEL-DC-99.M,200101,PEL,megawatthours,2013,10,0.0,2013-10-01,4,0.0,0.0,0.0,0.0
201703,M,USA-DC,2017-05-24T14:26:30-04:00,99,ELEC.GEN.PEL-DC-99.M,200101,PEL,megawatthours,2013,9,0.0,2013-09-01,3,0.0,0.0,0.0,0.0
201703,M,USA-DC,2017-05-24T14:26:30-04:00,99,ELEC.GEN.PEL-DC-99.M,200101,PEL,megawatthours,2013,8,0.0,2013-08-01,3,0.0,0.0,0.0,0.0
201703,M,USA-DC,2017-05-24T14:26:30-04:00,99,ELEC.GEN.PEL-DC-99.M,200101,PEL,megawatthours,2013,7,0.0,2013-07-01,3,0.0,0.0,0.0,0.0
201703,M,USA-DC,2017-05-24T14:26:30-04:00,99,ELEC.GEN.PEL-DC-99.M,200101,PEL,megawatthours,2013,6,0.0,2013-06-01,2,0.0,0.0,0.0,0.0
201703,M,USA-DC,2017-05-24T14:26:30-04:00,99,ELEC.GEN.PEL-DC-99.M,200101,PEL,megawatthours,2013,5,0.0,2013-05-01,2,0.0,0.0,0.0,0.0
201703,M,USA-DC,2017-05-24T14:26:30-04:00,99,ELEC.GEN.PEL-DC-99.M,200101,PEL,megawatthours,2013,4,0.0,2013-04-01,2,0.0,0.0,0.0,0.0
201703,M,USA-DC,2017-05-24T14:26:30-04:00,99,ELEC.GEN.PEL-DC-99.M,200101,PEL,megawatthours,2013,3,0.0,2013-03-01,1,0.0,0.0,0.0,0.0
201703,M,USA-DC,2017-05-24T14:26:30-04:00,99,ELEC.GEN.PEL-DC-99.M,200101,PEL,megawatthours,2013,2,0.0,2013-02-01,1,0.0,0.0,0.0,0.0
201703,M,USA-DC,2017-05-24T14:26:30-04:00,99,ELEC.GEN.PEL-DC-99.M,200101,PEL,megawatthours,2013,1,0.0,2013-01-01,1,0.0,0.0,0.0,0.0
201703,M,USA-DC,2017-05-24T14:26:30-04:00,99,ELEC.GEN.PEL-DC-99.M,200101,PEL,megawatthours,2012,12,0.0,2012-12-01,4,0.0,0.0,0.0,0.0
201703,M,USA-DC,2017-05-24T14:26:30-04:00,99,ELEC.GEN.PEL-DC-99.M,200101,PEL,megawatthours,2012,11,0.0,2012-11-01,4,0.0,0.0,0.0,0.0
201703,M,USA-DC,2017-05-24T14:26:30-04:00,99,ELEC.GEN.PEL-DC-99.M,200101,PEL,megawatthours,2012,10,0.0,2012-10-01,4,0.0,0.0,0.0,0.0
201703,M,USA-DC,2017-05-24T14:26:30-04:00,99,ELEC.GEN.PEL-DC-99.M,200101,PEL,megawatthours,2012,9,0.0,2012-09-01,3,0.0,0.0,0.0,0.0
201703,M,USA-DC,2017-05-24T14:26:30-04:00,99,ELEC.GEN.PEL-DC-99.M,200101,PEL,megawatthours,2012,8,0.0,2012-08-01,3,0.0,0.0,0.0,0.0
201703,M,USA-DC,2017-05-24T14:26:30-04:00,99,ELEC.GEN.PEL-DC-99.M,200101,PEL,megawatthours,2012,7,0.0,2012-07-01,3,0.0,0.0,0.0,0.0
201703,M,USA-DC,2017-05-24T14:26:30-04:00,99,ELEC.GEN.PEL-DC-99.M,200101,PEL,megawatthours,2012,6,0.0,2012-06-01,2,0.0,0.0,0.0,0.0
201703,M,USA-DC,2017-05-24T14:26:30-04:00,99,ELEC.GEN.PEL-DC-99.M,200101,PEL,megawatthours,2012,5,6107.0,2012-05-01,2,103190.0,103190.0,7839860.25,7839860.25
201703,M,USA-DC,2017-05-24T14:26:30-04:00,99,ELEC.GEN.PEL-DC-99.M,200101,PEL,megawatthours,2012,4,2391.0,2012-04-01,2,29260.0,29260.0,2223028.5,2223028.5
201703,M,USA-DC,2017-05-24T14:26:30-04:00,99,ELEC.GEN.PEL-DC-99.M,200101,PEL,megawatthours,2012,3,0.0,2012-03-01,1,0.0,0.0,0.0,0.0
201703,M,USA-DC,2017-05-24T14:26:30-04:00,99,ELEC.GEN.PEL-DC-99.M,200101,PEL,megawatthours,2012,2,0.0,2012-02-01,1,0.0,0.0,0.0,0.0
201703,M,USA-DC,2017-05-24T14:26:30-04:00,99,ELEC.GEN.PEL-DC-99.M,200101,PEL,megawatthours,2012,1,901.0,2012-01-01,1,16560.0,16560.0,1258146.0,1258146.0
201703,M,USA-DC,2017-05-24T14:26:30-04:00,99,ELEC.GEN.PEL-DC-99.M,200101,PEL,megawatthours,2011,12,0.0,2011-12-01,4,0.0,0.0,0.0,0.0
201703,M,USA-DC,2017-05-24T14:26:30-04:00,99,ELEC.GEN.PEL-DC-99.M,200101,PEL,megawatthours,2011,11,0.0,2011-11-01,4,0.0,0.0,0.0,0.0
201703,M,USA-DC,2017-05-24T14:26:30-04:00,99,ELEC.GEN.PEL-DC-99.M,200101,PEL,megawatthours,2011,10,0.0,2011-10-01,4,0.0,0.0,0.0,0.0
201703,M,USA-DC,2017-05-24T14:26:30-04:00,99,ELEC.GEN.PEL-DC-99.M,200101,PEL,megawatthours,2011,9,2129.0,2011-09-01,3,27790.0,27790.0,2111345.25,2111345.25
201703,M,USA-DC,2017-05-24T14:26:30-04:00,99,ELEC.GEN.PEL-DC-99.M,200101,PEL,megawatthours,2011,8,25042.0,2011-08-01,3,322630.0,322630.0,24511814.25,24511814.25
201703,M,USA-DC,2017-05-24T14:26:30-04:00,99,ELEC.GEN.PEL-DC-99.M,200101,PEL,megawatthours,2011,7,72812.0,2011-07-01,3,930990.0,930990.0,70731965.25,70731965.25
201703,M,USA-DC,2017-05-24T14:26:30-04:00,99,ELEC.GEN.PEL-DC-99.M,200101,PEL,megawatthours,2011,6,24421.0,2011-06-01,2,301050.0,301050.0,22872273.75,22872273.75
201703,M,USA-DC,2017-05-24T14:26:30-04:00,99,ELEC.GEN.PEL-DC-99.M,200101,PEL,megawatthours,2011,5,3321.0,2011-05-01,2,48400.0,48400.0,3677190.0,3677190.0
201703,M,USA-DC,2017-05-24T14:26:30-04:00,99,ELEC.GEN.PEL-DC-99.M,200101,PEL,megawatthours,2011,4,0.0,2011-04-01,2,0.0,0.0,0.0,0.0
201703,M,USA-DC,2017-05-24T14:26:30-04:00,99,ELEC.GEN.PEL-DC-99.M,200101,PEL,megawatthours,2011,3,0.0,2011-03-01,1,0.0,0.0,0.0,0.0
201703,M,USA-DC,2017-05-24T14:26:30-04:00,99,ELEC.GEN.PEL-DC-99.M,200101,PEL,megawatthours,2011,2,0.0,2011-02-01,1,0.0,0.0,0.0,0.0
201703,M,USA-DC,2017-05-24T14:26:30-04:00,99,ELEC.GEN.PEL-DC-99.M,200101,PEL,megawatthours,2011,1,1950.0,2011-01-01,1,18670.0,18670.0,1418453.25,1418453.25
201703,M,USA-DC,2017-05-24T14:26:30-04:00,99,ELEC.GEN.PEL-DC-99.M,200101,PEL,megawatthours,2010,12,5370.0,2010-12-01,4,70230.0,70230.0,5335724.25,5335724.25
201703,M,USA-DC,2017-05-24T14:26:30-04:00,99,ELEC.GEN.PEL-DC-99.M,200101,PEL,megawatthours,2010,11,0.0,2010-11-01,4,0.0,0.0,0.0,0.0
201703,M,USA-DC,2017-05-24T14:26:30-04:00,99,ELEC.GEN.PEL-DC-99.M,200101,PEL,megawatthours,2010,10,3376.0,2010-10-01,4,57700.0,57700.0,4383757.5,4383757.5
201703,M,USA-DC,2017-05-24T14:26:30-04:00,99,ELEC.GEN.PEL-DC-99.M,200101,PEL,megawatthours,2010,9,14703.0,2010-09-01,3,204090.0,204090.0,15505737.75,15505737.75
201703,M,USA-DC,2017-05-24T14:26:30-04:00,99,ELEC.GEN.PEL-DC-99.M,200101,PEL,megawatthours,2010,8,23994.0,2010-08-01,3,310460.0,310460.0,23587198.5,23587198.5
201703,M,USA-DC,2017-05-24T14:26:30-04:00,99,ELEC.GEN.PEL-DC-99.M,200101,PEL,megawatthours,2010,7,50938.0,2010-07-01,3,721180.0,721180.0,54791650.5,54791650.5
201703,M,USA-DC,2017-05-24T14:26:30-04:00,99,ELEC.GEN.PEL-DC-99.M,200101,PEL,megawatthours,2010,6,74421.0,2010-06-01,2,869960.0,869960.0,66095211.0,66095211.0
201703,M,USA-DC,2017-05-24T14:26:30-04:00,99,ELEC.GEN.PEL-DC-99.M,200101,PEL,megawatthours,2010,5,23925.0,2010-05-01,2,326410.0,326410.0,24798999.75,24798999.75
201703,M,USA-DC,2017-05-24T14:26:30-04:00,99,ELEC.GEN.PEL-DC-99.M,200101,PEL,megawatthours,2010,4,805.0,2010-04-01,2,16160.0,16160.0,1227756.0,1227756.0
201703,M,USA-DC,2017-05-24T14:26:30-04:00,99,ELEC.GEN.PEL-DC-99.M,200101,PEL,megawatthours,2010,3,2326.0,2010-03-01,1,29430.0,29430.0,2235944.25,2235944.25
201703,M,USA-DC,2017-05-24T14:26:30-04:00,99,ELEC.GEN.PEL-DC-99.M,200101,PEL,megawatthours,2010,2,0.0,2010-02-01,1,0.0,0.0,0.0,0.0
201703,M,USA-DC,2017-05-24T14:26:30-04:00,99,ELEC.GEN.PEL-DC-99.M,200101,PEL,megawatthours,2010,1,0.0,2010-01-01,1,0.0,0.0,0.0,0.0
201703,M,USA-DC,2017-05-24T14:26:30-04:00,99,ELEC.GEN.PEL-DC-99.M,200101,PEL,megawatthours,2009,12,406.0,2009-12-01,4,6540.0,6540.0,496876.5,496876.5
201703,M,USA-DC,2017-05-24T14:26:30-04:00,99,ELEC.GEN.PEL-DC-99.M,200101,PEL,megawatthours,2009,11,0.0,2009-11-01,4,0.0,0.0,0.0,0.0
201703,M,USA-DC,2017-05-24T14:26:30-04:00,99,ELEC.GEN.PEL-DC-99.M,200101,PEL,megawatthours,2009,10,0.0,2009-10-01,4,0.0,0.0,0.0,0.0
201703,M,USA-DC,2017-05-24T14:26:30-04:00,99,ELEC.GEN.PEL-DC-99.M,200101,PEL,megawatthours,2009,9,0.0,2009-09-01,3,0.0,0.0,0.0,0.0
201703,M,USA-DC,2017-05-24T14:26:30-04:00,99,ELEC.GEN.PEL-DC-99.M,200101,PEL,megawatthours,2009,8,11677.0,2009-08-01,3,192510.0,192510.0,14625947.25,14625947.25
201703,M,USA-DC,2017-05-24T14:26:30-04:00,99,ELEC.GEN.PEL-DC-99.M,200101,PEL,megawatthours,2009,7,6057.0,2009-07-01,3,77170.0,77170.0,5862990.75,5862990.75
201703,M,USA-DC,2017-05-24T14:26:30-04:00,99,ELEC.GEN.PEL-DC-99.M,200101,PEL,megawatthours,2009,6,7917.0,2009-06-01,2,95950.0,95950.0,7289801.25,7289801.25
201703,M,USA-DC,2017-05-24T14:26:30-04:00,99,ELEC.GEN.PEL-DC-99.M,200101,PEL,megawatthours,2009,5,183.0,2009-05-01,2,4470.0,4470.0,339608.25,339608.25
201703,M,USA-DC,2017-05-24T14:26:30-04:00,99,ELEC.GEN.PEL-DC-99.M,200101,PEL,megawatthours,2009,4,581.0,2009-04-01,2,9140.0,9140.0,694411.5,694411.5
201703,M,USA-DC,2017-05-24T14:26:30-04:00,99,ELEC.GEN.PEL-DC-99.M,200101,PEL,megawatthours,2009,3,0.0,2009-03-01,1,0.0,0.0,0.0,0.0
201703,M,USA-DC,2017-05-24T14:26:30-04:00,99,ELEC.GEN.PEL-DC-99.M,200101,PEL,megawatthours,2009,2,2875.0,2009-02-01,1,33140.0,33140.0,2517811.5,2517811.5
201703,M,USA-DC,2017-05-24T14:26:30-04:00,99,ELEC.GEN.PEL-DC-99.M,200101,PEL,megawatthours,2009,1,5803.0,2009-01-01,1,69470.0,69470.0,5277983.25,5277983.25
201703,M,USA-DC,2017-05-24T14:26:30-04:00,99,ELEC.GEN.PEL-DC-99.M,200101,PEL,megawatthours,2008,12,0.0,2008-12-01,4,0.0,0.0,0.0,0.0
201703,M,USA-DC,2017-05-24T14:26:30-04:00,99,ELEC.GEN.PEL-DC-99.M,200101,PEL,megawatthours,2008,11,0.0,2008-11-01,4,0.0,0.0,0.0,0.0
201703,M,USA-DC,2017-05-24T14:26:30-04:00,99,ELEC.GEN.PEL-DC-99.M,200101,PEL,megawatthours,2008,10,2741.0,2008-10-01,4,50600.0,50600.0,3844335.0,3844335.0
201703,M,USA-DC,2017-05-24T14:26:30-04:00,99,ELEC.GEN.PEL-DC-99.M,200101,PEL,megawatthours,2008,9,579.0,2008-09-01,3,12910.0,12910.0,980837.25,980837.25
201703,M,USA-DC,2017-05-24T14:26:30-04:00,99,ELEC.GEN.PEL-DC-99.M,200101,PEL,megawatthours,2008,8,5479.0,2008-08-01,3,43900.0,43900.0,3335302.5,3335302.5
201703,M,USA-DC,2017-05-24T14:26:30-04:00,99,ELEC.GEN.PEL-DC-99.M,200101,PEL,megawatthours,2008,7,8742.0,2008-07-01,3,118030.0,118030.0,8967329.25,8967329.25
201703,M,USA-DC,2017-05-24T14:26:30-04:00,99,ELEC.GEN.PEL-DC-99.M,200101,PEL,megawatthours,2008,6,50119.0,2008-06-01,2,650300.0,650300.0,49406542.5,49406542.5
201703,M,USA-DC,2017-05-24T14:26:30-04:00,99,ELEC.GEN.PEL-DC-99.M,200101,PEL,megawatthours,2008,5,0.0,2008-05-01,2,0.0,0.0,0.0,0.0
201703,M,USA-DC,2017-05-24T14:26:30-04:00,99,ELEC.GEN.PEL-DC-99.M,200101,PEL,megawatthours,2008,4,0.0,2008-04-01,2,0.0,0.0,0.0,0.0
201703,M,USA-DC,2017-05-24T14:26:30-04:00,99,ELEC.GEN.PEL-DC-99.M,200101,PEL,megawatthours,2008,3,401.0,2008-03-01,1,7950.0,7950.0,604001.25,604001.25
201703,M,USA-DC,2017-05-24T14:26:30-04:00,99,ELEC.GEN.PEL-DC-99.M,200101,PEL,megawatthours,2008,2,1258.0,2008-02-01,1,27790.0,27790.0,2111345.25,2111345.25
201703,M,USA-DC,2017-05-24T14:26:30-04:00,99,ELEC.GEN.PEL-DC-99.M,200101,PEL,megawatthours,2008,1,2997.0,2008-01-01,1,42780.0,42780.0,3250210.5,3250210.5
201703,M,USA-DC,2017-05-24T14:26:30-04:00,99,ELEC.GEN.PEL-DC-99.M,200101,PEL,megawatthours,2007,12,-521.0,2007-12-01,4,9020.0,9020.0,685294.5,685294.5
201703,M,USA-DC,2017-05-24T14:26:30-04:00,99,ELEC.GEN.PEL-DC-99.M,200101,PEL,megawatthours,2007,11,-707.0,2007-11-01,4,0.0,0.0,0.0,0.0
201703,M,USA-DC,2017-05-24T14:26:30-04:00,99,ELEC.GEN.PEL-DC-99.M,200101,PEL,megawatthours,2007,10,3636.0,2007-10-01,4,66390.0,66390.0,5043980.25,5043980.25
201703,M,USA-DC,2017-05-24T14:26:30-04:00,99,ELEC.GEN.PEL-DC-99.M,200101,PEL,megawatthours,2007,9,5516.0,2007-09-01,3,83280.0,83280.0,6327198.0,6327198.0
201703,M,USA-DC,2017-05-24T14:26:30-04:00,99,ELEC.GEN.PEL-DC-99.M,200101,PEL,megawatthours,2007,8,40581.0,2007-08-01,3,575530.0,575530.0,43725891.75,43725891.75
201703,M,USA-DC,2017-05-24T14:26:30-04:00,99,ELEC.GEN.PEL-DC-99.M,200101,PEL,megawatthours,2007,7,11312.0,2007-07-01,3,145990.0,145990.0,11091590.25,11091590.25
201703,M,USA-DC,2017-05-24T14:26:30-04:00,99,ELEC.GEN.PEL-DC-99.M,200101,PEL,megawatthours,2007,6,14143.0,2007-06-01,2,203360.0,203360.0,15450276.0,15450276.0
201703,M,USA-DC,2017-05-24T14:26:30-04:00,99,ELEC.GEN.PEL-DC-99.M,200101,PEL,megawatthours,2007,5,-318.0,2007-05-01,2,5170.0,5170.0,392790.75,392790.75
201703,M,USA-DC,2017-05-24T14:26:30-04:00,99,ELEC.GEN.PEL-DC-99.M,200101,PEL,megawatthours,2007,4,-316.0,2007-04-01,2,18940.0,18940.0,1438966.5,1438966.5
201703,M,USA-DC,2017-05-24T14:26:30-04:00,99,ELEC.GEN.PEL-DC-99.M,200101,PEL,megawatthours,2007,3,-239.0,2007-03-01,1,9470.0,9470.0,719483.25,719483.25
201703,M,USA-DC,2017-05-24T14:26:30-04:00,99,ELEC.GEN.PEL-DC-99.M,200101,PEL,megawatthours,2007,2,2682.0,2007-02-01,1,47550.0,47550.0,3612611.25,3612611.25
201703,M,USA-DC,2017-05-24T14:26:30-04:00,99,ELEC.GEN.PEL-DC-99.M,200101,PEL,megawatthours,2007,1,-518.0,2007-01-01,1,10440.0,10440.0,793179.0,793179.0
201703,M,USA-DC,2017-05-24T14:26:30-04:00,99,ELEC.GEN.PEL-DC-99.M,200101,PEL,megawatthours,2006,12,2690.0,2006-12-01,4,58230.0,58230.0,4424024.25,4424024.25
201703,M,USA-DC,2017-05-24T14:26:30-04:00,99,ELEC.GEN.PEL-DC-99.M,200101,PEL,megawatthours,2006,11,-659.0,2006-11-01,4,0.0,0.0,0.0,0.0
201703,M,USA-DC,2017-05-24T14:26:30-04:00,99,ELEC.GEN.PEL-DC-99.M,200101,PEL,megawatthours,2006,10,553.0,2006-10-01,4,20260.0,20260.0,1539253.5,1539253.5
201703,M,USA-DC,2017-05-24T14:26:30-04:00,99,ELEC.GEN.PEL-DC-99.M,200101,PEL,megawatthours,2006,9,-516.0,2006-09-01,3,0.0,0.0,0.0,0.0
201703,M,USA-DC,2017-05-24T14:26:30-04:00,99,ELEC.GEN.PEL-DC-99.M,200101,PEL,megawatthours,2006,8,47754.0,2006-08-01,3,804880.0,804880.0,61150758.0,61150758.0
201703,M,USA-DC,2017-05-24T14:26:30-04:00,99,ELEC.GEN.PEL-DC-99.M,200101,PEL,megawatthours,2006,7,22549.0,2006-07-01,3,248040.0,248040.0,18844839.0,18844839.0
201703,M,USA-DC,2017-05-24T14:26:30-04:00,99,ELEC.GEN.PEL-DC-99.M,200101,PEL,megawatthours,2006,6,3743.0,2006-06-01,2,81750.0,81750.0,6210956.25,6210956.25
201703,M,USA-DC,2017-05-24T14:26:30-04:00,99,ELEC.GEN.PEL-DC-99.M,200101,PEL,megawatthours,2006,5,1706.0,2006-05-01,2,38520.0,38520.0,2926557.0,2926557.0
201703,M,USA-DC,2017-05-24T14:26:30-04:00,99,ELEC.GEN.PEL-DC-99.M,200101,PEL,megawatthours,2006,4,150.0,2006-04-01,2,12630.0,12630.0,959564.25,959564.25
201703,M,USA-DC,2017-05-24T14:26:30-04:00,99,ELEC.GEN.PEL-DC-99.M,200101,PEL,megawatthours,2006,3,-329.0,2006-03-01,1,6460.0,6460.0,490798.5,490798.5
201703,M,USA-DC,2017-05-24T14:26:30-04:00,99,ELEC.GEN.PEL-DC-99.M,200101,PEL,megawatthours,2006,2,1474.0,2006-02-01,1,45010.0,45010.0,3419634.75,3419634.75
201703,M,USA-DC,2017-05-24T14:26:30-04:00,99,ELEC.GEN.PEL-DC-99.M,200101,PEL,megawatthours,2006,1,2352.0,2006-01-01,1,51430.0,51430.0,3907394.25,3907394.25
201703,M,USA-DC,2017-05-24T14:26:30-04:00,99,ELEC.GEN.PEL-DC-99.M,200101,PEL,megawatthours,2005,12,4789.0,2005-12-01,4,99860.0,99860.0,7586863.5,7586863.5
201703,M,USA-DC,2017-05-24T14:26:30-04:00,99,ELEC.GEN.PEL-DC-99.M,200101,PEL,megawatthours,2005,11,3.0,2005-11-01,4,21590.0,21590.0,1640300.25,1640300.25
201703,M,USA-DC,2017-05-24T14:26:30-04:00,99,ELEC.GEN.PEL-DC-99.M,200101,PEL,megawatthours,2005,10,9168.0,2005-10-01,4,170410.0,170410.0,12946899.75,12946899.75
201703,M,USA-DC,2017-05-24T14:26:30-04:00,99,ELEC.GEN.PEL-DC-99.M,200101,PEL,megawatthours,2005,9,3973.0,2005-09-01,3,88730.0,88730.0,6741261.75,6741261.75
201703,M,USA-DC,2017-05-24T14:26:30-04:00,99,ELEC.GEN.PEL-DC-99.M,200101,PEL,megawatthours,2005,8,75277.0,2005-08-01,3,953140.0,953140.0,72414811.5,72414811.5
201703,M,USA-DC,2017-05-24T14:26:30-04:00,99,ELEC.GEN.PEL-DC-99.M,200101,PEL,megawatthours,2005,7,90491.0,2005-07-01,3,1206510.0,1206510.0,91664597.25,91664597.25
201703,M,USA-DC,2017-05-24T14:26:30-04:00,99,ELEC.GEN.PEL-DC-99.M,200101,PEL,megawatthours,2005,6,42336.0,2005-06-01,2,585870.0,585870.0,44511473.25,44511473.25
201703,M,USA-DC,2017-05-24T14:26:30-04:00,99,ELEC.GEN.PEL-DC-99.M,200101,PEL,megawatthours,2005,5,-610.0,2005-05-01,2,3480.0,3480.0,264393.0,264393.0
201703,M,USA-DC,2017-05-24T14:26:30-04:00,99,ELEC.GEN.PEL-DC-99.M,200101,PEL,megawatthours,2005,4,-599.0,2005-04-01,2,0.0,0.0,0.0,0.0
201703,M,USA-DC,2017-05-24T14:26:30-04:00,99,ELEC.GEN.PEL-DC-99.M,200101,PEL,megawatthours,2005,3,-1094.0,2005-03-01,1,0.0,0.0,0.0,0.0
201703,M,USA-DC,2017-05-24T14:26:30-04:00,99,ELEC.GEN.PEL-DC-99.M,200101,PEL,megawatthours,2005,2,215.0,2005-02-01,1,12330.0,12330.0,936771.75,936771.75
201703,M,USA-DC,2017-05-24T14:26:30-04:00,99,ELEC.GEN.PEL-DC-99.M,200101,PEL,megawatthours,2005,1,2093.0,2005-01-01,1,80990.0,80990.0,6153215.25,6153215.25
201703,M,USA-DC,2017-05-24T14:26:30-04:00,99,ELEC.GEN.PEL-DC-99.M,200101,PEL,megawatthours,2004,12,4070.0,2004-12-01,4,74880.0,74880.0,5689008.0,5689008.0
201703,M,USA-DC,2017-05-24T14:26:30-04:00,99,ELEC.GEN.PEL-DC-99.M,200101,PEL,megawatthours,2004,11,-698.0,2004-11-01,4,100.0,100.0,7597.5,7597.5
201703,M,USA-DC,2017-05-24T14:26:30-04:00,99,ELEC.GEN.PEL-DC-99.M,200101,PEL,megawatthours,2004,10,-634.0,2004-10-01,4,50.0,50.0,3798.75,3798.75
201703,M,USA-DC,2017-05-24T14:26:30-04:00,99,ELEC.GEN.PEL-DC-99.M,200101,PEL,megawatthours,2004,9,1001.0,2004-09-01,3,26690.0,26690.0,2027772.75,2027772.75
201703,M,USA-DC,2017-05-24T14:26:30-04:00,99,ELEC.GEN.PEL-DC-99.M,200101,PEL,megawatthours,2004,8,4605.0,2004-08-01,3,89790.0,89790.0,6821795.25,6821795.25
201703,M,USA-DC,2017-05-24T14:26:30-04:00,99,ELEC.GEN.PEL-DC-99.M,200101,PEL,megawatthours,2004,7,1680.0,2004-07-01,3,66110.0,66110.0,5022707.25,5022707.25
201703,M,USA-DC,2017-05-24T14:26:30-04:00,99,ELEC.GEN.PEL-DC-99.M,200101,PEL,megawatthours,2004,6,6154.0,2004-06-01,2,112840.0,112840.0,8573019.0,8573019.0
201703,M,USA-DC,2017-05-24T14:26:30-04:00,99,ELEC.GEN.PEL-DC-99.M,200101,PEL,megawatthours,2004,5,2674.0,2004-05-01,2,68100.0,68100.0,5173897.5,5173897.5
201703,M,USA-DC,2017-05-24T14:26:30-04:00,99,ELEC.GEN.PEL-DC-99.M,200101,PEL,megawatthours,2004,4,-563.0,2004-04-01,2,2380.0,2380.0,180820.5,180820.5
201703,M,USA-DC,2017-05-24T14:26:30-04:00,99,ELEC.GEN.PEL-DC-99.M,200101,PEL,megawatthours,2004,3,549.0,2004-03-01,1,30890.0,30890.0,2346867.75,2346867.75
201703,M,USA-DC,2017-05-24T14:26:30-04:00,99,ELEC.GEN.PEL-DC-99.M,200101,PEL,megawatthours,2004,2,1829.0,2004-02-01,1,36350.0,36350.0,2761691.25,2761691.25
201703,M,USA-DC,2017-05-24T14:26:30-04:00,99,ELEC.GEN.PEL-DC-99.M,200101,PEL,megawatthours,2004,1,15820.0,2004-01-01,1,263270.0,263270.0,20001938.25,20001938.25
201703,M,USA-DC,2017-05-24T14:26:30-04:00,99,ELEC.GEN.PEL-DC-99.M,200101,PEL,megawatthours,2003,12,-793.0,2003-12-01,4,0.0,0.0,0.0,0.0
201703,M,USA-DC,2017-05-24T14:26:30-04:00,99,ELEC.GEN.PEL-DC-99.M,200101,PEL,megawatthours,2003,11,-645.0,2003-11-01,4,0.0,0.0,0.0,0.0
201703,M,USA-DC,2017-05-24T14:26:30-04:00,99,ELEC.GEN.PEL-DC-99.M,200101,PEL,megawatthours,2003,10,-625.0,2003-10-01,4,0.0,0.0,0.0,0.0
201703,M,USA-DC,2017-05-24T14:26:30-04:00,99,ELEC.GEN.PEL-DC-99.M,200101,PEL,megawatthours,2003,9,-599.0,2003-09-01,3,0.0,0.0,0.0,0.0
201703,M,USA-DC,2017-05-24T14:26:30-04:00,99,ELEC.GEN.PEL-DC-99.M,200101,PEL,megawatthours,2003,8,24567.0,2003-08-01,3,336000.0,336000.0,25527600.0,25527600.0
201703,M,USA-DC,2017-05-24T14:26:30-04:00,99,ELEC.GEN.PEL-DC-99.M,200101,PEL,megawatthours,2003,7,10741.0,2003-07-01,3,144000.0,144000.0,10940400.0,10940400.0
201703,M,USA-DC,2017-05-24T14:26:30-04:00,99,ELEC.GEN.PEL-DC-99.M,200101,PEL,megawatthours,2003,6,3552.0,2003-06-01,2,66000.0,66000.0,5014350.0,5014350.0
201703,M,USA-DC,2017-05-24T14:26:30-04:00,99,ELEC.GEN.PEL-DC-99.M,200101,PEL,megawatthours,2003,5,1614.0,2003-05-01,2,36000.0,36000.0,2735100.0,2735100.0
201703,M,USA-DC,2017-05-24T14:26:30-04:00,99,ELEC.GEN.PEL-DC-99.M,200101,PEL,megawatthours,2003,4,764.0,2003-04-01,2,16000.0,16000.0,1215600.0,1215600.0
201703,M,USA-DC,2017-05-24T14:26:30-04:00,99,ELEC.GEN.PEL-DC-99.M,200101,PEL,megawatthours,2003,3,13086.0,2003-03-01,1,180000.0,180000.0,13675500.0,13675500.0
201703,M,USA-DC,2017-05-24T14:26:30-04:00,99,ELEC.GEN.PEL-DC-99.M,200101,PEL,megawatthours,2003,2,12549.0,2003-02-01,1,197000.0,197000.0,14967075.0,14967075.0
201703,M,USA-DC,2017-05-24T14:26:30-04:00,99,ELEC.GEN.PEL-DC-99.M,200101,PEL,megawatthours,2003,1,9933.0,2003-01-01,1,157000.0,157000.0,11928075.0,11928075.0
201703,M,USA-DC,2017-05-24T14:26:30-04:00,99,ELEC.GEN.PEL-DC-99.M,200101,PEL,megawatthours,2002,12,3589.0,2002-12-01,4,78000.0,78000.0,5926050.0,5926050.0
201703,M,USA-DC,2017-05-24T14:26:30-04:00,99,ELEC.GEN.PEL-DC-99.M,200101,PEL,megawatthours,2002,11,421.0,2002-11-01,4,19000.0,19000.0,1443525.0,1443525.0
201703,M,USA-DC,2017-05-24T14:26:30-04:00,99,ELEC.GEN.PEL-DC-99.M,200101,PEL,megawatthours,2002,10,-565.0,2002-10-01,4,0.0,0.0,0.0,0.0
201703,M,USA-DC,2017-05-24T14:26:30-04:00,99,ELEC.GEN.PEL-DC-99.M,200101,PEL,megawatthours,2002,9,3170.0,2002-09-01,3,60000.0,60000.0,4558500.0,4558500.0
201703,M,USA-DC,2017-05-24T14:26:30-04:00,99,ELEC.GEN.PEL-DC-99.M,200101,PEL,megawatthours,2002,8,85726.0,2002-08-01,3,1153000.0,1153000.0,87599175.0,87599175.0
201703,M,USA-DC,2017-05-24T14:26:30-04:00,99,ELEC.GEN.PEL-DC-99.M,200101,PEL,megawatthours,2002,7,101334.0,2002-07-01,3,1337000.0,1337000.0,101578575.0,101578575.0
201703,M,USA-DC,2017-05-24T14:26:30-04:00,99,ELEC.GEN.PEL-DC-99.M,200101,PEL,megawatthours,2002,6,30828.0,2002-06-01,2,431000.0,431000.0,32745225.0,32745225.0
201703,M,USA-DC,2017-05-24T14:26:30-04:00,99,ELEC.GEN.PEL-DC-99.M,200101,PEL,megawatthours,2002,5,-616.0,2002-05-01,2,0.0,0.0,0.0,0.0
201703,M,USA-DC,2017-05-24T14:26:30-04:00,99,ELEC.GEN.PEL-DC-99.M,200101,PEL,megawatthours,2002,4,22998.0,2002-04-01,2,297000.0,297000.0,22564575.0,22564575.0
201703,M,USA-DC,2017-05-24T14:26:30-04:00,99,ELEC.GEN.PEL-DC-99.M,200101,PEL,megawatthours,2002,3,11399.0,2002-03-01,1,156000.0,156000.0,11852100.0,11852100.0
201703,M,USA-DC,2017-05-24T14:26:30-04:00,99,ELEC.GEN.PEL-DC-99.M,200101,PEL,megawatthours,2002,2,4729.0,2002-02-01,1,77000.0,77000.0,5850075.0,5850075.0
201703,M,USA-DC,2017-05-24T14:26:30-04:00,99,ELEC.GEN.PEL-DC-99.M,200101,PEL,megawatthours,2002,1,-1033.0,2002-01-01,1,0.0,0.0,0.0,0.0
201703,M,USA-DC,2017-05-24T14:26:30-04:00,99,ELEC.GEN.PEL-DC-99.M,200101,PEL,megawatthours,2001,12,0.0,2001-12-01,4,0.0,0.0,0.0,0.0
201703,M,USA-DC,2017-05-24T14:26:30-04:00,99,ELEC.GEN.PEL-DC-99.M,200101,PEL,megawatthours,2001,11,31622.0,2001-11-01,4,494000.0,494000.0,37531650.0,37531650.0
201703,M,USA-DC,2017-05-24T14:26:30-04:00,99,ELEC.GEN.PEL-DC-99.M,200101,PEL,megawatthours,2001,10,3497.0,2001-10-01,4,56000.0,56000.0,4254600.0,4254600.0
201703,M,USA-DC,2017-05-24T14:26:30-04:00,99,ELEC.GEN.PEL-DC-99.M,200101,PEL,megawatthours,2001,9,0.0,2001-09-01,3,0.0,0.0,0.0,0.0
201703,M,USA-DC,2017-05-24T14:26:30-04:00,99,ELEC.GEN.PEL-DC-99.M,200101,PEL,megawatthours,2001,8,47587.0,2001-08-01,3,680000.0,680000.0,51663000.0,51663000.0
201703,M,USA-DC,2017-05-24T14:26:30-04:00,99,ELEC.GEN.PEL-DC-99.M,200101,PEL,megawatthours,2001,7,24107.0,2001-07-01,3,377000.0,377000.0,28642575.0,28642575.0
201703,M,USA-DC,2017-05-24T14:26:30-04:00,99,ELEC.GEN.PEL-DC-99.M,200101,PEL,megawatthours,2001,6,488.0,2001-06-01,2,221000.0,221000.0,16790475.0,16790475.0
201703,M,USA-DC,2017-05-24T14:26:30-04:00,99,ELEC.GEN.PEL-DC-99.M,200101,PEL,megawatthours,2001,5,5921.0,2001-05-01,2,95000.0,95000.0,7217625.0,7217625.0
201703,M,USA-DC,2017-05-24T14:26:30-04:00,99,ELEC.GEN.PEL-DC-99.M,200101,PEL,megawatthours,2001,4,766.0,2001-04-01,2,15000.0,15000.0,1139625.0,1139625.0
201703,M,USA-DC,2017-05-24T14:26:30-04:00,99,ELEC.GEN.PEL-DC-99.M,200101,PEL,megawatthours,2001,3,0.0,2001-03-01,1,0.0,0.0,0.0,0.0
201703,M,USA-DC,2017-05-24T14:26:30-04:00,99,ELEC.GEN.PEL-DC-99.M,200101,PEL,megawatthours,2001,2,0.0,2001-02-01,1,3000.0,3000.0,227925.0,227925.0
201703,M,USA-DC,2017-05-24T14:26:30-04:00,99,ELEC.GEN.PEL-DC-99.M,200101,PEL,megawatthours,2001,1,9251.0,2001-01-01,1,159000.0,159000.0,12080025.0,12080025.0
201703,M,USA-DC,2017-05-24T14:26:30-04:00,99,ELEC.GEN.WAS-DC-99.M,201506,WAS,megawatthours,2017,3,4981.0,2017-03-01,1,,,0.0,0.0
201703,M,USA-DC,2017-05-24T14:26:30-04:00,99,ELEC.GEN.WAS-DC-99.M,201506,WAS,megawatthours,2017,2,3616.0,2017-02-01,1,,,0.0,0.0
201703,M,USA-DC,2017-05-24T14:26:30-04:00,99,ELEC.GEN.WAS-DC-99.M,201506,WAS,megawatthours,2017,1,5265.0,2017-01-01,1,,,0.0,0.0
201703,M,USA-DC,2017-05-24T14:26:30-04:00,99,ELEC.GEN.WAS-DC-99.M,201506,WAS,megawatthours,2016,12,0.0,2016-12-01,4,,,0.0,0.0
201703,M,USA-DC,2017-05-24T14:26:30-04:00,99,ELEC.GEN.WAS-DC-99.M,201506,WAS,megawatthours,2016,11,0.0,2016-11-01,4,,,0.0,0.0
201703,M,USA-DC,2017-05-24T14:26:30-04:00,99,ELEC.GEN.WAS-DC-99.M,201506,WAS,megawatthours,2016,10,0.0,2016-10-01,4,,,0.0,0.0
201703,M,USA-DC,2017-05-24T14:26:30-04:00,99,ELEC.GEN.WAS-DC-99.M,201506,WAS,megawatthours,2016,9,0.0,2016-09-01,3,,,0.0,0.0
201703,M,USA-DC,2017-05-24T14:26:30-04:00,99,ELEC.GEN.WAS-DC-99.M,201506,WAS,megawatthours,2016,8,0.0,2016-08-01,3,,,0.0,0.0
201703,M,USA-DC,2017-05-24T14:26:30-04:00,99,ELEC.GEN.WAS-DC-99.M,201506,WAS,megawatthours,2016,7,0.0,2016-07-01,3,,,0.0,0.0
201703,M,USA-DC,2017-05-24T14:26:30-04:00,99,ELEC.GEN.WAS-DC-99.M,201506,WAS,megawatthours,2016,6,0.0,2016-06-01,2,,,0.0,0.0
201703,M,USA-DC,2017-05-24T14:26:30-04:00,99,ELEC.GEN.WAS-DC-99.M,201506,WAS,megawatthours,2016,5,0.0,2016-05-01,2,,,0.0,0.0
201703,M,USA-DC,2017-05-24T14:26:30-04:00,99,ELEC.GEN.WAS-DC-99.M,201506,WAS,megawatthours,2016,4,0.0,2016-04-01,2,,,0.0,0.0
201703,M,USA-DC,2017-05-24T14:26:30-04:00,99,ELEC.GEN.WAS-DC-99.M,201506,WAS,megawatthours,2016,3,0.0,2016-03-01,1,,,0.0,0.0
201703,M,USA-DC,2017-05-24T14:26:30-04:00,99,ELEC.GEN.WAS-DC-99.M,201506,WAS,megawatthours,2016,2,0.0,2016-02-01,1,,,0.0,0.0
201703,M,USA-DC,2017-05-24T14:26:30-04:00,99,ELEC.GEN.WAS-DC-99.M,201506,WAS,megawatthours,2016,1,0.0,2016-01-01,1,,,0.0,0.0
201703,M,USA-DC,2017-05-24T14:26:30-04:00,99,ELEC.GEN.WAS-DC-99.M,201506,WAS,megawatthours,2015,12,4892.24,2015-12-01,4,,,0.0,0.0
201703,M,USA-DC,2017-05-24T14:26:30-04:00,99,ELEC.GEN.WAS-DC-99.M,201506,WAS,megawatthours,2015,11,4662.15,2015-11-01,4,,,0.0,0.0
201703,M,USA-DC,2017-05-24T14:26:30-04:00,99,ELEC.GEN.WAS-DC-99.M,201506,WAS,megawatthours,2015,10,4626.77,2015-10-01,4,,,0.0,0.0
201703,M,USA-DC,2017-05-24T14:26:30-04:00,99,ELEC.GEN.WAS-DC-99.M,201506,WAS,megawatthours,2015,9,4028.64,2015-09-01,3,,,0.0,0.0
201703,M,USA-DC,2017-05-24T14:26:30-04:00,99,ELEC.GEN.WAS-DC-99.M,201506,WAS,megawatthours,2015,8,4396.44,2015-08-01,3,,,0.0,0.0
201703,M,USA-DC,2017-05-24T14:26:30-04:00,99,ELEC.GEN.WAS-DC-99.M,201506,WAS,megawatthours,2015,7,4576.29,2015-07-01,3,,,0.0,0.0
201703,M,USA-DC,2017-05-24T14:26:30-04:00,99,ELEC.GEN.WAS-DC-99.M,201506,WAS,megawatthours,2015,6,3816.47,2015-06-01,2,,,0.0,0.0
201703,M,USA-DC,2017-05-24T14:26:30-04:00,99,ELEC.GEN.TSN-DC-99.M,201401,TSN,megawatthours,2017,3,6417.41,2017-03-01,1,,,0.0,0.0
201703,M,USA-DC,2017-05-24T14:26:30-04:00,99,ELEC.GEN.TSN-DC-99.M,201401,TSN,megawatthours,2017,2,4915.3,2017-02-01,1,,,0.0,0.0
201703,M,USA-DC,2017-05-24T14:26:30-04:00,99,ELEC.GEN.TSN-DC-99.M,201401,TSN,megawatthours,2017,1,4416.48,2017-01-01,1,,,0.0,0.0
201703,M,USA-DC,2017-05-24T14:26:30-04:00,99,ELEC.GEN.TSN-DC-99.M,201401,TSN,megawatthours,2016,12,3959.83,2016-12-01,4,,,0.0,0.0
201703,M,USA-DC,2017-05-24T14:26:30-04:00,99,ELEC.GEN.TSN-DC-99.M,201401,TSN,megawatthours,2016,11,3975.95,2016-11-01,4,,,0.0,0.0
201703,M,USA-DC,2017-05-24T14:26:30-04:00,99,ELEC.GEN.TSN-DC-99.M,201401,TSN,megawatthours,2016,10,4670.24,2016-10-01,4,,,0.0,0.0
201703,M,USA-DC,2017-05-24T14:26:30-04:00,99,ELEC.GEN.TSN-DC-99.M,201401,TSN,megawatthours,2016,9,5070.23,2016-09-01,3,,,0.0,0.0
201703,M,USA-DC,2017-05-24T14:26:30-04:00,99,ELEC.GEN.TSN-DC-99.M,201401,TSN,megawatthours,2016,8,5641.77,2016-08-01,3,,,0.0,0.0
201703,M,USA-DC,2017-05-24T14:26:30-04:00,99,ELEC.GEN.TSN-DC-99.M,201401,TSN,megawatthours,2016,7,5738.01,2016-07-01,3,,,0.0,0.0
201703,M,USA-DC,2017-05-24T14:26:30-04:00,99,ELEC.GEN.TSN-DC-99.M,201401,TSN,megawatthours,2016,6,5463.23,2016-06-01,2,,,0.0,0.0
201703,M,USA-DC,2017-05-24T14:26:30-04:00,99,ELEC.GEN.TSN-DC-99.M,201401,TSN,megawatthours,2016,5,5302.15,2016-05-01,2,,,0.0,0.0
201703,M,USA-DC,2017-05-24T14:26:30-04:00,99,ELEC.GEN.TSN-DC-99.M,201401,TSN,megawatthours,2016,4,4838.28,2016-04-01,2,,,0.0,0.0
201703,M,USA-DC,2017-05-24T14:26:30-04:00,99,ELEC.GEN.TSN-DC-99.M,201401,TSN,megawatthours,2016,3,4484.11,2016-03-01,1,,,0.0,0.0
201703,M,USA-DC,2017-05-24T14:26:30-04:00,99,ELEC.GEN.TSN-DC-99.M,201401,TSN,megawatthours,2016,2,2870.22,2016-02-01,1,,,0.0,0.0
201703,M,USA-DC,2017-05-24T14:26:30-04:00,99,ELEC.GEN.TSN-DC-99.M,201401,TSN,megawatthours,2016,1,2451.39,2016-01-01,1,,,0.0,0.0
201703,M,USA-DC,2017-05-24T14:26:30-04:00,99,ELEC.GEN.TSN-DC-99.M,201401,TSN,megawatthours,2015,12,1910.93,2015-12-01,4,,,0.0,0.0
201703,M,USA-DC,2017-05-24T14:26:30-04:00,99,ELEC.GEN.TSN-DC-99.M,201401,TSN,megawatthours,2015,11,1959.42,2015-11-01,4,,,0.0,0.0
201703,M,USA-DC,2017-05-24T14:26:30-04:00,99,ELEC.GEN.TSN-DC-99.M,201401,TSN,megawatthours,2015,10,2467.73,2015-10-01,4,,,0.0,0.0
201703,M,USA-DC,2017-05-24T14:26:30-04:00,99,ELEC.GEN.TSN-DC-99.M,201401,TSN,megawatthours,2015,9,2739.8,2015-09-01,3,,,0.0,0.0
201703,M,USA-DC,2017-05-24T14:26:30-04:00,99,ELEC.GEN.TSN-DC-99.M,201401,TSN,megawatthours,2015,8,3193.97,2015-08-01,3,,,0.0,0.0
201703,M,USA-DC,2017-05-24T14:26:30-04:00,99,ELEC.GEN.TSN-DC-99.M,201401,TSN,megawatthours,2015,7,3354.9,2015-07-01,3,,,0.0,0.0
201703,M,USA-DC,2017-05-24T14:26:30-04:00,99,ELEC.GEN.TSN-DC-99.M,201401,TSN,megawatthours,2015,6,3288.34,2015-06-01,2,,,0.0,0.0
201703,M,USA-DC,2017-05-24T14:26:30-04:00,99,ELEC.GEN.TSN-DC-99.M,201401,TSN,megawatthours,2015,5,3311.4,2015-05-01,2,,,0.0,0.0
201703,M,USA-DC,2017-05-24T14:26:30-04:00,99,ELEC.GEN.TSN-DC-99.M,201401,TSN,megawatthours,2015,4,3032.99,2015-04-01,2,,,0.0,0.0
201703,M,USA-DC,2017-05-24T14:26:30-04:00,99,ELEC.GEN.TSN-DC-99.M,201401,TSN,megawatthours,2015,3,2873.47,2015-03-01,1,,,0.0,0.0
201703,M,USA-DC,2017-05-24T14:26:30-04:00,99,ELEC.GEN.TSN-DC-99.M,201401,TSN,megawatthours,2015,2,2283.98,2015-02-01,1,,,0.0,0.0
201703,M,USA-DC,2017-05-24T14:26:30-04:00,99,ELEC.GEN.TSN-DC-99.M,201401,TSN,megawatthours,2015,1,2027.35,2015-01-01,1,,,0.0,0.0
201703,M,USA-DC,2017-05-24T14:26:30-04:00,99,ELEC.GEN.TSN-DC-99.M,201401,TSN,megawatthours,2014,12,1955.04,2014-12-01,4,,,0.0,0.0
201703,M,USA-DC,2017-05-24T14:26:30-04:00,99,ELEC.GEN.TSN-DC-99.M,201401,TSN,megawatthours,2014,11,1937.7,2014-11-01,4,,,0.0,0.0
201703,M,USA-DC,2017-05-24T14:26:30-04:00,99,ELEC.GEN.TSN-DC-99.M,201401,TSN,megawatthours,2014,10,2380.86,2014-10-01,4,,,0.0,0.0
201703,M,USA-DC,2017-05-24T14:26:30-04:00,99,ELEC.GEN.TSN-DC-99.M,201401,TSN,megawatthours,2014,9,2613.88,2014-09-01,3,,,0.0,0.0
201703,M,USA-DC,2017-05-24T14:26:30-04:00,99,ELEC.GEN.TSN-DC-99.M,201401,TSN,megawatthours,2014,8,3006.96,2014-08-01,3,,,0.0,0.0
201703,M,USA-DC,2017-05-24T14:26:30-04:00,99,ELEC.GEN.TSN-DC-99.M,201401,TSN,megawatthours,2014,7,3148.76,2014-07-01,3,,,0.0,0.0
201703,M,USA-DC,2017-05-24T14:26:30-04:00,99,ELEC.GEN.TSN-DC-99.M,201401,TSN,megawatthours,2014,6,3052.71,2014-06-01,2,,,0.0,0.0
201703,M,USA-DC,2017-05-24T14:26:30-04:00,99,ELEC.GEN.TSN-DC-99.M,201401,TSN,megawatthours,2014,5,3023.95,2014-05-01,2,,,0.0,0.0
201703,M,USA-DC,2017-05-24T14:26:30-04:00,99,ELEC.GEN.TSN-DC-99.M,201401,TSN,megawatthours,2014,4,2781.42,2014-04-01,2,,,0.0,0.0
201703,M,USA-DC,2017-05-24T14:26:30-04:00,99,ELEC.GEN.TSN-DC-99.M,201401,TSN,megawatthours,2014,3,2654.76,2014-03-01,1,,,0.0,0.0
201703,M,USA-DC,2017-05-24T14:26:30-04:00,99,ELEC.GEN.TSN-DC-99.M,201401,TSN,megawatthours,2014,2,2109.96,2014-02-01,1,,,0.0,0.0
201703,M,USA-DC,2017-05-24T14:26:30-04:00,99,ELEC.GEN.TSN-DC-99.M,201401,TSN,megawatthours,2014,1,1850.74,2014-01-01,1,,,0.0,0.0
