fuel category,year,quarter,month,total fuel (mmbtu),generation (mwh),elec fuel (mmbtu),all fuel fossil co2 (kg),elec fuel fossil co2 (kg),all fuel total co2 (kg),elec fuel total co2 (kg),adjusted co2 (kg),adjusted index (g/kwh),adjusted index (lb/mwh),year_quarter
Coal,2001,1,6,5043792721.0,479215265.16099983,4937471771.0,479010779236.69977,469052961216.30005,479010779236.69977,469052961216.30005,481203250281.67236,1004.1484177679621,2213.7456018112493,2001 Q1
Coal,2001,2,15,4782186456.0,452593005.32699984,4685982873.0,454194358489.9002,445184689142.8,454194358489.9002,445184689142.8,455455706891.545,1006.3251122550531,2218.5443424774903,2001 Q2
Coal,2001,3,24,5478701860.0,514025063.25999975,5375795637.0,520514887544.2999,510879345104.7001,520514887544.2999,510879345104.7001,520660523264.1426,1012.9088258110608,2233.0587973830648,2001 Q3
Coal,2001,4,33,4758844919.0,448555970.1429999,4661799680.0,452403467121.1,443311790646.69995,452403467121.1,443311790646.69995,448688868672.8334,1000.29628081818,2205.2531806917596,2001 Q4
Coal,2002,1,6,4811114174.0,457810110.2089999,4703975646.0,457041188812.7999,447061642815.8998,457041188812.7999,447061642815.8998,454164512468.45764,992.0368780434361,2187.0445013345593,2002 Q1
Coal,2002,2,15,4831280712.0,457076871.48800015,4732412572.0,458915891809.3998,449718520432.0998,458915891809.3998,449718520432.0998,457619562196.81213,1001.1873073057608,2207.21753768628,2002 Q2
Coal,2002,3,24,5591430864.0,526797959.0969999,5485212970.0,531133932749.70026,521261610534.60016,531133932749.70026,521261610534.60016,530708982833.0834,1007.424143675096,2220.9672671461167,2002 Q3
Coal,2002,4,33,5109615378.0,485907557.49400014,5006850128.0,485564531530.40027,475993971676.40015,485564531530.40027,475993971676.40015,483535173945.105,995.1176236872495,2193.8363131809106,2002 Q4
Coal,2003,1,6,5111176875.0,491682298.75100017,5036841310.0,485505942720.0001,478536002333.69995,485505942720.0001,478536002333.69995,492120523123.21643,1000.891275470623,2206.5649059025354,2003 Q1
Coal,2003,2,15,4749633913.0,453235414.58899975,4684527775.0,451364036783.09955,445256167014.2995,451364036783.09955,445256167014.2995,454205814094.8222,1002.1410496059812,2209.320157961346,2003 Q2
Coal,2003,3,24,5579356312.0,530774905.886,5510609996.0,530094244766.00073,523646955496.10046,530094244766.00073,523646955496.10046,534961307081.62067,1007.8873382090898,2221.9884258157595,2003 Q3
Coal,2003,4,33,5134903675.0,492177990.22099984,5069173776.0,488108420362.49994,481949370229.2,488108420362.49994,481949370229.2,492726490938.0901,1001.1144356878777,2207.0568849174956,2003 Q4
Coal,2004,1,6,5218042282.91,495440803.05393004,5071498107.049997,495782907984.7799,482038566768.22186,495782907984.7799,482038566768.22186,488200774411.3796,985.3866928240014,2172.3835029997936,2004 Q1
Coal,2004,2,15,4926159317.340001,465150126.5482695,4793230470.010002,468174106720.05945,455703358302.6665,468174106720.05945,455703358302.6665,458666598852.7877,986.0614297934433,2173.871028122625,2004 Q2
Coal,2004,3,24,5548286581.539998,522879227.3189101,5407120751.740001,527592947465.2798,514351581100.9287,527592947465.2798,514351581100.9287,516850595592.22296,988.4703170221558,2179.1816609070447,2004 Q3
Coal,2004,4,33,5190781120.779999,490780005.8155402,5052519460.690002,493753906203.7259,480780500172.3662,493753906203.7259,480780500172.3662,483219983446.5681,984.5959039093098,2170.6401297584644,2004 Q4
Coal,2005,1,6,5234094254.419999,496242304.4387303,5100873732.639999,497744657725.0298,485251176003.33997,497744657725.0298,485251176003.33997,484950399086.6383,977.2451779078699,2154.43471921569,2005 Q1
Coal,2005,2,15,4978196652.71,471484115.74264026,4855182344.629998,473333208829.5238,461802968851.96796,473333208829.5238,461802968851.96796,459836668898.5846,975.2962052057477,2150.1380139965913,2005 Q2
Coal,2005,3,24,5811470685.0,545166479.8694696,5680766058.969999,552302815103.8154,540047537697.3226,552302815103.8154,540047537697.3226,538184100041.381,987.1922062600759,2176.3639379209635,2005 Q3
Coal,2005,4,33,5285355720.320002,499094887.80188966,5154043410.080002,502408611479.1444,490096102465.7482,502408611479.1444,490096102465.7482,487435323122.23505,976.6385812305039,2153.097416180769,2005 Q4
Coal,2006,1,6,5161816348.999999,489171299.1687401,5024644486.460002,490602456469.6863,477737741140.5991,490602456469.6863,477737741140.5991,477004123096.9269,975.1269624925069,2149.764901510981,2006 Q1
Coal,2006,2,15,4955806848.53,468123910.2113098,4828008418.97,471014551547.8139,459029710218.08386,471014551547.8139,459029710218.08386,455776027893.8889,973.622619891714,2146.4484278132727,2006 Q2
Coal,2006,3,24,5727905220.009999,538859704.6654298,5593516243.720001,544602792326.652,531997658983.63184,544602792326.652,531997658983.63184,530889360830.1598,985.2088702007906,2171.991475244663,2006 Q3
Coal,2006,4,33,5214202364.72,494332121.48325014,5081000303.019998,495885037603.63965,483391107548.96313,495885037603.63965,483391107548.96313,481331984506.9965,973.7016139326602,2146.622578075943,2006 Q4
Coal,2007,1,6,5272308686.0,499153324.13,5132608722.0,501145316292.7003,488039223279.99976,501145316292.7003,488039223279.99976,485309988317.66876,972.2663655772312,2143.458429551564,2007 Q1
Coal,2007,2,15,5052294697.0,477275706.41100025,4926583431.0,480192120272.3,468398837636.2999,480192120272.3,468398837636.2999,468081096102.1063,980.735222460755,2162.1288714369807,2007 Q2
Coal,2007,3,24,5794495572.0,544579876.777,5668595013.0,550874298964.2999,539060156422.3002,550874298964.2999,539060156422.3002,537803143130.1012,987.5560336768121,2177.1660318439003,2007 Q3
Coal,2007,4,33,5244489003.0,495446676.20499986,5114083709.0,498643143018.6,486403647938.7998,498643143018.6,486403647938.7998,484452214737.5696,977.8089913698783,2155.6777023740337,2007 Q4
Coal,2008,1,6,5389915261.0,510285102.13499975,5255439755.0,512414673398.9,499792301206.7001,512414673398.9,499792301206.7001,496691305824.50085,973.3603896064703,2145.8703149264247,2008 Q1
Coal,2008,2,15,5020751839.0,472942204.2920003,4898858063.0,477491441834.00037,466052427869.60004,477491441834.00037,466052427869.60004,465035686613.65063,983.2822750716743,2167.7441036230134,2008 Q2
Coal,2008,3,24,5628721248.0,528666296.6029999,5504185008.0,535641123970.99994,523951247586.1996,535641123970.99994,523951247586.1996,524120754613.4369,991.4018691587285,2185.644560747333,2008 Q3
Coal,2008,4,33,5012317819.0,473907643.6289999,4890127226.0,477286184020.6996,465811514134.9999,477286184020.6996,465811514134.9999,463963559528.3577,979.0168311604045,2158.340505976228,2008 Q4
Coal,2009,1,6,4758259172.0,448371262.8889999,4631994168.0,453190546902.6002,441327290073.59985,453190546902.6002,441327290073.59985,439319594848.36316,979.8121137775113,2160.0937860339013,2009 Q1
Coal,2009,2,15,4335292529.0,405694801.74999964,4228590273.0,413071355462.80005,403041168604.59985,413071355462.80005,403041168604.59985,401601047473.0488,989.9092759895073,2182.353989846468,2009 Q2
Coal,2009,3,24,4893771787.0,458639000.17599964,4781494730.0,466371141538.2999,455813358564.99994,466371141538.2999,455813358564.99994,455576701769.09656,993.3230745625035,2189.8800501804953,2009 Q3
Coal,2009,4,33,4715960567.0,443199188.14,4598531363.0,449546642033.60016,438504174458.6002,449546642033.60016,438504174458.6002,435724335104.82385,983.1343259753108,2167.4179350451705,2009 Q4
Coal,2010,1,6,4997831729.0,470769953.19500035,4870900593.0,475732179418.1002,463801834781.0002,475732179418.1002,463801834781.0002,460946156298.5514,979.1324895954441,2158.595486562116,2010 Q1
Coal,2010,2,15,4654206198.0,435715867.85099995,4529106574.0,443039114105.00024,431287570425.8004,443039114105.00024,431287570425.8004,431326821415.8825,989.926815250579,2182.3926569014266,2010 Q2
Coal,2010,3,24,5411555885.0,506091490.86100054,5292689789.0,515282264930.19946,504100793583.09985,515282264930.19946,504100793583.09985,505560907306.82996,998.9516054631389,2202.288709404036,2010 Q3
Coal,2010,4,33,4623652335.0,434712966.5999997,4503617990.0,440716361831.90027,429424455383.3003,440716361831.90027,429424455383.3003,430955320912.3319,991.356030354794,2185.543504520179,2010 Q4
Coal,2011,1,6,4724053629.0,443841155.53100014,4594424372.0,450070634979.80005,437872163912.1998,450070634979.80005,437872163912.1998,440404776034.8995,992.2576366493336,2187.531185757121,2011 Q1
Coal,2011,2,15,4486930108.0,419190221.0439999,4370940424.0,427365180287.1999,416442422659.9,427365180287.1999,416442422659.9,418577780451.9749,998.5389912233646,2201.3790600510297,2011 Q2
Coal,2011,3,24,5233282932.0,488656100.4039998,5114370804.0,498643373694.2001,487452449270.40045,498643373694.2001,487452449270.40045,491237076196.6926,1005.2817836317995,2216.244220194665,2011 Q3
Coal,2011,4,33,4102445131.0,380978249.277,3987154974.0,391689929064.1001,380831179376.6001,391689929064.1001,380831179376.6001,380413337556.34644,998.5172074213538,2201.3310354811165,2011 Q4
Coal,2012,1,6,3763163599.0,348344785.75100017,3647162069.0,359068290192.9997,348129563565.30005,359068290192.9997,348129563565.30005,347798565206.40955,998.4319542966231,2201.1430864423355,2012 Q1
Coal,2012,2,15,3701930945.0,343378477.00699985,3605977338.0,352805560649.8998,343771540948.8999,352805560649.8998,343771540948.8999,344775634365.1489,1004.0688553642825,2213.5701985360975,2012 Q2
Coal,2012,3,24,4712600936.0,438022664.92800033,4610868303.0,449329115385.3,439749368385.2999,449329115385.3,439749368385.2999,441526320937.4725,1007.9988007242686,2222.2341560767227,2012 Q3
Coal,2012,4,33,4100968769.0,383623175.47599995,3997159619.0,391392764488.29987,381613081365.49994,391392764488.29987,381613081365.49994,380144632562.55493,990.932396331038,2184.6095609514064,2012 Q4
Coal,2013,1,6,4186619966.0,392285186.27599996,4080459162.0,399242516200.5001,389245864835.8003,399242516200.5001,389245864835.8003,388135211758.62256,989.4210266852707,2181.277595430348,2013 Q1
Coal,2013,2,15,3960133972.0,369630398.5669998,3864975305.0,377587291031.5,368629754671.2001,377587291031.5,368629754671.2001,368386004112.3329,996.6334087794423,2197.1780129951585,2013 Q2
Coal,2013,3,24,4659393043.0,435403342.8950002,4562472653.0,444500545755.4997,435375278052.89984,444500545755.4997,435375278052.89984,437155852604.6443,1004.0250258484274,2213.473571985443,2013 Q3
Coal,2013,4,33,4104255214.0,383779140.671,4001386612.0,391687765654.3002,382000223235.2001,391687765654.3002,382000223235.2001,381381617097.3712,993.7528559539819,2190.8275462361485,2013 Q4
Coal,2014,1,6,4638959255.0,436827357.68900025,4527523265.0,441760019281.8999,431257478927.2999,441760019281.8999,431257478927.2999,429072374160.8089,982.2470287364362,2165.461799552347,2014 Q1
Coal,2014,2,15,3898630526.0,365623613.53199995,3806636232.0,371318279493.7999,362647765470.6,371318279493.7999,362647765470.6,364321221677.0602,996.4378891112683,2196.7469703347024,2014 Q2
Coal,2014,3,24,4530746544.0,424186554.1390002,4438254283.0,432083373108.1998,423371774103.1,432083373108.1998,423371774103.1,425921170029.5719,1004.089275988704,2213.615217844697,2014 Q3
Coal,2014,4,33,3787003950.0,354346124.7660001,3692301595.0,361234346400.5,352305368598.60004,361234346400.5,352305368598.60004,352206212799.3798,993.9609556389719,2191.2863228016777,2014 Q4
Coal,2015,1,6,3883920972.0,363933817.51199996,3784175635.0,370065012490.3998,360661605287.09985,370065012490.3998,360661605287.09985,365674019086.98193,1004.7816429560702,2215.1416100609526,2015 Q1
Coal,2015,2,15,3429377136.0,319085490.35499996,3344424795.0,327200777787.2002,319181775884.4,327200777787.2002,319181775884.4,322735747461.5082,1011.4397464530497,2229.8200650303934,2015 Q2
Coal,2015,3,24,4195660407.0,391040595.50699997,4108572067.0,400460302298.6998,392235942053.7998,400460302298.6998,392235942053.7998,398401820734.05396,1018.8247085127053,2246.1009523871103,2015 Q3
Coal,2015,4,33,2957403229.0,272694667.3230001,2873442512.0,282550743803.30005,274625965823.3,282550743803.30005,274625965823.3,278961342828.6202,1022.9805575852988,2255.26293725255,2015 Q4
Coal,2016,1,6,3020159020.0,278335920.855,2925055009.0,286601254996.0,277603652061.30005,286601254996.0,277603652061.30005,279978346790.037,1005.9008766457155,2217.6090726531443,2016 Q1
Coal,2016,2,15,2916528077.0,269841225.30300003,2836636119.0,276862757781.40015,269305166609.89996,276862757781.40015,269305166609.89996,272350141612.49704,1009.2977502109983,2225.097820115167,2016 Q2
Coal,2016,3,24,4126185143.0,386088196.1840002,4040892115.0,392032562000.0,383956743783.3999,392032562000.0,383956743783.3999,389477416775.33435,1008.7783584808662,2223.952769106918,2016 Q3
Coal,2016,4,33,3259408660.0,304881015.97799987,3177327695.0,309992103501.89984,302212203096.19995,309992103501.89984,302212203096.19995,304152608961.77374,997.6108482389776,2199.33287602765,2016 Q4
Coal,2017,1,6,3066702347.0,288203428.67399997,3002536274.0,291411324665.7001,285343729945.2001,291411324665.7001,285343729945.2001,304908540054.92993,1057.9629168805825,2332.385046554932,2017 Q1
Coal,2017,2,15,2972481565.0,279139810.53400004,2915407112.0,282261462355.9999,276864110310.3999,282261462355.9999,276864110310.3999,299469829656.2513,1072.8309555106437,2365.163124518765,2017 Q2
Coal,2017,3,24,3621799182.0,340948209.173,3564349568.0,344479105287.60004,339052556914.4,344479105287.60004,339052556914.4,370543770780.7796,1086.8036869281884,2395.967408201884,2017 Q3
Coal,2017,4,33,3030330888.0,284566430.5329999,2969107192.0,288311269304.80005,282527001489.1,288311269304.80005,282527001489.1,304309190352.84503,1069.3783865611501,2357.551591012712,2017 Q4
Hydro,2001,1,6,654349735.9599994,54730900.84100005,654349735.9599994,0.0,0.0,0.0,0.0,0.0,0.0,0.0,2001 Q1
Hydro,2001,2,15,677841276.7700002,55772363.06800002,677841276.7700002,0.0,0.0,0.0,0.0,0.0,0.0,0.0,2001 Q2
Hydro,2001,3,24,631558970.0600004,49900734.92900003,631558970.0600004,0.0,0.0,0.0,0.0,0.0,0.0,0.0,2001 Q3
Hydro,2001,4,33,578026119.2400005,48030286.942999974,578026119.2400005,0.0,0.0,0.0,0.0,0.0,0.0,0.0,2001 Q4
Hydro,2002,1,6,687419821.21,60759409.03599998,687419821.21,0.0,0.0,0.0,0.0,0.0,0.0,0.0,2002 Q1
Hydro,2002,2,15,868168431.4600008,76839210.44700003,868168431.4600008,0.0,0.0,0.0,0.0,0.0,0.0,0.0,2002 Q2
Hydro,2002,3,24,722224559.5699999,60805764.48099997,722224559.5699999,0.0,0.0,0.0,0.0,0.0,0.0,0.0,2002 Q3
Hydro,2002,4,33,653609418.4499996,56420452.61599998,653609418.4499996,0.0,0.0,0.0,0.0,0.0,0.0,0.0,2002 Q4
Hydro,2003,1,6,661819012.6600001,62192673.05800004,661819012.6600001,0.0,0.0,0.0,0.0,0.0,0.0,0.0,2003 Q1
Hydro,2003,2,15,849699992.7200005,80765531.57799998,849699992.7200005,0.0,0.0,0.0,0.0,0.0,0.0,0.0,2003 Q2
Hydro,2003,3,24,681145888.3099997,63924409.25799996,681145888.3099997,0.0,0.0,0.0,0.0,0.0,0.0,0.0,2003 Q3
Hydro,2003,4,33,636262340.4899995,60059917.15799996,636262340.4899995,0.0,0.0,0.0,0.0,0.0,0.0,0.0,2003 Q4
Hydro,2004,1,6,668412824.9899998,64464171.285000004,668412824.9899998,0.0,0.0,0.0,0.0,0.0,0.0,0.0,2004 Q1
Hydro,2004,2,15,704154054.52,67829545.34199998,704154054.52,0.0,0.0,0.0,0.0,0.0,0.0,0.0,2004 Q2
Hydro,2004,3,24,655266885.8899999,62978033.688999996,655266885.8899999,0.0,0.0,0.0,0.0,0.0,0.0,0.0,2004 Q3
Hydro,2004,4,33,661237242.1600003,63796180.09700001,661237242.1600003,0.0,0.0,0.0,0.0,0.0,0.0,0.0,2004 Q4
Hydro,2005,1,6,691760143.3900001,67165152.65800004,691760143.3900001,0.0,0.0,0.0,0.0,0.0,0.0,0.0,2005 Q1
Hydro,2005,2,15,777605193.8799996,75875078.36200002,777605193.8799996,0.0,0.0,0.0,0.0,0.0,0.0,0.0,2005 Q2
Hydro,2005,3,24,654205396.7300001,62944304.24300009,654205396.7300001,0.0,0.0,0.0,0.0,0.0,0.0,0.0,2005 Q3
Hydro,2005,4,33,597305231.8600001,57639588.03600004,597305231.8600001,0.0,0.0,0.0,0.0,0.0,0.0,0.0,2005 Q4
Hydro,2006,1,6,764801588.0,75406565.789,764801588.0,0.0,0.0,0.0,0.0,0.0,0.0,0.0,2006 Q1
Hydro,2006,2,15,889854189.0,87674208.84100002,889854189.0,0.0,0.0,0.0,0.0,0.0,0.0,0.0,2006 Q2
Hydro,2006,3,24,642792522.0,62406141.37100004,642792522.0,0.0,0.0,0.0,0.0,0.0,0.0,0.0,2006 Q3
Hydro,2006,4,33,586170943.0,57194694.40399993,586170943.0,0.0,0.0,0.0,0.0,0.0,0.0,0.0,2006 Q4
Hydro,2007,1,6,679770110.0,67298102.732,679770110.0,0.0,0.0,0.0,0.0,0.0,0.0,0.0,2007 Q1
Hydro,2007,2,15,719102163.0,71310660.55900009,719102163.0,0.0,0.0,0.0,0.0,0.0,0.0,0.0,2007 Q2
Hydro,2007,3,24,564977809.0,55172041.74500007,564977809.0,0.0,0.0,0.0,0.0,0.0,0.0,0.0,2007 Q3
Hydro,2007,4,33,482538494.0,46832817.27099998,482538494.0,0.0,0.0,0.0,0.0,0.0,0.0,0.0,2007 Q4
Hydro,2008,1,6,603094078.0,59452917.832,603094078.0,0.0,0.0,0.0,0.0,0.0,0.0,0.0,2008 Q1
Hydro,2008,2,15,775313553.0,77540955.22699991,775313553.0,0.0,0.0,0.0,0.0,0.0,0.0,0.0,2008 Q2
Hydro,2008,3,24,620436101.0,60997076.210000016,620436101.0,0.0,0.0,0.0,0.0,0.0,0.0,0.0,2008 Q3
Hydro,2008,4,33,512411739.0,50514428.500999965,512411739.0,0.0,0.0,0.0,0.0,0.0,0.0,0.0,2008 Q4
Hydro,2009,1,6,616122537.0,61896458.53100002,616122537.0,0.0,0.0,0.0,0.0,0.0,0.0,0.0,2009 Q1
Hydro,2009,2,15,825299664.0,83710675.74600004,825299664.0,0.0,0.0,0.0,0.0,0.0,0.0,0.0,2009 Q2
Hydro,2009,3,24,588756015.0,58868960.72100004,588756015.0,0.0,0.0,0.0,0.0,0.0,0.0,0.0,2009 Q3
Hydro,2009,4,33,638613948.0,64327378.05200006,638613948.0,0.0,0.0,0.0,0.0,0.0,0.0,0.0,2009 Q4
Hydro,2010,1,6,623030298.0,62616429.062000036,623030298.0,0.0,0.0,0.0,0.0,0.0,0.0,0.0,2010 Q1
Hydro,2010,2,15,722214358.0,72777946.26799996,722214358.0,0.0,0.0,0.0,0.0,0.0,0.0,0.0,2010 Q2
Hydro,2010,3,24,603903156.0,60319334.61300002,603903156.0,0.0,0.0,0.0,0.0,0.0,0.0,0.0,2010 Q3
Hydro,2010,4,33,589474462.0,58976374.017000005,589474462.0,0.0,0.0,0.0,0.0,0.0,0.0,0.0,2010 Q4
Hydro,2011,1,6,784338628.0,79303982.47100002,784338628.0,0.0,0.0,0.0,0.0,0.0,0.0,0.0,2011 Q1
Hydro,2011,2,15,931318282.0,94403059.24900003,931318282.0,0.0,0.0,0.0,0.0,0.0,0.0,0.0,2011 Q2
Hydro,2011,3,24,761327423.0,76372175.63699995,761327423.0,0.0,0.0,0.0,0.0,0.0,0.0,0.0,2011 Q3
Hydro,2011,4,33,623470703.0,62577528.13299999,623470703.0,0.0,0.0,0.0,0.0,0.0,0.0,0.0,2011 Q4
Hydro,2012,1,6,658993350.0,68382597.68899995,658993350.0,0.0,0.0,0.0,0.0,0.0,0.0,0.0,2012 Q1
Hydro,2012,2,15,776108839.0,80413610.227,776108839.0,0.0,0.0,0.0,0.0,0.0,0.0,0.0,2012 Q2
Hydro,2012,3,24,638576416.0,65525840.987999976,638576416.0,0.0,0.0,0.0,0.0,0.0,0.0,0.0,2012 Q3
Hydro,2012,4,33,553978575.0,56848156.166,553978575.0,0.0,0.0,0.0,0.0,0.0,0.0,0.0,2012 Q4
Hydro,2013,1,6,627564100.0,64526976.684,627564100.0,0.0,0.0,0.0,0.0,0.0,0.0,0.0,2013 Q1
Hydro,2013,2,15,772088294.0,79936838.19300002,772088294.0,0.0,0.0,0.0,0.0,0.0,0.0,0.0,2013 Q2
Hydro,2013,3,24,628200727.0,64597024.639000006,628200727.0,0.0,0.0,0.0,0.0,0.0,0.0,0.0,2013 Q3
Hydro,2013,4,33,534290094.0,54789980.644000016,534290094.0,0.0,0.0,0.0,0.0,0.0,0.0,0.0,2013 Q4
Hydro,2014,1,6,601803017.0,62121769.21599996,601803017.0,0.0,0.0,0.0,0.0,0.0,0.0,0.0,2014 Q1
Hydro,2014,2,15,739164570.0,76092644.70199992,739164570.0,0.0,0.0,0.0,0.0,0.0,0.0,0.0,2014 Q2
Hydro,2014,3,24,572823588.0,58306768.797999956,572823588.0,0.0,0.0,0.0,0.0,0.0,0.0,0.0,2014 Q3
Hydro,2014,4,33,552606936.0,56604461.664000064,552606936.0,0.0,0.0,0.0,0.0,0.0,0.0,0.0,2014 Q4
Hydro,2015,1,6,658894712.0,69286056.02199994,658894712.0,0.0,0.0,0.0,0.0,0.0,0.0,0.0,2015 Q1
Hydro,2015,2,15,586853646.0,61988780.71199997,586853646.0,0.0,0.0,0.0,0.0,0.0,0.0,0.0,2015 Q2
Hydro,2015,3,24,523997420.0,54544398.99800004,523997420.0,0.0,0.0,0.0,0.0,0.0,0.0,0.0,2015 Q3
Hydro,2015,4,33,551074650.0,58121110.90799998,551074650.0,0.0,0.0,0.0,0.0,0.0,0.0,0.0,2015 Q4
Hydro,2016,1,6,712207007.0,76049052.00599992,712207007.0,0.0,0.0,0.0,0.0,0.0,0.0,0.0,2016 Q1
Hydro,2016,2,15,688721808.0,73331379.59399998,688721808.0,0.0,0.0,0.0,0.0,0.0,0.0,0.0,2016 Q2
Hydro,2016,3,24,529849472.0,54991242.09700001,529849472.0,0.0,0.0,0.0,0.0,0.0,0.0,0.0,2016 Q3
Hydro,2016,4,33,541697518.0,56754352.38300004,541697518.0,0.0,0.0,0.0,0.0,0.0,0.0,0.0,2016 Q4
Hydro,2017,1,6,415270470.0,43517296.15,415270470.0,0.0,0.0,0.0,0.0,0.0,0.0,0.0,2017 Q1
Hydro,2017,2,15,467345062.0,49192885.71000001,467345062.0,0.0,0.0,0.0,0.0,0.0,0.0,0.0,2017 Q2
Hydro,2017,3,24,331819354.0,33938496.089999996,331819354.0,0.0,0.0,0.0,0.0,0.0,0.0,0.0,2017 Q3
Hydro,2017,4,33,295373291.0,30396770.64,295373291.0,0.0,0.0,0.0,0.0,0.0,0.0,0.0,2017 Q4
Natural Gas,2001,1,6,1346206963.0,121877498.15799998,1132192968.0,71443203526.40999,60098450058.36,71443203526.40999,60098450058.36,61652315403.98772,505.8547831697585,1115.2074549760496,2001 Q1
Natural Gas,2001,2,15,1641535837.0,151028323.46999994,1438863293.0,87116306869.58997,76360474959.50998,87116306869.58997,76360474959.50998,78121330420.38531,517.2627797586804,1140.3575242559868,2001 Q2
Natural Gas,2001,3,24,2203645762.0,207065761.47200003,1977601868.0,116947480589.34009,104951331134.76004,116947480589.34009,104951331134.76004,106963374166.0432,516.5671688339796,1138.8239804113916,2001 Q3
Natural Gas,2001,4,33,1541293370.0,145077112.91699994,1315957942.0,81796439145.89995,69837887981.93999,81796439145.89995,69837887981.93999,70674426330.56915,487.15076354602326,1073.9725733135629,2001 Q4
Natural Gas,2002,1,6,1474694066.0,141511655.04200011,1254458477.0,78262014082.62,66651717068.28,78262014082.62,66651717068.28,67712462885.33026,478.4938941264835,1054.8876389912455,2002 Q1
Natural Gas,2002,2,15,1695213485.0,162501786.57999992,1484517179.0,89964979648.95001,78863950368.18002,89964979648.95001,78863950368.18002,80246180464.03545,493.81721981579636,1088.6694428059047,2002 Q2
Natural Gas,2002,3,24,2375278460.0,232821286.06799996,2152224669.0,126056027872.19978,114312796876.25986,126056027872.19978,114312796876.25986,116368452994.74902,499.8187878781898,1101.9004997562574,2002 Q3
Natural Gas,2002,4,33,1472654527.0,142578690.91499996,1255288568.0,78153775747.89001,66695694797.459946,78153775747.89001,66695694797.459946,67760081454.47754,475.2469041455398,1047.729324879257,2002 Q4
Natural Gas,2003,1,6,1290551140.0,133225645.75699997,1146332352.0,68489548999.80003,60837297709.73999,68489548999.80003,60837297709.73999,62556482743.65073,469.5528581467872,1035.176231070407,2003 Q1
Natural Gas,2003,2,15,1404951192.0,142890384.63300008,1270224583.0,74560759759.44002,67410818619.810005,74560759759.44002,67410818619.810005,68775528066.9375,481.3166977160898,1061.1107917848915,2003 Q2
Natural Gas,2003,3,24,2021539453.0,211999704.068,1876512688.0,107283098770.71014,99586528352.16005,107283098770.71014,99586528352.16005,101756580554.52968,479.9845405533714,1058.1739181039627,2003 Q3
Natural Gas,2003,4,33,1297016480.0,133953634.06100005,1158937571.0,68832664593.6,61504821775.41,68832664593.6,61504821775.41,62918696968.5076,469.7050394307001,1035.5117299289216,2003 Q4
Natural Gas,2004,1,6,1433702471.44,146009544.12288994,1173550618.7600002,76086590159.32079,62280331337.5932,76086590159.32079,62280331337.5932,63071894217.77678,431.97103721310083,952.3233486400021,2004 Q1
Natural Gas,2004,2,15,1703798806.5700002,175345607.42311004,1439438979.9199991,90420602664.66992,76391026664.35439,90420602664.66992,76391026664.35439,76895433318.48804,438.53641074075426,966.797371119067,2004 Q2
Natural Gas,2004,3,24,2121215576.2999988,221880401.53233007,1837213798.6400003,112572910634.24095,97500936293.82477,112572910634.24095,97500936293.82477,97982379383.79784,441.59997326091406,973.5513010510111,2004 Q3
Natural Gas,2004,4,33,1517260725.2500007,155279535.55505997,1253284870.37,80521026689.01753,66511828070.53592,80521026689.01753,66511828070.53592,66842111163.44612,430.4631059367436,948.998963348145,2004 Q4
Natural Gas,2005,1,6,1413654001.0099983,147773413.39229003,1170250602.8199992,75022617833.60071,62105199491.65741,75022617833.60071,62105199491.65741,62063330789.560455,419.9898301381361,925.9095795225348,2005 Q1
Natural Gas,2005,2,15,1736199994.3200006,182067569.97931993,1494059743.600001,92140133698.5625,79289750592.85205,92140133698.5625,79289750592.85205,78990268831.83084,433.85139286915796,956.4687807193457,2005 Q2
Natural Gas,2005,3,24,2534671246.759997,270429422.0659299,2254179530.3599977,134515003065.55315,119629307676.20508,134515003065.55315,119629307676.20508,119218553610.49695,440.8490492629601,971.8958140051218,2005 Q3
Natural Gas,2005,4,33,1501129993.5399995,158874984.10830986,1277598651.77,79664968757.16783,67802160449.433945,79664968757.16783,67802160449.433945,67428977388.83931,424.4153210606834,935.6660168103828,2005 Q4
Natural Gas,2006,1,6,1390468368.8400006,146132235.52905995,1159931870.2500002,73792156334.33884,61557584354.16753,73792156334.33884,61557584354.16753,61446950540.157974,420.4886780640442,927.009339659992,2006 Q1
Natural Gas,2006,2,15,1897221465.7700005,202730668.7029699,1662523663.8999996,100685543188.41394,88230130843.1731,100685543188.41394,88230130843.1731,87622340452.92398,432.21058270815223,952.8514506383924,2006 Q2
Natural Gas,2006,3,24,2642159844.640001,287274707.2167901,2381062534.8500004,140219422955.04477,126362988724.48965,140219422955.04477,126362988724.48965,126113088502.08052,438.9982317757966,967.8155017729213,2006 Q3
Natural Gas,2006,4,33,1680704602.7000003,180088279.01351994,1438465166.9599996,89194993265.289,76339346410.56721,89194993265.289,76339346410.56721,76006180181.50296,422.0495670115037,930.4504754335611,2006 Q4
Natural Gas,2007,1,6,1604909777.0,175280596.24099997,1388880466.0,85172561865.38995,73707886330.61996,85172561865.38995,73707886330.61996,73295876427.53421,418.16309391575163,921.8823568466661,2007 Q1
Natural Gas,2007,2,15,1904185356.0,207939943.019,1693211128.0,101055116842.92001,89858714562.96002,101055116842.92001,89858714562.96002,89808615442.92297,431.89689358872687,952.1598916057073,2007 Q2
Natural Gas,2007,3,24,2788856704.0,307309540.54599965,2548212311.0,148004625281.28012,135233627344.77003,148004625281.28012,135233627344.77003,134913785386.31941,439.0159353550068,967.854531083648,2007 Q3
Natural Gas,2007,4,33,1876340037.0,205424089.925,1650219066.0,99577365763.5899,87577125832.61996,99577365763.5899,87577125832.61996,87267249668.35074,424.8150725662792,936.5473089796192,2007 Q4
Natural Gas,2008,1,6,1738244183.0,194812492.74499995,1531711506.0,92248618791.81003,81287929623.42007,92248618791.81003,81287929623.42007,80786880830.84705,414.6904528170744,914.2265722805223,2008 Q1
Natural Gas,2008,2,15,1910271419.0,209936521.7000001,1710964482.0,101378104206.32994,90800885059.74004,101378104206.32994,90800885059.74004,90605940118.19601,431.5873168922564,951.4773988206686,2008 Q2
Natural Gas,2008,3,24,2480458484.0,279130401.51099986,2272296141.0,131637931745.87993,120590756202.87004,131637931745.87993,120590756202.87004,120632614060.62225,432.17296793043306,952.7685250994327,2008 Q3
Natural Gas,2008,4,33,1771860889.0,199090551.09199998,1572068742.0,94032657379.22993,83429688137.93997,94032657379.22993,83429688137.93997,83130268156.162,417.5500429337172,920.5308246516729,2008 Q4
Natural Gas,2009,1,6,1734951932.0,196731709.83900005,1533518074.0,92073899031.24,81383804187.17996,92073899031.24,81383804187.17996,81044877878.19412,411.95635388173605,908.1989777676754,2009 Q1
Natural Gas,2009,2,15,1906442815.0,213509501.78199992,1709030093.0,101174920192.04994,90698227035.51006,101174920192.04994,90698227035.51006,90378710890.954,423.30065002555983,933.2086130463492,2009 Q2
Natural Gas,2009,3,24,2665150602.0,303260004.40900016,2440189019.0,141439542448.14,129500831238.32999,141439542448.14,129500831238.32999,129432802066.75697,426.8047226306631,940.9336915115599,2009 Q3
Natural Gas,2009,4,33,1831839757.0,207477464.4860001,1618784974.0,97215735903.98999,85908918570.18002,97215735903.98999,85908918570.18002,85393947677.2301,411.58179703411696,907.3732297414143,2009 Q4
Natural Gas,2010,1,6,1791419592.0,203609259.97000003,1584113733.0,95070637747.44003,84068915810.31003,95070637747.44003,84068915810.31003,83552258609.93085,410.3558876558046,904.670589925987,2010 Q1
Natural Gas,2010,2,15,2038574171.0,230092949.4920001,1844110119.0,108187131254.96994,97866924015.32991,108187131254.96994,97866924015.32991,97901522590.43517,425.48684262852225,938.0282932588402,2010 Q2
Natural Gas,2010,3,24,2893782441.0,328420874.5379998,2674082570.0,153573034143.87,141913561989.89996,153573034143.87,141913561989.89996,142316225378.25986,433.33489559231174,955.3301108228105,2010 Q3
Natural Gas,2010,4,33,1950947893.0,224376417.14899993,1740666332.0,103536804681.51001,92377162239.24,103536804681.51001,92377162239.24,92736618768.55399,413.3082252889843,911.1793134720949,2010 Q4
Natural Gas,2011,1,6,1803045811.0,204697662.61299998,1595353241.0,95687641189.77005,84665396499.87007,95687641189.77005,84665396499.87007,85165540681.14523,416.05526704112214,917.2354417188579,2011 Q1
Natural Gas,2011,2,15,2097197117.0,234149052.86099976,1895017187.0,111298250999.19003,100568562114.08997,111298250999.19003,100568562114.08997,101095933143.92651,431.75888139911075,951.8556299324796,2011 Q2
Natural Gas,2011,3,24,2900722103.0,329175228.72900003,2670484717.0,153941322006.2099,141722623931.18994,153941322006.2099,141722623931.18994,142829616481.3453,433.9014725768827,956.5791864429957,2011 Q3
Natural Gas,2011,4,33,2058556562.0,239927249.76299995,1844985824.0,109247596745.34012,97913397679.68,109247596745.34012,97913397679.68,97806612226.93204,407.6511205940358,898.7076604616113,2011 Q4
Natural Gas,2012,1,6,2316555641.0,273512416.96199983,2095763033.0,122939607867.86998,111222144161.31006,122939607867.86998,111222144161.31006,111127350714.09052,406.29727874303376,895.7229807168923,2012 Q1
Natural Gas,2012,2,15,2777454123.0,317704083.6870001,2552378133.0,147399490307.60983,135454707518.30997,147399490307.60983,135454707518.30997,135818337250.62613,427.4995010276086,942.465399965466,2012 Q2
Natural Gas,2012,3,24,3301996252.0,378535600.16599965,3060424316.0,175236941093.64,162416718450.12006,175236941093.64,162416718450.12006,163073729305.7989,430.80156591423895,949.7451322145313,2012 Q3
Natural Gas,2012,4,33,2208166253.0,255805079.9839999,1986893353.0,117187383046.71,105444430243.71002,117187383046.71,105444430243.71002,105071102531.94788,410.74673942565903,905.532261737808,2012 Q4
Natural Gas,2013,1,6,2161236015.0,253104710.10699993,1943791353.0,114696795316.05,103157007103.70999,114696795316.05,103157007103.70999,102862623788.57788,406.403435736509,895.9570144247077,2013 Q1
Natural Gas,2013,2,15,2273236801.0,261037272.5830001,2059636401.0,120640677029.06998,109304903801.07007,120640677029.06998,109304903801.07007,109243787633.5354,418.498808819725,922.6224739239658,2013 Q2
Natural Gas,2013,3,24,2967133214.0,343507084.23000014,2736013930.0,157465759666.97998,145200259265.09988,157465759666.97998,145200259265.09988,145792641669.64468,424.4239736611287,935.6850923333243,2013 Q3
Natural Gas,2013,4,33,2283799235.0,265380505.95800015,2055888124.0,121201225401.45013,109105982740.67998,121201225401.45013,109105982740.67998,108939863027.54764,410.5043911732867,904.9979807806279,2013 Q4
Natural Gas,2014,1,6,2141659316.0,244539382.92900002,1909550304.0,113657859900.1199,101339834633.27997,113657859900.1199,101339834633.27997,100828151141.47032,412.3186618604699,908.997721937592,2014 Q1
Natural Gas,2014,2,15,2258571477.0,262216269.54200006,2054061334.0,119862388284.38997,109009034995.37994,119862388284.38997,109009034995.37994,109508060817.53134,417.6249666308027,920.6960014342677,2014 Q2
Natural Gas,2014,3,24,2919953751.0,343533032.169,2699423119.0,154961945565.56985,143258384925.3298,154961945565.56985,143258384925.3298,144120059695.88397,419.52314974178245,924.8807359207336,2014 Q3
Natural Gas,2014,4,33,2325994387.0,272713223.2160001,2105555175.0,123440522118.08987,111741813137.24991,123440522118.08987,111741813137.24991,111718380822.84225,409.6551663516393,903.1257797388241,2014 Q4
Natural Gas,2015,1,6,2399784188.0,283905419.95699966,2167038174.0,127356546857.16002,115004715894.17996,127356546857.16002,115004715894.17996,116507768896.82951,410.3752894695557,904.7133631645826,2015 Q1
Natural Gas,2015,2,15,2661302550.0,311973468.6399998,2435179508.0,141235326328.50018,129234976489.55994,141235326328.50018,129234976489.55994,130650532824.6063,418.787319941523,923.2585255430816,2015 Q2
Natural Gas,2015,3,24,3417640002.0,400756877.05399996,3167529440.0,181374154906.13992,168100787380.7999,181374154906.13992,168100787380.7999,170744052877.92172,426.05395603707836,939.278551479343,2015 Q3
Natural Gas,2015,4,33,2697848000.0,318617715.4670001,2455596825.0,143174793360.0,130318523502.75006,143174793360.0,130318523502.75006,132373031455.72377,415.4603621512499,915.9239143986456,2015 Q4
Natural Gas,2016,1,6,2619451079.0,312244763.63399976,2321157249.0,139014268762.5299,123183815204.4299,139014268762.5299,123183815204.4299,124260458408.97385,397.95850205073975,877.3393136210609,2016 Q1
Natural Gas,2016,2,15,2908198517.0,340670575.3870001,2622647928.0,154338095297.19006,139183925538.96008,154338095297.19006,139183925538.96008,140727044465.1682,413.0883458464324,910.6945672530449,2016 Q2
Natural Gas,2016,3,24,3680688155.0,431499983.51000035,3368123953.0,195334120385.8499,178746338185.70996,195334120385.8499,178746338185.70996,181313485709.11212,420.1934939469356,926.3585767554142,2016 Q3
Natural Gas,2016,4,33,2488683434.0,293411740.1580001,2199261707.0,132074429842.37999,116714818790.49005,132074429842.37999,116714818790.49005,117488206010.8884,400.4209441231692,882.7680134139389,2016 Q4
Natural Gas,2017,1,6,1848030638.0,225869260.36699992,1648850679.0,98074985958.65994,87504505534.52997,98074985958.65994,87504505534.52997,93572857583.2119,414.27885065533746,913.319154154757,2017 Q1
Natural Gas,2017,2,15,2059654899.0,249896181.22200012,1873048984.0,109305885489.92995,99402709580.87997,109305885489.92995,99402709580.87997,107523173311.04904,430.27137423732273,948.5762716436018,2017 Q2
Natural Gas,2017,3,24,2682449669.0,329114311.977,2486692725.0,142357603933.82996,131968782915.75,142357603933.82996,131968782915.75,144230439586.16684,438.23812680697495,966.1397743586571,2017 Q3
Natural Gas,2017,4,33,2082477415.0,253883229.5349999,1881508182.0,110517076414.04996,99851639218.73999,110517076414.04996,99851639218.73999,107577152681.4368,423.726895543553,934.148313915317,2017 Q4
Nuclear,2001,1,6,2006163575.0,192120196.0,2006163575.0,0.0,0.0,0.0,0.0,0.0,0.0,0.0,2001 Q1
Nuclear,2001,2,15,1937469817.0,185538569.0,1937469817.0,0.0,0.0,0.0,0.0,0.0,0.0,0.0,2001 Q2
Nuclear,2001,3,24,2098238644.0,200933987.0,2098238644.0,0.0,0.0,0.0,0.0,0.0,0.0,0.0,2001 Q3
Nuclear,2001,4,33,1986857268.0,190233556.0,1986857268.0,0.0,0.0,0.0,0.0,0.0,0.0,0.0,2001 Q4
Nuclear,2002,1,6,2042757049.0,195624784.0,2042757049.0,0.0,0.0,0.0,0.0,0.0,0.0,0.0,2002 Q1
Nuclear,2002,2,15,1961552324.0,187841150.0,1961552324.0,0.0,0.0,0.0,0.0,0.0,0.0,0.0,2002 Q2
Nuclear,2002,3,24,2147782507.0,205679305.0,2147782507.0,0.0,0.0,0.0,0.0,0.0,0.0,0.0,2002 Q3
Nuclear,2002,4,33,1993664972.0,190918848.0,1993664972.0,0.0,0.0,0.0,0.0,0.0,0.0,0.0,2002 Q4
Nuclear,2003,1,6,1980888436.1699996,190086214.0,1980888436.1699996,0.0,0.0,0.0,0.0,0.0,0.0,0.0,2003 Q1
Nuclear,2003,2,15,1908692415.25,183158278.0,1908692415.25,0.0,0.0,0.0,0.0,0.0,0.0,0.0,2003 Q2
Nuclear,2003,3,24,2107754346.8400002,202260277.0,2107754346.8400002,0.0,0.0,0.0,0.0,0.0,0.0,0.0,2003 Q3
Nuclear,2003,4,33,1961523216.9899998,188227926.0,1961523216.9899998,0.0,0.0,0.0,0.0,0.0,0.0,0.0,2003 Q4
Nuclear,2004,1,6,2066560757.15,198193225.0,2066560757.15,0.0,0.0,0.0,0.0,0.0,0.0,0.0,2004 Q1
Nuclear,2004,2,15,1994390433.1299996,191271740.0,1994390433.1299996,0.0,0.0,0.0,0.0,0.0,0.0,0.0,2004 Q2
Nuclear,2004,3,24,2178988372.8599997,208975580.0,2178988372.8599997,0.0,0.0,0.0,0.0,0.0,0.0,0.0,2004 Q3
Nuclear,2004,4,33,1982045928.6399999,190087842.0,1982045928.6399999,0.0,0.0,0.0,0.0,0.0,0.0,0.0,2004 Q4
Nuclear,2005,1,6,2007031086.13,192313703.0,2007031086.13,0.0,0.0,0.0,0.0,0.0,0.0,0.0,2005 Q1
Nuclear,2005,2,15,1926669940.6000004,184598749.0,1926669940.6000004,0.0,0.0,0.0,0.0,0.0,0.0,0.0,2005 Q2
Nuclear,2005,3,24,2182903285.6400003,209190540.0,2182903285.6400003,0.0,0.0,0.0,0.0,0.0,0.0,0.0,2005 Q3
Nuclear,2005,4,33,2044473024.31,195883373.0,2044473024.31,0.0,0.0,0.0,0.0,0.0,0.0,0.0,2005 Q4
Nuclear,2006,1,6,2068803017.0,198248035.0,2068803017.0,0.0,0.0,0.0,0.0,0.0,0.0,0.0,2006 Q1
Nuclear,2006,2,15,1969846936.0,188734377.0,1969846936.0,0.0,0.0,0.0,0.0,0.0,0.0,0.0,2006 Q2
Nuclear,2006,3,24,2199955845.0,210844916.0,2199955845.0,0.0,0.0,0.0,0.0,0.0,0.0,0.0,2006 Q3
Nuclear,2006,4,33,1976549939.0,189391308.0,1976549939.0,0.0,0.0,0.0,0.0,0.0,0.0,0.0,2006 Q4
Nuclear,2007,1,6,2134076333.0,203536131.0,2134076333.0,0.0,0.0,0.0,0.0,0.0,0.0,0.0,2007 Q1
Nuclear,2007,2,15,2005246326.0,191249053.0,2005246326.0,0.0,0.0,0.0,0.0,0.0,0.0,0.0,2007 Q2
Nuclear,2007,3,24,2234018228.0,213068023.0,2234018228.0,0.0,0.0,0.0,0.0,0.0,0.0,0.0,2007 Q3
Nuclear,2007,4,33,2082022659.0,198571546.0,2082022659.0,0.0,0.0,0.0,0.0,0.0,0.0,0.0,2007 Q4
Nuclear,2008,1,6,2103878262.0,200581423.0,2103878262.0,0.0,0.0,0.0,0.0,0.0,0.0,0.0,2008 Q1
Nuclear,2008,2,15,2019261039.0,192477983.0,2019261039.0,0.0,0.0,0.0,0.0,0.0,0.0,0.0,2008 Q2
Nuclear,2008,3,24,2244318748.0,213989203.0,2244318748.0,0.0,0.0,0.0,0.0,0.0,0.0,0.0,2008 Q3
Nuclear,2008,4,33,2089035227.0,199159826.0,2089035227.0,0.0,0.0,0.0,0.0,0.0,0.0,0.0,2008 Q4
Nuclear,2009,1,6,2156417606.0,205570267.0,2156417606.0,0.0,0.0,0.0,0.0,0.0,0.0,0.0,2009 Q1
Nuclear,2009,2,15,2040669389.0,194538595.0,2040669389.0,0.0,0.0,0.0,0.0,0.0,0.0,0.0,2009 Q2
Nuclear,2009,3,24,2212395042.0,210945370.0,2212395042.0,0.0,0.0,0.0,0.0,0.0,0.0,0.0,2009 Q3
Nuclear,2009,4,33,1970408765.0,187800353.0,1970408765.0,0.0,0.0,0.0,0.0,0.0,0.0,0.0,2009 Q4
Nuclear,2010,1,6,2116590751.0,202449432.0,2116590751.0,0.0,0.0,0.0,0.0,0.0,0.0,0.0,2010 Q1
Nuclear,2010,2,15,2013048913.0,192570759.561,2013048913.0,0.0,0.0,0.0,0.0,0.0,0.0,0.0,2010 Q2
Nuclear,2010,3,24,2224799831.0,212858766.0,2224799831.0,0.0,0.0,0.0,0.0,0.0,0.0,0.0,2010 Q3
Nuclear,2010,4,33,2081149855.0,199089343.0,2081149855.0,0.0,0.0,0.0,0.0,0.0,0.0,0.0,2010 Q4
Nuclear,2011,1,6,2126441783.0,203193489.0,2126441783.0,0.0,0.0,0.0,0.0,0.0,0.0,0.0,2011 Q1
Nuclear,2011,2,15,1851389921.0,176830386.0,1851389921.0,0.0,0.0,0.0,0.0,0.0,0.0,0.0,2011 Q2
Nuclear,2011,3,24,2203053039.0,210532270.0,2203053039.0,0.0,0.0,0.0,0.0,0.0,0.0,0.0,2011 Q3
Nuclear,2011,4,33,2089225838.0,199648222.0,2089225838.0,0.0,0.0,0.0,0.0,0.0,0.0,0.0,2011 Q4
Nuclear,2012,1,6,2075266657.0,197956822.0,2075266657.0,0.0,0.0,0.0,0.0,0.0,0.0,0.0,2012 Q1
Nuclear,2012,2,15,1919640006.0,183092461.0,1919640006.0,0.0,0.0,0.0,0.0,0.0,0.0,0.0,2012 Q2
Nuclear,2012,3,24,2130562675.0,203242322.0,2130562675.0,0.0,0.0,0.0,0.0,0.0,0.0,0.0,2012 Q3
Nuclear,2012,4,33,1940353384.0,185039644.0,1940353384.0,0.0,0.0,0.0,0.0,0.0,0.0,0.0,2012 Q4
Nuclear,2013,1,6,2047026380.0,195836591.0,2047026380.0,0.0,0.0,0.0,0.0,0.0,0.0,0.0,2013 Q1
Nuclear,2013,2,15,1944787399.0,186044727.0,1944787399.0,0.0,0.0,0.0,0.0,0.0,0.0,0.0,2013 Q2
Nuclear,2013,3,24,2170144180.0,207682588.0,2170144180.0,0.0,0.0,0.0,0.0,0.0,0.0,0.0,2013 Q3
Nuclear,2013,4,33,2084343140.0,199452567.0,2084343140.0,0.0,0.0,0.0,0.0,0.0,0.0,0.0,2013 Q4
Nuclear,2014,1,6,2073130019.0,198198639.0,2073130019.0,0.0,0.0,0.0,0.0,0.0,0.0,0.0,2014 Q1
Nuclear,2014,2,15,1961301691.0,187470250.0,1961301691.0,0.0,0.0,0.0,0.0,0.0,0.0,0.0,2014 Q2
Nuclear,2014,3,24,2202724051.0,210603372.0,2202724051.0,0.0,0.0,0.0,0.0,0.0,0.0,0.0,2014 Q3
Nuclear,2014,4,33,2101252125.0,200893721.0,2101252125.0,0.0,0.0,0.0,0.0,0.0,0.0,0.0,2014 Q4
Nuclear,2015,1,6,2115780048.0,202278266.0,2115780048.0,0.0,0.0,0.0,0.0,0.0,0.0,0.0,2015 Q1
Nuclear,2015,2,15,2030533113.0,194127185.0,2030533113.0,0.0,0.0,0.0,0.0,0.0,0.0,0.0,2015 Q2
Nuclear,2015,3,24,2199462863.0,210303900.0,2199462863.0,0.0,0.0,0.0,0.0,0.0,0.0,0.0,2015 Q3
Nuclear,2015,4,33,1992352672.0,190468526.0,1992352672.0,0.0,0.0,0.0,0.0,0.0,0.0,0.0,2015 Q4
Nuclear,2016,1,6,2137076847.0,204311810.0,2137076847.0,0.0,0.0,0.0,0.0,0.0,0.0,0.0,2016 Q1
Nuclear,2016,2,15,2055003135.0,196483662.0,2055003135.0,0.0,0.0,0.0,0.0,0.0,0.0,0.0,2016 Q2
Nuclear,2016,3,24,2168332836.0,207323928.0,2168332836.0,0.0,0.0,0.0,0.0,0.0,0.0,0.0,2016 Q3
Nuclear,2016,4,33,2067051913.0,197574548.0,2067051913.0,0.0,0.0,0.0,0.0,0.0,0.0,0.0,2016 Q4
Nuclear,2017,1,6,2110609055.0,201774183.0,2110609055.0,0.0,0.0,0.0,0.0,0.0,0.0,0.0,2017 Q1
Nuclear,2017,2,15,1936421255.0,185066887.0,1936421255.0,0.0,0.0,0.0,0.0,0.0,0.0,0.0,2017 Q2
Nuclear,2017,3,24,2215550277.0,211796355.0,2215550277.0,0.0,0.0,0.0,0.0,0.0,0.0,0.0,2017 Q3
Nuclear,2017,4,33,2158029572.0,206312210.0,2158029572.0,0.0,0.0,0.0,0.0,0.0,0.0,0.0,2017 Q4
Other,2001,1,6,596458412.0,45717760.78100002,519123677.0,44847749522.44001,39114757337.28001,44847749522.44001,39114757337.28001,40121592314.16814,877.5931198021927,1934.7417919159143,2001 Q1
Other,2001,2,15,516700990.0,39151688.615000024,448006154.0,38574950206.07003,33483252395.930023,38574950206.07003,33483252395.930023,34256657310.180027,874.9726645776248,1928.9647363278316,2001 Q2
Other,2001,3,24,516355476.0,39100577.41200003,441976444.0,38435882953.97998,33179083956.88999,38435882953.97998,33179083956.88999,33816638189.88629,864.8628851068555,1906.6767165065737,2001 Q3
Other,2001,4,33,361005852.0,25325477.817,289713485.0,26162513642.17,21082517506.41999,26162513642.17,21082517506.41999,21337743235.924507,842.540598448307,1857.4650033391379,2001 Q4
Other,2002,1,6,400918614.0,27897390.96999998,325053907.0,30866766424.640003,25021896913.369995,30866766424.640003,25021896913.369995,25420533643.980488,911.2154491908211,2008.8655792860843,2002 Q1
Other,2002,2,15,436616827.0,31314007.890000008,363624451.0,33781758313.57998,28228832331.409966,33781758313.57998,28228832331.409966,28724876540.70283,917.3171521706104,2022.3173936753278,2002 Q2
Other,2002,3,24,498138454.0,36298143.62900001,424016837.0,38329652160.989975,32624199487.65999,38329652160.989975,32624199487.65999,33213207618.38881,915.0111905958044,2017.2336707875104,2002 Q3
Other,2002,4,33,436686989.0,30137395.760000005,355911249.0,33246190821.229996,27114109719.37001,33246190821.229996,27114109719.37001,27546748061.303818,914.0387670080427,2015.0898657459309,2002 Q4
Other,2003,1,6,497082841.0,39710506.20000002,446233898.0,38308769348.71997,34318453104.069977,38308769348.71997,34318453104.069977,35294015406.535065,888.7828130112089,1959.4105895645112,2003 Q1
Other,2003,2,15,436204416.0,34220598.65199999,388279273.0,33584819794.889984,29860711959.73999,33584819794.889984,29860711959.73999,30454192706.045006,889.9374618119119,1961.956128310541,2003 Q2
Other,2003,3,24,492378869.0,39898487.286,447834351.0,38315306061.95993,34843163707.81995,38315306061.95993,34843163707.81995,35603606527.27805,892.354797114602,1967.2853857188516,2003 Q3
Other,2003,4,33,397791544.0,31435092.258999992,351575119.0,31505557998.159966,27852550938.25998,31505557998.159966,27852550938.25998,28479468354.3258,905.9769292126705,1997.3167381422534,2003 Q4
Other,2004,1,6,571945322.9699999,42545569.51069002,454619965.6999996,46138230676.79743,35602105615.42168,46138230676.79743,35602105615.42168,36058395912.2354,847.524109488659,1868.4516517786976,2004 Q1
Other,2004,2,15,523775918.7599992,38652181.75570004,418661558.17999995,42425324774.28028,32810015155.182404,42425324774.28028,32810015155.182404,33023184393.25375,854.3679268087841,1883.5395314426455,2004 Q2
Other,2004,3,24,541405109.6899997,40411653.56341003,438744447.56999946,44141035695.25725,34500548602.56528,44141035695.25725,34500548602.56528,34673549341.27959,858.0086753162236,1891.5659256021468,2004 Q3
Other,2004,4,33,462597479.5599995,33045910.464669976,354400268.3899998,37636137129.93428,27617894630.572617,37636137129.93428,27617894630.572617,27761757611.470863,840.0966177388726,1852.0770034671186,2004 Q4
Other,2005,1,6,514936922.6900003,36138729.031260006,385261793.3900003,44555260584.92003,30051587449.56018,44555260584.92003,30051587449.56018,30038961702.837925,831.2124556692135,1832.490979768348,2005 Q1
Other,2005,2,15,466767679.8199998,33008174.38921,359787905.7199995,36830834922.778564,27500861265.030994,36830834922.778564,27500861265.030994,27393815645.443344,829.9100496269212,1829.6196954075108,2005 Q2
Other,2005,3,24,643844013.46,48941770.93051996,533468288.67000014,50755412969.00266,41124926428.90547,50755412969.00266,41124926428.90547,40981794432.95189,837.35822496353,1846.0399427545983,2005 Q3
Other,2005,4,33,522669424.1399999,38181868.606719986,414613311.02,42044534655.7198,32122871038.656204,42044534655.7198,32122871038.656204,31940755594.084282,836.5424941110066,1844.2415825171252,2005 Q4
Other,2006,1,6,334175918.7700001,21741413.114790022,222507275.25000003,30599081497.166008,19815060104.637375,30599081497.166008,19815060104.637375,19788621293.08321,910.181007490337,2006.585049113197,2006 Q1
Other,2006,2,15,328617623.71999997,21778322.94259,223031576.12999997,30122005573.82371,19920022706.996506,30122005573.82371,19920022706.996506,19778103920.83928,908.155507335275,2002.1196314713475,2006 Q2
Other,2006,3,24,388648671.42999995,27024513.284330007,283289517.84000003,34833683768.96728,24679383504.235523,34833683768.96728,24679383504.235523,24625792737.74117,911.2390842583751,2008.917685156014,2006 Q3
Other,2006,4,33,320393311.30999994,20772234.232109994,216115682.4600001,28316658749.9956,18733418662.74701,28316658749.9956,18733418662.74701,18654225962.35367,898.0365691003868,1979.8114202387128,2006 Q4
Other,2007,1,6,391015028.0,26607978.21499999,279522550.0,33748746689.539932,23641136423.660034,33748746689.539932,23641136423.660034,23507032133.291904,883.4580344041339,1947.6715826473535,2007 Q1
Other,2007,2,15,334411432.0,22243555.715999983,234778733.0,29575265255.43995,20364647932.360046,29575265255.43995,20364647932.360046,20348528677.40898,914.8055705307991,2016.7803607921996,2007 Q2
Other,2007,3,24,352528253.0,24124371.754999995,255837830.0,31248765605.529953,22083592672.670055,31248765605.529953,22083592672.670055,22031603000.594616,913.2508495699319,2013.352822961872,2007 Q3
Other,2007,4,33,289038746.0,18398606.557,195000436.0,26028875434.399967,17016009514.77005,26028875434.399967,17016009514.77005,16952083101.156666,921.3786407485851,2031.2713513943308,2007 Q4
Other,2008,1,6,279212610.0,17244240.222999994,185559068.0,27500369585.480026,16273633416.97005,27500369585.480026,16273633416.97005,16173544722.674526,937.9099637630078,2067.716306111927,2008 Q1
Other,2008,2,15,269833227.0,18077684.77799999,194573826.0,25514800724.83004,16947441009.190063,25514800724.83004,16947441009.190063,16910842779.376316,935.4540134451462,2062.3019180411693,2008 Q2
Other,2008,3,24,274780481.0,18359705.280000005,199980005.0,25952936910.550003,17612512042.35007,25952936910.550003,17612512042.35007,17617895968.777916,959.5957941639633,2115.5248878138736,2008 Q3
Other,2008,4,33,239734227.0,15970896.521999985,172643167.0,20907268427.680042,14696415885.28003,20907268427.680042,14696415885.28003,14637150384.77615,916.4889625709744,2020.4915668839703,2008 Q4
Other,2009,1,6,271324682.0,17990291.157000005,191912093.0,23122166285.150024,16105948165.740028,23122166285.150024,16105948165.740028,16028909370.260178,890.9755395494722,1964.2446744907663,2009 Q1
Other,2009,2,15,233922491.0,14725170.481000032,157817010.0,19689072789.810078,13269622893.020037,19689072789.810078,13269622893.020037,13221957965.688137,897.9154423202435,1979.544384139209,2009 Q2
Other,2009,3,24,250456978.0,15945439.467000002,170329247.0,21697769449.64007,14750386792.160067,21697769449.64007,14750386792.160067,14742706417.961052,924.5719723480764,2038.3113702385695,2009 Q3
Other,2009,4,33,213608595.0,12836054.436999995,136477067.0,18761098005.060074,11881077437.510012,18761098005.060074,11881077437.510012,11809516595.742764,920.026995343816,2028.2915139349768,2009 Q4
Other,2010,1,6,229973318.0,14861011.244999994,160083779.0,20104254636.00006,13708610112.93003,20104254636.00006,13708610112.93003,13625472961.357939,916.8604166114367,2021.3104744615734,2010 Q1
Other,2010,2,15,237428492.0,15402311.609000016,166203473.0,21570512250.300037,14510175448.48003,21570512250.300037,14510175448.48003,14513516905.532215,942.2947200374487,2077.382939794559,2010 Q2
Other,2010,3,24,256651301.0,17167526.724000003,185782068.0,22426077936.47006,15576301983.830029,22426077936.47006,15576301983.830029,15621601006.801178,909.9505862403792,2006.07706242554,2010 Q3
Other,2010,4,33,221031726.0,13797643.78999999,148252203.0,19632979078.31003,12526255592.070019,19632979078.31003,12526255592.070019,12569646131.303457,910.9994664750992,2008.3894237910038,2010 Q4
Other,2011,1,6,230620519.0,14309472.797000006,154753074.0,20645920204.180058,13142311335.180021,20645920204.180058,13142311335.180021,13218886914.826584,923.7857398630323,2036.578042102041,2011 Q1
Other,2011,2,15,219614595.0,13380960.31,145537377.0,20073800053.800056,12495459671.250011,20073800053.800056,12495459671.250011,12557661210.36566,938.4723457389629,2068.9561334161176,2011 Q2
Other,2011,3,24,234756553.0,14774575.45600001,159582580.0,21659613316.650055,14008014839.680029,21659613316.650055,14008014839.680029,14116383513.753815,955.4510419465961,2106.387367075466,2011 Q3
Other,2011,4,33,209275732.0,12335383.997000001,134076645.0,19330296386.63006,11690727872.320015,19330296386.63006,11690727872.320015,11677973223.922726,946.705285118229,2087.1064715716475,2011 Q4
Other,2012,1,6,217189268.0,12397672.906000001,137295325.0,20341696800.900043,12170581345.240017,20341696800.900043,12170581345.240017,12159317408.522018,980.774174372464,2162.214744821534,2012 Q1
Other,2012,2,15,208870730.0,11773630.079000002,133489340.0,19352625999.79004,11520865018.250013,19352625999.79004,11520865018.250013,11549357540.476074,980.9512837570843,2162.605200170868,2012 Q2
Other,2012,3,24,218861582.0,12823527.620000014,143647980.0,19964070508.480022,12395486001.090008,19964070508.480022,12395486001.090008,12445493814.914469,970.5202954843759,2139.6090434248554,2012 Q3
Other,2012,4,33,206080920.0,11811534.793000005,132470981.0,18963531078.150017,11479719692.900007,18963531078.150017,11479719692.900007,11435523458.151379,968.1657514084058,2134.4182155549715,2012 Q4
Other,2013,1,6,216070016.0,13198330.794999998,145207815.0,20145904078.17005,12752244991.230022,20145904078.17005,12752244991.230022,12716197954.146984,963.4701654063964,2124.066326654942,2013 Q1
Other,2013,2,15,212864079.0,13034824.77899998,145315277.0,19940691056.270065,13073125279.47002,19940691056.270065,13073125279.47002,13062939373.140175,1002.1568831662001,2209.355064628205,2013 Q2
Other,2013,3,24,228128430.0,14403171.537000004,158754579.0,21471243745.870037,14201289921.630028,21471243745.870037,14201289921.630028,14259574290.803413,990.0301648267045,2182.620501376953,2013 Q3
Other,2013,4,33,215488468.0,12899793.095999993,143525923.0,19962298382.81007,12550212958.050009,19962298382.81007,12550212958.050009,12531396476.403337,971.441664462751,2141.640293474581,2013 Q4
Other,2014,1,6,276319190.0,18639752.13600001,206442356.0,24558766328.300022,17181545159.440033,24558766328.300022,17181545159.440033,17094887788.701084,917.1199093192209,2021.8825520851547,2014 Q1
Other,2014,2,15,198319017.0,11715923.911999997,132080547.0,18537536012.700047,11758939663.990005,18537536012.700047,11758939663.990005,11812460756.011267,1008.2397977945549,2222.7654582178757,2014 Q2
Other,2014,3,24,212328078.0,12841805.062000005,143156263.0,19956069988.050034,12655915835.870016,19956069988.050034,12655915835.870016,12731689975.791965,991.425264152788,2185.6961373512368,2014 Q3
Other,2014,4,33,204160283.0,12075783.373,134009585.0,18766572770.640057,11648804152.500011,18766572770.640057,11648804152.500011,11646871286.54056,964.4816345895674,2126.2962116161602,2014 Q4
Other,2015,1,6,256011640.0,17301409.426000006,183895398.0,22511982436.43003,15276353248.34002,22511982436.43003,15276353248.34002,15502201934.161005,896.0080391407182,1975.3393230896274,2015 Q1
Other,2015,2,15,197487696.0,12141347.278999992,131896881.0,17777283520.510048,11223764818.490015,17777283520.510048,11223764818.490015,11343665645.39771,934.3004021487819,2059.7586665772046,2015 Q2
Other,2015,3,24,214708063.0,13824143.531,147717389.0,19445436911.530056,12671479521.920006,19445436911.530056,12671479521.920006,12870772519.237612,931.0357990985483,2052.5615226926598,2015 Q3
Other,2015,4,33,190996820.0,11670125.592000008,128144524.0,16429112864.350046,10332293220.920017,16429112864.350046,10332293220.920017,10494821467.624659,899.289505060594,1982.5736428565856,2015 Q4
Other,2016,1,6,210167911.0,13104258.070000008,132308710.0,18649246013.46004,10918452327.480007,18649246013.46004,10918452327.480007,11013224888.571703,840.4310133196038,1852.8142119643987,2016 Q1
Other,2016,2,15,205551643.0,12485732.779000008,128278288.0,18434452141.670033,10740589101.320013,18434452141.670033,10740589101.320013,10856514875.471859,869.513633491471,1916.9297563952969,2016 Q2
Other,2016,3,24,216441394.0,13384229.837999996,140268174.0,18990424489.870045,11592157676.290009,18990424489.870045,11592157676.290009,11759070222.407673,878.5765310919697,1936.9098204453567,2016 Q3
Other,2016,4,33,197772468.0,11807681.563000008,122237651.0,17248809162.270058,10060075941.130013,17248809162.270058,10060075941.130013,10124506247.903046,857.4508207969225,1890.3360795288954,2016 Q4
Other,2017,1,6,148489038.0,9794197.748,103066233.0,12507497002.57,8540361949.709996,12507497002.57,8540361949.709996,9128521697.993223,932.0336318364913,2054.761344746729,2017 Q1
Other,2017,2,15,147683815.0,9686867.569,102625324.0,12385784016.219995,8417105483.84,12385784016.219995,8417105483.84,9103124674.822327,939.738734939892,2071.7480150484857,2017 Q2
Other,2017,3,24,152177805.0,10097280.260999996,106110364.0,12574624521.139996,8638035247.439999,12574624521.139996,8638035247.439999,9441479630.891994,935.0517552096693,2061.415099535237,2017 Q3
Other,2017,4,33,153930776.0,10264038.251999998,107490675.0,12558393709.890001,8714861504.899998,12558393709.890001,8714861504.899998,9384963109.549763,914.3538711696691,2015.7845443806525,2017 Q4
Other Renewables,2001,1,6,344163927.98,13105353.761000011,166617604.98,276981906.3588,276981906.3588,28660589450.68879,11897486683.358799,284147430.7862224,21.681782572845282,47.79965786009471,2001 Q1
Other Renewables,2001,2,15,327653969.34,12578110.71,164653153.34000003,258149105.54460007,258149105.54460007,27282813414.4546,11921963827.4846,264112941.1621065,20.997822904526373,46.29180037531884,2001 Q2
Other Renewables,2001,3,24,346431608.51000017,13611490.948000003,177162762.51,276434975.9979,276434975.9979,28750210437.207886,12804705291.80789,281709433.47596055,20.696442039463236,45.62737612020065,2001 Q3
Other Renewables,2001,4,33,354887851.69,13406828.868999997,172461210.69000003,278357280.9999,278357280.9999,29691181039.0099,12405593492.439901,281748594.07349694,21.015304724666954,46.33034079600077,2001 Q4
Other Renewables,2002,1,6,362224913.5,14063400.714000009,201579193.5,287432227.095,287432227.095,30253154477.295006,15108485920.875004,292001584.8148881,20.763227241630307,45.77461077689818,2002 Q1
Other Renewables,2002,2,15,367713833.4100001,14651133.250000002,203739196.41,273060200.4411,273060200.4411,30819652124.77111,15436137380.881104,277866396.2600825,18.96552242879113,41.81139074651293,2002 Q2
Other Renewables,2002,3,24,396645223.40999997,15525075.119999994,219448352.40999997,288983555.50110006,288983555.50110006,33268937699.611107,16655942929.651096,294238333.5547515,18.952457961102066,41.782588821045614,2002 Q3
Other Renewables,2002,4,33,408370585.44000006,14929877.079000004,213322850.44000003,287132955.2724,287132955.2724,34595743700.64241,16181222397.152401,291682404.89543676,19.536825611626103,43.07088574339091,2002 Q4
Other Renewables,2003,1,6,277067119.38,12076051.501999998,154605158.38000003,284316353.02980006,284316353.02980006,22252954741.179802,10711060823.239807,292345469.98469174,24.208696852300967,53.37049308058272,2003 Q1
Other Renewables,2003,2,15,278384691.25,11809811.494,151030969.25,280928354.4375,280928354.4375,22445630786.347504,10458530825.387505,286526007.91352284,24.261691904150457,53.4873259718901,2003 Q2
Other Renewables,2003,3,24,299837070.3399999,12915118.247000009,165870717.34000003,288269215.7514,288269215.7514,24259120360.1614,11658132637.181393,294473003.92113835,22.80064326856164,50.26629814987099,2003 Q3
Other Renewables,2003,4,33,293565736.94000006,12335539.208,157358492.93999997,285396104.2974,285396104.2974,23775120924.77741,10940362201.737402,291808644.4132827,23.65592938361667,52.15186191912131,2003 Q4
Other Renewables,2004,1,6,390519574.51,14381335.936330013,139079109.48,266708159.1945,266708159.1945,33063304246.408623,9365474097.934202,270100317.50283337,18.781309239881406,41.40527435024255,2004 Q1
Other Renewables,2004,2,15,377886992.53,13959935.24149,132714127.43999998,255193502.17920005,255193502.17920005,32001140399.539013,8903625636.737198,256830133.56517798,18.397659381818553,40.55947987315719,2004 Q2
Other Renewables,2004,3,24,393120785.7900001,14695402.64180001,142866133.12999997,264745441.53359997,264745441.53359997,33281091825.025917,9724899084.476198,266024676.76507917,18.102578285836906,39.90894408895604,2004 Q3
Other Renewables,2004,4,33,394029011.16999996,14276797.653430015,138424023.81999993,266398655.04539996,266398655.04539996,33386869861.318714,9304056476.314302,267726965.65099865,18.75259229345994,41.34196497016179,2004 Q4
Other Renewables,2005,1,6,394369393.43999994,14529680.457780004,142753668.07000002,271319390.9208,271319390.9208,33463525293.056004,9675440769.059195,271144686.81570274,18.661434957471258,41.14099950724113,2005 Q1
Other Renewables,2005,2,15,373753645.55,14380212.69368999,140304534.86999995,285202808.89199996,285202808.89199996,31281181121.377415,9230899436.6867,283897973.0169643,19.742265226823676,43.523797919055475,2005 Q2
Other Renewables,2005,3,24,388895725.2400002,15191909.203900015,150051994.02999997,289029878.41470003,289029878.41470003,32633326358.3267,10082197618.2099,288033574.3762462,18.959669289117606,41.798486914788676,2005 Q3
Other Renewables,2005,4,33,381480993.73999995,14747285.086019991,144358278.9299999,287068034.2197001,287068034.2197001,32015286801.719383,9603501733.370703,285515723.70411295,19.360561760264183,42.68229445667842,2005 Q4
Other Renewables,2006,1,6,466110469.31999993,17271849.458220012,183650544.53000003,275439784.1553,275439784.1553,39841125007.21848,13204339489.339005,275001121.5763532,15.921926730635946,35.10147967036001,2006 Q1
Other Renewables,2006,2,15,440278877.71,16496999.671339996,173118404.1,261841986.83489996,261841986.83489996,37585865172.31228,12436030744.831894,259948668.555418,15.757330043900234,34.73860981478246,2006 Q2
Other Renewables,2006,3,24,469603148.68000025,18040655.81164001,191184418.84000006,288294993.0569999,288294993.0569999,39963267953.08012,13751451750.774612,287684062.0341721,15.946430386890675,35.155500430939185,2006 Q3
Other Renewables,2006,4,33,467878706.10000014,17591508.71007001,187027977.07000005,288520392.9023999,288520392.9023999,39830128547.2183,13361195797.314098,287290092.93113023,16.33117987013104,36.003719141690894,2006 Q4
Other Renewables,2007,1,6,445606482.17999995,17161961.673999988,183361028.17999998,276034886.28779995,276034886.28779995,38206480642.757805,13246245301.777794,274503199.2154738,15.99486145172672,35.262271556476726,2007 Q1
Other Renewables,2007,2,15,434863877.92,16872113.108999994,178590889.92000002,270606309.98279995,270606309.98279995,36963943041.5528,12794493311.922798,270386306.387213,16.02563381601457,35.33011231078572,2007 Q2
Other Renewables,2007,3,24,441804226.7900001,18130124.012999997,190865986.79,283689695.1009,283689695.1009,37383162193.10091,13741198799.680897,283028822.422064,15.610970019792553,34.41594450563466,2007 Q3
Other Renewables,2007,4,33,452135469.36000013,17878226.277000003,189186797.36,285117961.57559997,285117961.57559997,38430994820.36562,13585475151.795609,284010318.0164109,15.885821871590514,35.02188289810845,2007 Q4
Other Renewables,2008,1,6,459515901.7799999,17259531.630999994,186805702.78000003,269429464.0638,269429464.0638,39358397264.2838,13488347651.173805,267735122.73691064,15.512305227102992,34.198428103671255,2008 Q1
Other Renewables,2008,2,15,431049676.63,17187050.181,184428983.63,283941833.9973,283941833.9973,36374106203.55729,13053187584.167294,283300991.98643947,16.483398198233225,36.33929966782497,2008 Q2
Other Renewables,2008,3,24,428181005.37,18076228.728000008,194567075.37000003,287574730.0227001,287574730.0227001,35981260390.3627,13929912810.622688,287662347.7042706,15.913847519459784,35.08366824140104,2008 Q3
Other Renewables,2008,4,33,417692296.2399999,17344352.670000006,186073344.24,286511396.6604,286511396.6604,35153054684.360405,13170117927.630402,285419112.60447925,16.456025660626697,36.27895417141762,2008 Q4
Other Renewables,2009,1,6,394908022.7,16901771.522999987,179602556.70000005,282707054.90700006,282707054.90700006,33111286779.19699,12620076500.386992,281521951.880788,16.65635767811037,36.72060613716213,2009 Q1
Other Renewables,2009,2,15,384071306.21000004,16685541.133000005,177518351.21,275871742.9190999,275871742.9190999,31928418486.289078,12427043599.349102,274870801.6538309,16.47359228345326,36.31768154810106,2009 Q2
Other Renewables,2009,3,24,418199456.46,18099846.903999995,192797831.46,280184425.8665999,280184425.8665999,35098956589.75659,13809640431.896605,280044493.9276622,15.472202356903553,34.11001731602958,2009 Q3
Other Renewables,2009,4,33,418708483.72,17814232.64400001,188648553.72000003,290632287.4212,290632287.4212,35119932631.03119,13283946940.191196,288825118.94227976,16.213166444728035,35.74354674404743,2009 Q4
Other Renewables,2010,1,6,421072330.0,17340292.746000007,189162510.0,284136899.8499999,284136899.8499999,35468765789.74001,13445134851.210007,282459872.5730406,16.289221682153975,35.911218120476654,2010 Q1
Other Renewables,2010,2,15,418149083.0,17469955.031000018,191480571.0,286920109.62000006,286920109.62000006,34987154335.25,13562645377.979996,286806470.4588482,16.417127001753407,36.193198188065566,2010 Q2
Other Renewables,2010,3,24,436169170.0,18437477.257999998,201324136.0,287568674.82000005,287568674.82000005,36636978849.32001,14466687878.420006,288422977.8692965,15.64329945107594,34.48721796984202,2010 Q3
Other Renewables,2010,4,33,437583872.0,17959306.101,196299858.0,286144699.5,286144699.5,36965197860.57001,14035586245.830002,287223450.3470309,15.993014915595088,35.258200682920936,2010 Q4
Other Renewables,2011,1,6,433826316.0,17672725.189999998,190421631.0,292108014.42,292108014.42,36533843170.55998,13432662590.199993,293858879.11158454,16.627819193265267,36.65769019347261,2011 Q1
Other Renewables,2011,2,15,411670740.0,17198794.883999977,184848956.0,282500005.17,282500005.17,34354349239.97998,12968352770.430008,283797355.8025796,16.501002408406883,36.378109909573816,2011 Q2
Other Renewables,2011,3,24,438441966.0,18550106.73,200268719.0,282353530.59,282353530.59,36803013948.690025,14336900076.109978,284507588.5098121,15.337248062820828,33.8124970792948,2011 Q3
Other Renewables,2011,4,33,442020372.0,18221900.29900001,195223317.0,290370696.99,290370696.99,37186577198.36001,13767388999.460007,290048631.34528875,15.917584147971997,35.09190601261907,2011 Q4
Other Renewables,2012,1,6,440089860.0,17921198.237999983,203147810.0,274524650.09999996,274524650.09999996,37138709363.67999,14662106780.340002,274295103.41183573,15.305622970579183,33.742776400938865,2012 Q1
Other Renewables,2012,2,15,424556571.0,17374333.986,198303623.0,280370348.97,280370348.97,35482986116.92002,14125120414.770006,281009277.9232193,16.17381582221527,35.65679436165579,2012 Q2
Other Renewables,2012,3,24,452500467.0,18922236.14899999,214770291.0,287931862.08000004,287931862.08000004,37923727065.08999,15494087727.6,289089441.1754869,15.277763098351612,33.68135652662596,2012 Q3
Other Renewables,2012,4,33,458727091.0,18873288.775999993,211987351.0,297658358.61,297658358.61,38570460677.65,15118018071.470013,296537211.300499,15.712005195278273,34.63868665351048,2012 Q4
Other Renewables,2013,1,6,452507014.0,18727498.36900001,204698005.0,293974659.3899999,293974659.3899999,37991042959.640045,14470875723.950005,293137250.4413061,15.652771377438317,34.50809977870051,2013 Q1
Other Renewables,2013,2,15,446403028.0,18411169.068000004,203431871.0,283954997.82,283954997.82,37233322839.060005,14401549003.800007,283646717.7529722,15.406230680156618,33.96457615747328,2013 Q2
Other Renewables,2013,3,24,471790924.0,19837619.61699999,219662539.0,291200308.41,291200308.41,39447329302.239975,15771615310.179998,292395700.0322389,14.739454918354635,32.49460231300463,2013 Q3
Other Renewables,2013,4,33,473230915.0,19640958.331,218415151.0,291272543.40000004,291272543.40000004,39800882168.000015,15702437132.950016,290848481.51765037,14.808263253559996,32.64629716879837,2013 Q4
Other Renewables,2014,1,6,478253279.0,19735771.384999998,222541872.0,285869005.32000005,285869005.32000005,40076062827.05002,15987280900.529999,284434285.1318983,14.412118968305444,31.772957477526184,2014 Q1
Other Renewables,2014,2,15,468844762.0,19497141.09999999,217910255.0,288835605.15,288835605.15,38982980257.960014,15511356860.879992,290160036.741131,14.882183764938294,32.80926232818296,2014 Q2
Other Renewables,2014,3,24,488206077.0,20568137.171,231519596.0,290084278.20000005,290084278.20000005,40750693530.71999,16700435725.170008,291817501.073734,14.187843004333004,31.27851868735254,2014 Q3
Other Renewables,2014,4,33,485156925.0,19920330.755000003,222837095.0,299341798.56000006,299341798.56000006,40770460996.920044,16024954885.609993,299247487.9597409,15.022214823648437,33.11797480021534,2014 Q4
Other Renewables,2015,1,6,463460361.0,19345060.781000003,209734785.0,288548106.96000004,288548106.96000004,38929102277.83999,14995441539.680012,292330399.5368174,15.111371468211326,33.31452953881869,2015 Q1
Other Renewables,2015,2,15,455665741.0,19199298.326000027,208309496.0,284824816.89,284824816.89,38025482602.03003,14777854570.779997,287794441.5376797,14.989841641657465,33.04660488319805,2015 Q2
Other Renewables,2015,3,24,475294838.0,20499925.033999998,224055176.0,280481041.44000006,280481041.44000006,39812618145.61998,16236564760.839996,284893082.19495344,13.897274342342527,30.637931015128338,2015 Q3
Other Renewables,2015,4,33,466051057.0,19811134.24300001,214948093.0,289815615.53999996,289815615.53999996,38984571164.68004,15294777067.909977,294385232.9173182,14.859584984203275,32.759441056174545,2015 Q4
Other Renewables,2016,1,6,467803928.0,19611904.522999994,203069165.0,276924210.2700001,276924210.2700001,39562019242.04003,14443269377.739998,279343651.0589607,14.243575922540236,31.401387478832206,2016 Q1
Other Renewables,2016,2,15,445490317.0,18884859.710999995,194396341.0,270635941.98,270635941.98,37418140791.37001,13652647091.790009,273554597.27757645,14.485392079361713,31.934495378160833,2016 Q2
Other Renewables,2016,3,24,462474482.0,20206800.235,209625083.0,282021121.65,282021121.65,38860460021.29003,14996871297.26999,286096135.5491703,14.158408665495985,31.21362774395245,2016 Q3
Other Renewables,2016,4,33,482753728.0,19882498.922,204102403.0,296879340.21000004,296879340.21000004,40724801354.389984,14287499927.24,298806015.06068325,15.028594556092454,33.13203955836143,2016 Q4
Other Renewables,2017,1,6,238892321.0,9810168.087999998,103733317.0,139076727.06,139076727.06,20566562160.04,7675154598.900002,148708065.32172996,15.158564459627636,33.41857120769509,2017 Q1
Other Renewables,2017,2,15,226400511.0,9550692.933999997,101196731.0,135389095.74,135389095.74,19324697483.37999,7481792625.670001,146368146.98528698,15.325395549491867,33.78636702840977,2017 Q2
Other Renewables,2017,3,24,232187687.0,9971184.104000004,105518778.0,140071278.51,140071278.51,19758728838.28,7825851458.699998,153108184.35293853,15.355065432150452,33.851777251718886,2017 Q3
Other Renewables,2017,4,33,238769844.0,9941466.524000004,104589461.0,135641382.36,135641382.36,20584305668.1,7793184486.230001,146103155.98693606,14.69633837565352,32.39954758296575,2017 Q4
Solar,2001,1,6,521826.84,50501.0,521826.84,0.0,0.0,0.0,0.0,0.0,0.0,0.0,2001 Q1
Solar,2001,2,15,2177287.1,210712.0,2177287.1,0.0,0.0,0.0,0.0,0.0,0.0,0.0,2001 Q2
Solar,2001,3,24,2499594.04,241904.0,2499594.04,0.0,0.0,0.0,0.0,0.0,0.0,0.0,2001 Q3
Solar,2001,4,33,403276.37,39028.0,403276.37,0.0,0.0,0.0,0.0,0.0,0.0,0.0,2001 Q4
Solar,2002,1,6,805325.21,79163.0,805325.21,0.0,0.0,0.0,0.0,0.0,0.0,0.0,2002 Q1
Solar,2002,2,15,2023411.8,198900.21000000002,2023411.8,0.0,0.0,0.0,0.0,0.0,0.0,0.0,2002 Q2
Solar,2002,3,24,2166063.8899999997,212922.82,2166063.8899999997,0.0,0.0,0.0,0.0,0.0,0.0,0.0,2002 Q3
Solar,2002,4,33,644663.23,63370.02,644663.23,0.0,0.0,0.0,0.0,0.0,0.0,0.0,2002 Q4
Solar,2003,1,6,830282.6499999999,81074.37,830282.6499999999,0.0,0.0,0.0,0.0,0.0,0.0,0.0,2003 Q1
Solar,2003,2,15,2242297.69,218953.0,2242297.69,0.0,0.0,0.0,0.0,0.0,0.0,0.0,2003 Q2
Solar,2003,3,24,1846001.69,180256.0,1846001.69,0.0,0.0,0.0,0.0,0.0,0.0,0.0,2003 Q3
Solar,2003,4,33,550126.0499999999,53718.0,550126.0499999999,0.0,0.0,0.0,0.0,0.0,0.0,0.0,2003 Q4
Solar,2004,1,6,765688.22,76400.741,765688.22,0.0,0.0,0.0,0.0,0.0,0.0,0.0,2004 Q1
Solar,2004,2,15,2270520.41,226553.623,2270520.41,0.0,0.0,0.0,0.0,0.0,0.0,0.0,2004 Q2
Solar,2004,3,24,2160544.9499999997,215580.21899999998,2160544.9499999997,0.0,0.0,0.0,0.0,0.0,0.0,0.0,2004 Q3
Solar,2004,4,33,567449.8200000001,56620.418000000005,567449.8200000001,0.0,0.0,0.0,0.0,0.0,0.0,0.0,2004 Q4
Solar,2005,1,6,599001.77,59906.166,599001.77,0.0,0.0,0.0,0.0,0.0,0.0,0.0,2005 Q1
Solar,2005,2,15,2278694.23,227892.21,2278694.23,0.0,0.0,0.0,0.0,0.0,0.0,0.0,2005 Q2
Solar,2005,3,24,2092612.68,209282.19400000002,2092612.68,0.0,0.0,0.0,0.0,0.0,0.0,0.0,2005 Q3
Solar,2005,4,33,532084.4900000001,53213.770000000004,532084.4900000001,0.0,0.0,0.0,0.0,0.0,0.0,0.0,2005 Q4
Solar,2006,1,6,653382.0,65871.985,653382.0,0.0,0.0,0.0,0.0,0.0,0.0,0.0,2006 Q1
Solar,2006,2,15,1909523.0,192511.511,1909523.0,0.0,0.0,0.0,0.0,0.0,0.0,0.0,2006 Q2
Solar,2006,3,24,1970303.0,198639.29200000002,1970303.0,0.0,0.0,0.0,0.0,0.0,0.0,0.0,2006 Q3
Solar,2006,4,33,502729.0,50683.212999999996,502729.0,0.0,0.0,0.0,0.0,0.0,0.0,0.0,2006 Q4
Solar,2007,1,6,796395.0,80574.044,796395.0,0.0,0.0,0.0,0.0,0.0,0.0,0.0,2007 Q1
Solar,2007,2,15,2205262.0,223114.38799999998,2205262.0,0.0,0.0,0.0,0.0,0.0,0.0,0.0,2007 Q2
Solar,2007,3,24,2265098.0,229168.60499999998,2265098.0,0.0,0.0,0.0,0.0,0.0,0.0,0.0,2007 Q3
Solar,2007,4,33,780205.0,78935.96399999999,780205.0,0.0,0.0,0.0,0.0,0.0,0.0,0.0,2007 Q4
Solar,2008,1,6,1248802.0,126730.53500000002,1248802.0,0.0,0.0,0.0,0.0,0.0,0.0,0.0,2008 Q1
Solar,2008,2,15,3163609.0,321048.605,3163609.0,0.0,0.0,0.0,0.0,0.0,0.0,0.0,2008 Q2
Solar,2008,3,24,3042491.0,308757.09400000004,3042491.0,0.0,0.0,0.0,0.0,0.0,0.0,0.0,2008 Q3
Solar,2008,4,33,1062052.0,107778.55600000001,1062052.0,0.0,0.0,0.0,0.0,0.0,0.0,0.0,2008 Q4
Solar,2009,1,6,1127020.0,115473.95699999997,1127020.0,0.0,0.0,0.0,0.0,0.0,0.0,0.0,2009 Q1
Solar,2009,2,15,3050305.0,312531.593,3050305.0,0.0,0.0,0.0,0.0,0.0,0.0,0.0,2009 Q2
Solar,2009,3,24,3192291.0,327079.066,3192291.0,0.0,0.0,0.0,0.0,0.0,0.0,0.0,2009 Q3
Solar,2009,4,33,1246375.0,127702.21399999998,1246375.0,0.0,0.0,0.0,0.0,0.0,0.0,0.0,2009 Q4
Solar,2010,1,6,1147248.0,117593.478,1147248.0,0.0,0.0,0.0,0.0,0.0,0.0,0.0,2010 Q1
Solar,2010,2,15,4255375.0,436180.008,4255375.0,0.0,0.0,0.0,0.0,0.0,0.0,0.0,2010 Q2
Solar,2010,3,24,4374759.0,448417.97599999997,4374759.0,0.0,0.0,0.0,0.0,0.0,0.0,0.0,2010 Q3
Solar,2010,4,33,1882912.0,193000.20800000004,1882912.0,0.0,0.0,0.0,0.0,0.0,0.0,0.0,2010 Q4
Solar,2011,1,6,2379449.0,244897.80499999993,2379449.0,0.0,0.0,0.0,0.0,0.0,0.0,0.0,2011 Q1
Solar,2011,2,15,5574988.0,573739.3749999998,5574988.0,0.0,0.0,0.0,0.0,0.0,0.0,0.0,2011 Q2
Solar,2011,3,24,5838984.0,600598.692,5838984.0,0.0,0.0,0.0,0.0,0.0,0.0,0.0,2011 Q3
Solar,2011,4,33,3715696.0,382254.03800000006,3715696.0,0.0,0.0,0.0,0.0,0.0,0.0,0.0,2011 Q4
Solar,2012,1,6,4312332.0,453167.1410000002,4312332.0,0.0,0.0,0.0,0.0,0.0,0.0,0.0,2012 Q1
Solar,2012,2,15,12157227.0,1277556.9959999998,12157227.0,0.0,0.0,0.0,0.0,0.0,0.0,0.0,2012 Q2
Solar,2012,3,24,13144380.0,1381292.871,13144380.0,0.0,0.0,0.0,0.0,0.0,0.0,0.0,2012 Q3
Solar,2012,4,33,10244239.0,1076528.3869999999,10244239.0,0.0,0.0,0.0,0.0,0.0,0.0,0.0,2012 Q4
Solar,2013,1,6,12924276.0,1354589.7749999987,12924276.0,0.0,0.0,0.0,0.0,0.0,0.0,0.0,2013 Q1
Solar,2013,2,15,21686083.0,2272909.927000001,21686083.0,0.0,0.0,0.0,0.0,0.0,0.0,0.0,2013 Q2
Solar,2013,3,24,25744264.0,2698238.4539999994,25744264.0,0.0,0.0,0.0,0.0,0.0,0.0,0.0,2013 Q3
Solar,2013,4,33,25050814.0,2625559.944,25050814.0,0.0,0.0,0.0,0.0,0.0,0.0,0.0,2013 Q4
Solar,2014,1,6,27333143.0,2874136.2490000026,27333143.0,0.0,0.0,0.0,0.0,0.0,0.0,0.0,2014 Q1
Solar,2014,2,15,48804372.0,5131880.526000002,48804372.0,0.0,0.0,0.0,0.0,0.0,0.0,0.0,2014 Q2
Solar,2014,3,24,52035272.0,5471618.986,52035272.0,0.0,0.0,0.0,0.0,0.0,0.0,0.0,2014 Q3
Solar,2014,4,33,38784558.0,4078279.8290000004,38784558.0,0.0,0.0,0.0,0.0,0.0,0.0,0.0,2014 Q4
Solar,2015,1,6,43450568.0,4662577.194000001,43450568.0,0.0,0.0,0.0,0.0,0.0,0.0,0.0,2015 Q1
Solar,2015,2,15,69004938.0,7404755.743999999,69004938.0,0.0,0.0,0.0,0.0,0.0,0.0,0.0,2015 Q2
Solar,2015,3,24,69887934.0,7499509.0699999975,69887934.0,0.0,0.0,0.0,0.0,0.0,0.0,0.0,2015 Q3
Solar,2015,4,33,48259182.0,5178579.5220000055,48259182.0,0.0,0.0,0.0,0.0,0.0,0.0,0.0,2015 Q4
Solar,2016,1,6,58360172.0,6321508.700999996,58360172.0,0.0,0.0,0.0,0.0,0.0,0.0,0.0,2016 Q1
Solar,2016,2,15,89986072.0,9747187.978000011,89986072.0,0.0,0.0,0.0,0.0,0.0,0.0,0.0,2016 Q2
Solar,2016,3,24,106312905.0,11515697.301000005,106312905.0,0.0,0.0,0.0,0.0,0.0,0.0,0.0,2016 Q3
Solar,2016,4,33,77184918.0,8360584.239999998,77184918.0,0.0,0.0,0.0,0.0,0.0,0.0,0.0,2016 Q4
Solar,2017,1,6,25797860.0,2794310.8,25797860.0,0.0,0.0,0.0,0.0,0.0,0.0,0.0,2017 Q1
Solar,2017,2,15,47854276.0,5183521.09,47854276.0,0.0,0.0,0.0,0.0,0.0,0.0,0.0,2017 Q2
Solar,2017,3,24,46258326.0,5010650.699999999,46258326.0,0.0,0.0,0.0,0.0,0.0,0.0,0.0,2017 Q3
Solar,2017,4,33,33509090.0,3629668.06,33509090.0,0.0,0.0,0.0,0.0,0.0,0.0,0.0,2017 Q4
Wind,2001,1,6,11534046.02,1116234.0029999998,11534046.02,0.0,0.0,0.0,0.0,0.0,0.0,0.0,2001 Q1
Wind,2001,2,15,17980768.17,1740130.4629999998,17980768.17,0.0,0.0,0.0,0.0,0.0,0.0,0.0,2001 Q2
Wind,2001,3,24,15787676.849999998,1527888.979,15787676.849999998,0.0,0.0,0.0,0.0,0.0,0.0,0.0,2001 Q3
Wind,2001,4,33,16298199.470000003,1577295.979,16298199.470000003,0.0,0.0,0.0,0.0,0.0,0.0,0.0,2001 Q4
Wind,2002,1,6,24135659.980000004,2372521.364,24135659.980000004,0.0,0.0,0.0,0.0,0.0,0.0,0.0,2002 Q1
Wind,2002,2,15,32792465.709999997,3223480.3489999995,32792465.709999997,0.0,0.0,0.0,0.0,0.0,0.0,0.0,2002 Q2
Wind,2002,3,24,26417954.280000005,2596869.5640000002,26417954.280000005,0.0,0.0,0.0,0.0,0.0,0.0,0.0,2002 Q3
Wind,2002,4,33,21776386.499999993,2140606.166,21776386.499999993,0.0,0.0,0.0,0.0,0.0,0.0,0.0,2002 Q4
Wind,2003,1,6,24719921.270000003,2413819.062,24719921.270000003,0.0,0.0,0.0,0.0,0.0,0.0,0.0,2003 Q1
Wind,2003,2,15,32221195.28000001,3146293.8380000005,32221195.28000001,0.0,0.0,0.0,0.0,0.0,0.0,0.0,2003 Q2
Wind,2003,3,24,27280790.750000004,2663879.568,27280790.750000004,0.0,0.0,0.0,0.0,0.0,0.0,0.0,2003 Q3
Wind,2003,4,33,30348942.750000007,2963474.521,30348942.750000007,0.0,0.0,0.0,0.0,0.0,0.0,0.0,2003 Q4
Wind,2004,1,6,31157871.979999997,3108947.517000001,31157871.979999997,0.0,0.0,0.0,0.0,0.0,0.0,0.0,2004 Q1
Wind,2004,2,15,42496958.029999994,4240367.006999999,42496958.029999994,0.0,0.0,0.0,0.0,0.0,0.0,0.0,2004 Q2
Wind,2004,3,24,31957606.589999996,3188745.43,31957606.589999996,0.0,0.0,0.0,0.0,0.0,0.0,0.0,2004 Q3
Wind,2004,4,33,29616403.110000007,2955139.005000001,29616403.110000007,0.0,0.0,0.0,0.0,0.0,0.0,0.0,2004 Q4
Wind,2005,1,6,36583100.75,3658675.9220000003,36583100.75,0.0,0.0,0.0,0.0,0.0,0.0,0.0,2005 Q1
Wind,2005,2,15,52403335.479999974,5240857.597999999,52403335.479999974,0.0,0.0,0.0,0.0,0.0,0.0,0.0,2005 Q2
Wind,2005,3,24,40269176.15,4027320.3089999994,40269176.15,0.0,0.0,0.0,0.0,0.0,0.0,0.0,2005 Q3
Wind,2005,4,33,48832068.440000005,4883695.189000001,48832068.440000005,0.0,0.0,0.0,0.0,0.0,0.0,0.0,2005 Q4
Wind,2006,1,6,66092518.0,6663223.524000001,66092518.0,0.0,0.0,0.0,0.0,0.0,0.0,0.0,2006 Q1
Wind,2006,2,15,69256539.0,6982210.474999997,69256539.0,0.0,0.0,0.0,0.0,0.0,0.0,0.0,2006 Q2
Wind,2006,3,24,54449299.0,5489394.890000001,54449299.0,0.0,0.0,0.0,0.0,0.0,0.0,0.0,2006 Q3
Wind,2006,4,33,73939279.0,7454308.100999998,73939279.0,0.0,0.0,0.0,0.0,0.0,0.0,0.0,2006 Q4
Wind,2007,1,6,79261772.0,8019199.911000002,79261772.0,0.0,0.0,0.0,0.0,0.0,0.0,0.0,2007 Q1
Wind,2007,2,15,86430228.0,8744460.231000002,86430228.0,0.0,0.0,0.0,0.0,0.0,0.0,0.0,2007 Q2
Wind,2007,3,24,76348551.0,7724458.669999997,76348551.0,0.0,0.0,0.0,0.0,0.0,0.0,0.0,2007 Q3
Wind,2007,4,33,98462536.0,9961808.592,98462536.0,0.0,0.0,0.0,0.0,0.0,0.0,0.0,2007 Q4
Wind,2008,1,6,127185127.0,12906954.039000005,127185127.0,0.0,0.0,0.0,0.0,0.0,0.0,0.0,2008 Q1
Wind,2008,2,15,154766355.0,15705942.359000001,154766355.0,0.0,0.0,0.0,0.0,0.0,0.0,0.0,2008 Q2
Wind,2008,3,24,102326480.0,10384258.552000001,102326480.0,0.0,0.0,0.0,0.0,0.0,0.0,0.0,2008 Q3
Wind,2008,4,33,161270008.0,16365945.119999997,161270008.0,0.0,0.0,0.0,0.0,0.0,0.0,0.0,2008 Q4
Wind,2009,1,6,184445040.0,18898058.962000005,184445040.0,0.0,0.0,0.0,0.0,0.0,0.0,0.0,2009 Q1
Wind,2009,2,15,188518811.0,19315450.413999997,188518811.0,0.0,0.0,0.0,0.0,0.0,0.0,0.0,2009 Q2
Wind,2009,3,24,145758164.0,14934237.665000007,145758164.0,0.0,0.0,0.0,0.0,0.0,0.0,0.0,2009 Q3
Wind,2009,4,33,199097747.0,20399358.549000002,199097747.0,0.0,0.0,0.0,0.0,0.0,0.0,0.0,2009 Q4
Wind,2010,1,6,203245717.0,20832893.961000003,203245717.0,0.0,0.0,0.0,0.0,0.0,0.0,0.0,2010 Q1
Wind,2010,2,15,258394082.0,26485657.875000004,258394082.0,0.0,0.0,0.0,0.0,0.0,0.0,0.0,2010 Q2
Wind,2010,3,24,199413177.0,20440052.618999995,199413177.0,0.0,0.0,0.0,0.0,0.0,0.0,0.0,2010 Q3
Wind,2010,4,33,259275102.0,26575965.415,259275102.0,0.0,0.0,0.0,0.0,0.0,0.0,0.0,2010 Q4
Wind,2011,1,6,285733872.0,29408590.904000007,285733872.0,0.0,0.0,0.0,0.0,0.0,0.0,0.0,2011 Q1
Wind,2011,2,15,340005894.0,34994430.51899999,340005894.0,0.0,0.0,0.0,0.0,0.0,0.0,0.0,2011 Q2
Wind,2011,3,24,210840528.0,21700343.749000005,210840528.0,0.0,0.0,0.0,0.0,0.0,0.0,0.0,2011 Q3
Wind,2011,4,33,323688696.0,33315018.178,323688696.0,0.0,0.0,0.0,0.0,0.0,0.0,0.0,2011 Q4
Wind,2012,1,6,364663926.0,38321134.01099999,364663926.0,0.0,0.0,0.0,0.0,0.0,0.0,0.0,2012 Q1
Wind,2012,2,15,351809945.0,36969830.381999984,351809945.0,0.0,0.0,0.0,0.0,0.0,0.0,0.0,2012 Q2
Wind,2012,3,24,245184066.0,25765453.11900001,245184066.0,0.0,0.0,0.0,0.0,0.0,0.0,0.0,2012 Q3
Wind,2012,4,33,365584675.0,38417894.478000015,365584675.0,0.0,0.0,0.0,0.0,0.0,0.0,0.0,2012 Q4
Wind,2013,1,6,425468634.0,44593871.238000005,425468634.0,0.0,0.0,0.0,0.0,0.0,0.0,0.0,2013 Q1
Wind,2013,2,15,453923590.0,47576511.87200004,453923590.0,0.0,0.0,0.0,0.0,0.0,0.0,0.0,2013 Q2
Wind,2013,3,24,310530487.0,32547413.457999997,310530487.0,0.0,0.0,0.0,0.0,0.0,0.0,0.0,2013 Q3
Wind,2013,4,33,414343201.0,43427797.57200001,414343201.0,0.0,0.0,0.0,0.0,0.0,0.0,0.0,2013 Q4
Wind,2014,1,6,472481832.0,49682607.49299998,472481832.0,0.0,0.0,0.0,0.0,0.0,0.0,0.0,2014 Q1
Wind,2014,2,15,474758203.0,49921992.35800002,474758203.0,0.0,0.0,0.0,0.0,0.0,0.0,0.0,2014 Q2
Wind,2014,3,24,321701427.0,33827699.64400001,321701427.0,0.0,0.0,0.0,0.0,0.0,0.0,0.0,2014 Q3
Wind,2014,4,33,454749933.0,47818078.59499997,454749933.0,0.0,0.0,0.0,0.0,0.0,0.0,0.0,2014 Q4
Wind,2015,1,6,422908521.0,45381322.81699997,422908521.0,0.0,0.0,0.0,0.0,0.0,0.0,0.0,2015 Q1
Wind,2015,2,15,451273198.0,48425070.785,451273198.0,0.0,0.0,0.0,0.0,0.0,0.0,0.0,2015 Q2
Wind,2015,3,24,379172382.0,40688098.26099999,379172382.0,0.0,0.0,0.0,0.0,0.0,0.0,0.0,2015 Q3
Wind,2015,4,33,523226263.0,56146180.037,523226263.0,0.0,0.0,0.0,0.0,0.0,0.0,0.0,2015 Q4
Wind,2016,1,6,558796716.0,60528240.938999996,558796716.0,0.0,0.0,0.0,0.0,0.0,0.0,0.0,2016 Q1
Wind,2016,2,15,516352930.0,55930773.58600001,516352930.0,0.0,0.0,0.0,0.0,0.0,0.0,0.0,2016 Q2
Wind,2016,3,24,439392370.0,47594495.35699999,439392370.0,0.0,0.0,0.0,0.0,0.0,0.0,0.0,2016 Q3
Wind,2016,4,33,580442411.0,62872877.688,580442411.0,0.0,0.0,0.0,0.0,0.0,0.0,0.0,2016 Q4
Wind,2017,1,6,232571629.0,25191901.810000002,232571629.0,0.0,0.0,0.0,0.0,0.0,0.0,0.0,2017 Q1
Wind,2017,2,15,234155573.0,25363471.96,234155573.0,0.0,0.0,0.0,0.0,0.0,0.0,0.0,2017 Q2
Wind,2017,3,24,165741755.0,17952963.11,165741755.0,0.0,0.0,0.0,0.0,0.0,0.0,0.0,2017 Q3
Wind,2017,4,33,255270296.0,27650595.24,255270296.0,0.0,0.0,0.0,0.0,0.0,0.0,0.0,2017 Q4
