year,month,fuel category,elec fuel co2 (kg),generation (mwh)
2001,1,Coal,0.0,0.5332201186003116
2001,2,Coal,0.0,0.5292124750174078
2001,3,Coal,0.0,0.5163472913262879
2001,4,Coal,0.0,0.5058674181188585
2001,5,Coal,0.0,0.5044929392011809
2001,6,Coal,0.0,0.49624362382835974
2001,7,Coal,0.0,0.5007427914757172
2001,8,Coal,0.0,0.49426010329079456
2001,9,Coal,0.0,0.5022607322650974
2001,10,Coal,0.0,0.5053125195777523
2001,11,Coal,0.0,0.5167292869169494
2001,12,Coal,0.0,0.51523483121816
2002,1,Coal,0.0,0.513711105585801
2002,2,Coal,0.0,0.507587545388698
2002,3,Coal,0.0,0.50071675220099
2002,4,Coal,0.0,0.4910013671241298
2002,5,Coal,0.0,0.49209818619689644
2002,6,Coal,0.0,0.4829073507949241
2002,7,Coal,0.0,0.4802703721450355
2002,8,Coal,0.0,0.48052175558692306
2002,9,Coal,0.0,0.4991794537507303
2002,10,Coal,0.0,0.5181374406579383
2002,11,Coal,0.0,0.526693805162128
2002,12,Coal,0.0,0.5300917382123173
2003,1,Coal,0.0,0.530188013969743
2003,2,Coal,0.0,0.5246105539525268
2003,3,Coal,0.0,0.5093646035698386
2003,4,Coal,0.0,0.49678925574951094
2003,5,Coal,0.0,0.4885913194054488
2003,6,Coal,0.0,0.493731351418504
2003,7,Coal,0.0,0.48573572106610413
2003,8,Coal,0.0,0.4854264728686978
2003,9,Coal,0.0,0.5103421702670449
2003,10,Coal,0.0,0.5194044732568472
2003,11,Coal,0.0,0.5311867630635356
2003,12,Coal,0.0,0.5315087252538535
2004,1,Coal,0.0,0.5213329903097965
2004,2,Coal,0.0,0.5138859569759454
2004,3,Coal,0.0,0.49961998142144276
2004,4,Coal,0.0,0.4868898812301451
2004,5,Coal,0.0,0.47961858776915756
2004,6,Coal,0.0,0.4858074319425207
2004,7,Coal,0.0,0.4809896175640891
2004,8,Coal,0.0,0.48361750983499463
2004,9,Coal,0.0,0.48939973071247334
2004,10,Coal,0.0,0.5044156287773036
2004,11,Coal,0.0,0.5211353054848173
2004,12,Coal,0.0,0.5169128762094798
2005,1,Coal,0.0,0.515896003035692
2005,2,Coal,0.0,0.5220032215087965
2005,3,Coal,0.0,0.5153815440990412
2005,4,Coal,0.0,0.49413509165115443
2005,5,Coal,0.0,0.4886581363037151
2005,6,Coal,0.0,0.4808935837556908
2005,7,Coal,0.0,0.4627012895692424
2005,8,Coal,0.0,0.4632990434134601
2005,9,Coal,0.0,0.4901468815687451
2005,10,Coal,0.0,0.5134088684545196
2005,11,Coal,0.0,0.5187508158065505
2005,12,Coal,0.0,0.5112527453962469
2006,1,Coal,0.0,0.514934753881187
2006,2,Coal,0.0,0.516107048895963
2006,3,Coal,0.0,0.5061495627136943
2006,4,Coal,0.0,0.4748110443392769
2006,5,Coal,0.0,0.47490372336675596
2006,6,Coal,0.0,0.4658631643071003
2006,7,Coal,0.0,0.4576551534535856
2006,8,Coal,0.0,0.464675154922859
2006,9,Coal,0.0,0.4866360901167627
2006,10,Coal,0.0,0.5018857371264205
2006,11,Coal,0.0,0.5157193125215365
2006,12,Coal,0.0,0.5159648633549868
2007,1,Coal,0.0,0.4970968119470458
2007,2,Coal,0.0,0.5061534206064623
2007,3,Coal,0.0,0.4986748680955071
2007,4,Coal,0.0,0.48246574230611755
2007,5,Coal,0.0,0.47701942386128815
2007,6,Coal,0.0,0.47833856983534
2007,7,Coal,0.0,0.47061717102838074
2007,8,Coal,0.0,0.45081701511384814
2007,9,Coal,0.0,0.4766370391227887
2007,10,Coal,0.0,0.4877588997079776
2007,11,Coal,0.0,0.5074205845437056
2007,12,Coal,0.0,0.5019764880495096
2008,1,Coal,0.0,0.5037956076803206
2008,2,Coal,0.0,0.5126549684740562
2008,3,Coal,0.0,0.4951591534412362
2008,4,Coal,0.0,0.48054863698162187
2008,5,Coal,0.0,0.47630554100511285
2008,6,Coal,0.0,0.45848866056518406
2008,7,Coal,0.0,0.4634831277503213
2008,8,Coal,0.0,0.46422931095413383
2008,9,Coal,0.0,0.47730719630373153
2008,10,Coal,0.0,0.4766701871912387
2008,11,Coal,0.0,0.497607057929082
2008,12,Coal,0.0,0.4878935214457685
2009,1,Coal,0.0,0.48431416078272804
2009,2,Coal,0.0,0.4683384290619826
2009,3,Coal,0.0,0.43634589345855
2009,4,Coal,0.0,0.43495344217624937
2009,5,Coal,0.0,0.42297028936764075
2009,6,Coal,0.0,0.4259647141186091
2009,7,Coal,0.0,0.4247476684959866
2009,8,Coal,0.0,0.4282694431117802
2009,9,Coal,0.0,0.4188894062192188
2009,10,Coal,0.0,0.45582146315152866
2009,11,Coal,0.0,0.4612056141498041
2009,12,Coal,0.0,0.47483812882802034
2010,1,Coal,0.0,0.48016895822427086
2010,2,Coal,0.0,0.47866053468280334
2010,3,Coal,0.0,0.4625943685823072
2010,4,Coal,0.0,0.44111402072794553
2010,5,Coal,0.0,0.4369261453216351
2010,6,Coal,0.0,0.44050725588878564
2010,7,Coal,0.0,0.43839804045407993
2010,8,Coal,0.0,0.43473595683205796
2010,9,Coal,0.0,0.42986293114931545
2010,10,Coal,0.0,0.42956283623998026
2010,11,Coal,0.0,0.44176729258238406
2010,12,Coal,0.0,0.46189382203548346
2011,1,Coal,0.0,0.4707056806890029
2011,2,Coal,0.0,0.4417160072087738
2011,3,Coal,0.0,0.4231035746632241
2011,4,Coal,0.0,0.4116754813759713
2011,5,Coal,0.0,0.42365105313563434
2011,6,Coal,0.0,0.4298616687733372
2011,7,Coal,0.0,0.421836362018296
2011,8,Coal,0.0,0.42137667045846816
2011,9,Coal,0.0,0.417085618825197
2011,10,Coal,0.0,0.4102062874244876
2011,11,Coal,0.0,0.3994465486725747
2011,12,Coal,0.0,0.395937194050963
2012,1,Coal,0.0,0.38021621241268067
2012,2,Coal,0.0,0.36805941151961113
2012,3,Coal,0.0,0.34142287480645755
2012,4,Coal,0.0,0.3261469280621538
2012,5,Coal,0.0,0.3446772755052526
2012,6,Coal,0.0,0.3637957189829374
2012,7,Coal,0.0,0.3869760224823833
2012,8,Coal,0.0,0.3846021238386251
2012,9,Coal,0.0,0.3753726959372857
2012,10,Coal,0.0,0.38827566570247046
2012,11,Coal,0.0,0.4207468769866965
2012,12,Coal,0.0,0.4006871698399952
2013,1,Coal,0.0,0.3957705369860682
2013,2,Coal,0.0,0.3989169345210176
2013,3,Coal,0.0,0.4014636962634368
2013,4,Coal,0.0,0.37362194176010377
2013,5,Coal,0.0,0.3709871230795338
2013,6,Coal,0.0,0.38755036307267204
2013,7,Coal,0.0,0.38716669760850014
2013,8,Coal,0.0,0.3878393127175899
2013,9,Coal,0.0,0.3904285679504219
2013,10,Coal,0.0,0.3842132664644363
2013,11,Coal,0.0,0.3845072378722404
2013,12,Coal,0.0,0.40186571779639496
2014,1,Coal,0.0,0.4157483694584279
2014,2,Coal,0.0,0.44092021887944055
2014,3,Coal,0.0,0.41008599988664485
2014,4,Coal,0.0,0.36596805645656555
2014,5,Coal,0.0,0.364614329655126
2014,6,Coal,0.0,0.3832973824796497
2014,7,Coal,0.0,0.3867162707878432
2014,8,Coal,0.0,0.38511944892976796
2014,9,Coal,0.0,0.3699085079229812
2014,10,Coal,0.0,0.35279785676736747
2014,11,Coal,0.0,0.37428684404046686
2014,12,Coal,0.0,0.3679252229055857
2015,1,Coal,0.0,0.3667048930692379
2015,2,Coal,0.0,0.37874262358015476
2015,3,Coal,0.0,0.3334891972115286
2015,4,Coal,0.0,0.3012679535453889
2015,5,Coal,0.0,0.32332643724752047
2015,6,Coal,0.0,0.34544906592902286
2015,7,Coal,0.0,0.3461194729808063
2015,8,Coal,0.0,0.34218173313160555
2015,9,Coal,0.0,0.3357271870487391
2015,10,Coal,0.0,0.3088448191449919
2015,11,Coal,0.0,0.2891960923612685
2015,12,Coal,0.0,0.27509428268370695
2016,1,Coal,0.0,0.32078651077377074
2016,2,Coal,0.0,0.2944665843058394
2016,3,Coal,0.0,0.23594349956697622
2016,4,Coal,0.0,0.24480808262012557
2016,5,Coal,0.0,0.2563898882731756
2016,6,Coal,0.0,0.3138776773618406
2016,7,Coal,0.0,0.32937995410474014
2016,8,Coal,0.0,0.3295193727647749
2016,9,Coal,0.0,0.32315814208850535
2016,10,Coal,0.0,0.3154288128297871
2016,11,Coal,0.0,0.2914563665915854
2016,12,Coal,0.0,0.34271719056445626
2017,1,Coal,0.0,0.3371417023606129
2017,2,Coal,0.0,0.2978803267495576
2017,3,Coal,0.0,0.27756107605062325
2017,4,Coal,0.0,0.27553552954336386
2017,5,Coal,0.0,0.28664163120787983
2017,6,Coal,0.0,0.2995095000462488
2017,7,Coal,0.0,0.3168577739207153
2017,8,Coal,0.0,0.3115997244293013
2017,9,Coal,0.0,0.2926580353323375
2017,10,Coal,0.0,0.2811761160609251
2017,11,Coal,0.0,0.2957701648214293
2017,12,Coal,0.0,0.3068296388534269
2001,1,Hydro,0.0,0.05670063518401451
2001,2,Hydro,0.0,0.06175471729056942
2001,3,Hydro,0.0,0.06809692153298169
2001,4,Hydro,0.0,0.06477674367621819
2001,5,Hydro,0.0,0.06381546566473134
2001,6,Hydro,0.0,0.06325310010046625
2001,7,Hydro,0.0,0.050558292117624866
2001,8,Hydro,0.0,0.05105133742704291
2001,9,Hydro,0.0,0.04970542229837744
2001,10,Hydro,0.0,0.05168966939536527
2001,11,Hydro,0.0,0.05526282742627846
2001,12,Hydro,0.0,0.06332748784910673
2002,1,Hydro,0.0,0.06812139844649898
2002,2,Hydro,0.0,0.0716471881726422
2002,3,Hydro,0.0,0.06944199695262354
2002,4,Hydro,0.0,0.08365939533040062
2002,5,Hydro,0.0,0.08665857228614558
2002,6,Hydro,0.0,0.08273747190434509
2002,7,Hydro,0.0,0.06677484370555216
2002,8,Hydro,0.0,0.05629885531058909
2002,9,Hydro,0.0,0.051578644771563764
2002,10,Hydro,0.0,0.0559217467141099
2002,11,Hydro,0.0,0.06659045349790903
2002,12,Hydro,0.0,0.06670729877487448
2003,1,Hydro,0.0,0.060237849940647424
2003,2,Hydro,0.0,0.0661011537548573
2003,3,Hydro,0.0,0.07953315156578174
2003,4,Hydro,0.0,0.08664403734292699
2003,5,Hydro,0.0,0.09558087688135374
2003,6,Hydro,0.0,0.08697035953451132
2003,7,Hydro,0.0,0.06635701847644453
2003,8,Hydro,0.0,0.060169002340032196
2003,9,Hydro,0.0,0.057190922332668065
2003,10,Hydro,0.0,0.06007802039935221
2003,11,Hydro,0.0,0.06618806637858071
2003,12,Hydro,0.0,0.07249229152961616
2004,1,Hydro,0.0,0.06632418180216387
2004,2,Hydro,0.0,0.06654494224796169
2004,3,Hydro,0.0,0.07420150401944176
2004,4,Hydro,0.0,0.07188856181102185
2004,5,Hydro,0.0,0.07337007433815439
2004,6,Hydro,0.0,0.07317846213538265
2004,7,Hydro,0.0,0.06179810365466956
2004,8,Hydro,0.0,0.05860464052749454
2004,9,Hydro,0.0,0.06115603407610911
2004,10,Hydro,0.0,0.06037043901932894
2004,11,Hydro,0.0,0.0693045646263943
2004,12,Hydro,0.0,0.07665210279923355
2005,1,Hydro,0.0,0.07073971241256079
2005,2,Hydro,0.0,0.07238447797153195
2005,3,Hydro,0.0,0.07224882829342204
2005,4,Hydro,0.0,0.07963157842821592
2005,5,Hydro,0.0,0.08658120829970714
2005,6,Hydro,0.0,0.0736546530705594
2005,7,Hydro,0.0,0.06453982037858597
2005,8,Hydro,0.0,0.05326629193441296
2005,9,Hydro,0.0,0.04958023555782864
2005,10,Hydro,0.0,0.056912137199715294
2005,11,Hydro,0.0,0.06322020502542629
2005,12,Hydro,0.0,0.06360641564311421
2006,1,Hydro,0.0,0.08348153446434113
2006,2,Hydro,0.0,0.08056982915214495
2006,3,Hydro,0.0,0.07725849122815527
2006,4,Hydro,0.0,0.09587014589754439
2006,5,Hydro,0.0,0.09321582161607316
2006,6,Hydro,0.0,0.08169331366400519
2006,7,Hydro,0.0,0.06198708879189568
2006,8,Hydro,0.0,0.05329302406083474
2006,9,Hydro,0.0,0.051802916710217035
2006,10,Hydro,0.0,0.053037785265164616
2006,11,Hydro,0.0,0.06557043709583042
2006,12,Hydro,0.0,0.06422004144041739
2007,1,Hydro,0.0,0.07367010365536082
2007,2,Hydro,0.0,0.057441340921477076
2007,3,Hydro,0.0,0.07539970750294074
2007,4,Hydro,0.0,0.07881315584046203
2007,5,Hydro,0.0,0.07888168937069373
2007,6,Hydro,0.0,0.06290059535465568
2007,7,Hydro,0.0,0.05716402904559302
2007,8,Hydro,0.0,0.04727981896656222
2007,9,Hydro,0.0,0.04148288008426484
2007,10,Hydro,0.0,0.04448559747936189
2007,11,Hydro,0.0,0.04992642716679754
2007,12,Hydro,0.0,0.052966096103945454
2008,1,Hydro,0.0,0.05724350488321201
2008,2,Hydro,0.0,0.05779340309243974
2008,3,Hydro,0.0,0.06674976211010647
2008,4,Hydro,0.0,0.07269197135640211
2008,5,Hydro,0.0,0.08369433515954905
2008,6,Hydro,0.0,0.07821131328791585
2008,7,Hydro,0.0,0.06342918728519528
2008,8,Hydro,0.0,0.05457660994420072
2008,9,Hydro,0.0,0.04785660905848343
2008,10,Hydro,0.0,0.04856444712586861
2008,11,Hydro,0.0,0.05053418467112132
2008,12,Hydro,0.0,0.06066181016248074
2009,1,Hydro,0.0,0.06617230131160577
2009,2,Hydro,0.0,0.059198896573672735
2009,3,Hydro,0.0,0.07027445353937761
2009,4,Hydro,0.0,0.08900360351576407
2009,5,Hydro,0.0,0.0949537904177841
2009,6,Hydro,0.0,0.08408850082896835
2009,7,Hydro,0.0,0.06277175255486081
2009,8,Hydro,0.0,0.05136389376470759
2009,9,Hydro,0.0,0.05301979681625768
2009,10,Hydro,0.0,0.0641318604867833
2009,11,Hydro,0.0,0.0708201132419166
2009,12,Hydro,0.0,0.07055441452532914
2010,1,Hydro,0.0,0.06201042353380634
2010,2,Hydro,0.0,0.06439670115745606
2010,3,Hydro,0.0,0.06690590792462803
2010,4,Hydro,0.0,0.06635431688868353
2010,5,Hydro,0.0,0.07648199119892292
2010,6,Hydro,0.0,0.07946527924384622
2010,7,Hydro,0.0,0.05984448922349031
2010,8,Hydro,0.0,0.049208348460159285
2010,9,Hydro,0.0,0.04989504697492246
2010,10,Hydro,0.0,0.05742767795701376
2010,11,Hydro,0.0,0.06392462248572776
2010,12,Hydro,0.0,0.0639828614620087
2011,1,Hydro,0.0,0.07035973469249242
2011,2,Hydro,0.0,0.07706644230705413
2011,3,Hydro,0.0,0.09769055780512179
2011,4,Hydro,0.0,0.10315777092241707
2011,5,Hydro,0.0,0.10069531714086677
2011,6,Hydro,0.0,0.08744143534548805
2011,7,Hydro,0.0,0.07473418014015364
2011,8,Hydro,0.0,0.06338239712566607
2011,9,Hydro,0.0,0.06326247614042832
2011,10,Hydro,0.0,0.06410096884350464
2011,11,Hydro,0.0,0.06801071105334289
2011,12,Hydro,0.0,0.07068720346215747
2012,1,Hydro,0.0,0.06805828016589495
2012,2,Hydro,0.0,0.06556221843456322
2012,3,Hydro,0.0,0.08381967985237576
2012,4,Hydro,0.0,0.08907019966954594
2012,5,Hydro,0.0,0.08511626316543809
2012,6,Hydro,0.0,0.07388288015751421
2012,7,Hydro,0.0,0.06389144753998854
2012,8,Hydro,0.0,0.058212369921253615
2012,9,Hydro,0.0,0.052616615461655344
2012,10,Hydro,0.0,0.05295241547901365
2012,11,Hydro,0.0,0.06123021217379544
2012,12,Hydro,0.0,0.06868742608702666
2013,1,Hydro,0.0,0.07115175003954921
2013,2,Hydro,0.0,0.06592862950873521
2013,3,Hydro,0.0,0.06310628943378377
2013,4,Hydro,0.0,0.08384544749883273
2013,5,Hydro,0.0,0.08831393006718527
2013,6,Hydro,0.0,0.07674615361688156
2013,7,Hydro,0.0,0.06902779949676045
2013,8,Hydro,0.0,0.05614984871260963
2013,9,Hydro,0.0,0.049749054573905334
2013,10,Hydro,0.0,0.054612603645370066
2013,11,Hydro,0.0,0.056200477522831145
2013,12,Hydro,0.0,0.05985308866141772
2014,1,Hydro,0.0,0.057252485779006476
2014,2,Hydro,0.0,0.05352826279345665
2014,3,Hydro,0.0,0.07290618186162096
2014,4,Hydro,0.0,0.08519530359037839
2014,5,Hydro,0.0,0.08147674911054163
2014,6,Hydro,0.0,0.07172395508392185
2014,7,Hydro,0.0,0.06295254329439769
2014,8,Hydro,0.0,0.0513847929611247
2014,9,Hydro,0.0,0.047149409939472954
2014,10,Hydro,0.0,0.054393110459134704
2014,11,Hydro,0.0,0.05851769920867224
2014,12,Hydro,0.0,0.06592294084410717
2015,1,Hydro,0.0,0.06682996368097754
2015,2,Hydro,0.0,0.06647422813319906
2015,3,Hydro,0.0,0.07463916627791473
2015,4,Hydro,0.0,0.07607428431237903
2015,5,Hydro,0.0,0.06221837147876368
2015,6,Hydro,0.0,0.05611404096338349
2015,7,Hydro,0.0,0.052289274840131746
2015,8,Hydro,0.0,0.04858706512298641
2015,9,Hydro,0.0,0.04579569855669951
2015,10,Hydro,0.0,0.05308281075879694
2015,11,Hydro,0.0,0.06411336397817122
2015,12,Hydro,0.0,0.07120742472797664
2016,1,Hydro,0.0,0.07242062917210591
2016,2,Hydro,0.0,0.07667491680967846
2016,3,Hydro,0.0,0.0895418763677345
2016,4,Hydro,0.0,0.08785049502598564
2016,5,Hydro,0.0,0.07998640875692678
2016,6,Hydro,0.0,0.06285666119783381
2016,7,Hydro,0.0,0.0518422644230722
2016,8,Hydro,0.0,0.0475434677520455
2016,9,Hydro,0.0,0.04634180658153136
2016,10,Hydro,0.0,0.05513617793564124
2016,11,Hydro,0.0,0.06305221427413327
2016,12,Hydro,0.0,0.06501774751834233
2017,1,Hydro,0.0,0.08123683264589898
2017,2,Hydro,0.0,0.08411140597565005
2017,3,Hydro,0.0,0.0934675784192269
2017,4,Hydro,0.0,0.09892157348049237
2017,5,Hydro,0.0,0.09923128742796758
2017,6,Hydro,0.0,0.08451799515369893
2017,7,Hydro,0.0,0.06371389889589812
2017,8,Hydro,0.0,0.05510556973974637
2017,9,Hydro,0.0,0.05638465849582585
2017,10,Hydro,0.0,0.05370230373670855
2017,11,Hydro,0.0,0.06435763449048862
2017,12,Hydro,0.0,0.06476957876954055
2001,1,Natural Gas,0.0,0.12749086938513338
2001,2,Natural Gas,0.0,0.13418710078258667
2001,3,Natural Gas,0.0,0.14753391549400646
2001,4,Natural Gas,0.0,0.1648556448905292
2001,5,Natural Gas,0.0,0.1695062515706983
2001,6,Natural Gas,0.0,0.17578363350474735
2001,7,Natural Gas,0.0,0.20422893405753526
2001,8,Natural Gas,0.0,0.21164083080817792
2001,9,Natural Gas,0.0,0.1960752026689104
2001,10,Natural Gas,0.0,0.19128157555052644
2001,11,Natural Gas,0.0,0.159520442002484
2001,12,Natural Gas,0.0,0.1556184433039857
2002,1,Natural Gas,0.0,0.15131728963568705
2002,2,Natural Gas,0.0,0.15722190565207134
2002,3,Natural Gas,0.0,0.1692829678007673
2002,4,Natural Gas,0.0,0.1695725591108759
2002,5,Natural Gas,0.0,0.16340362155047006
2002,6,Natural Gas,0.0,0.19247067251514438
2002,7,Natural Gas,0.0,0.2200007706045625
2002,8,Natural Gas,0.0,0.22557235037968654
2002,9,Natural Gas,0.0,0.20575314134559997
2002,10,Natural Gas,0.0,0.17651539572265912
2002,11,Natural Gas,0.0,0.15242164277685208
2002,12,Natural Gas,0.0,0.14192154568282553
2003,1,Natural Gas,0.0,0.14672173467905025
2003,2,Natural Gas,0.0,0.14552575103032744
2003,3,Natural Gas,0.0,0.1534616642694768
2003,4,Natural Gas,0.0,0.1581613331468882
2003,5,Natural Gas,0.0,0.16053990397889434
2003,6,Natural Gas,0.0,0.16566650686776704
2003,7,Natural Gas,0.0,0.20550559473724905
2003,8,Natural Gas,0.0,0.21805000477288988
2003,9,Natural Gas,0.0,0.18286392117660424
2003,10,Natural Gas,0.0,0.16895059526187947
2003,11,Natural Gas,0.0,0.15217484846132062
2003,12,Natural Gas,0.0,0.13276270393081444
2004,1,Natural Gas,0.0,0.13924739273181055
2004,2,Natural Gas,0.0,0.1601125815136012
2004,3,Natural Gas,0.0,0.16126724359968156
2004,4,Natural Gas,0.0,0.17835181436880107
2004,5,Natural Gas,0.0,0.1894503779700166
2004,6,Natural Gas,0.0,0.18745180996815122
2004,7,Natural Gas,0.0,0.21013441457742252
2004,8,Natural Gas,0.0,0.2112199121582166
2004,9,Natural Gas,0.0,0.20217433824470155
2004,10,Natural Gas,0.0,0.18316100815647363
2004,11,Natural Gas,0.0,0.16449093852538266
2004,12,Natural Gas,0.0,0.15005258604509694
2005,1,Natural Gas,0.0,0.14962031581564872
2005,2,Natural Gas,0.0,0.15046097663685992
2005,3,Natural Gas,0.0,0.1634759516454465
2005,4,Natural Gas,0.0,0.17963719878028425
2005,5,Natural Gas,0.0,0.1740161578483848
2005,6,Natural Gas,0.0,0.20800164489979203
2005,7,Natural Gas,0.0,0.2407345033502679
2005,8,Natural Gas,0.0,0.24893866775074547
2005,9,Natural Gas,0.0,0.20945912734035532
2005,10,Natural Gas,0.0,0.1768105846083978
2005,11,Natural Gas,0.0,0.16150854493138703
2005,12,Natural Gas,0.0,0.1551082390335484
2006,1,Natural Gas,0.0,0.1332913518275853
2006,2,Natural Gas,0.0,0.15425987594619353
2006,3,Natural Gas,0.0,0.17231424619058744
2006,4,Natural Gas,0.0,0.18831412936782568
2006,5,Natural Gas,0.0,0.1983752421475621
2006,6,Natural Gas,0.0,0.22253634195783134
2006,7,Natural Gas,0.0,0.26338688290344675
2006,8,Natural Gas,0.0,0.261436843949362
2006,9,Natural Gas,0.0,0.21885881816509134
2006,10,Natural Gas,0.0,0.21967471911184092
2006,11,Natural Gas,0.0,0.1728547730982865
2006,12,Natural Gas,0.0,0.16690880576814343
2007,1,Natural Gas,0.0,0.17388694453803227
2007,2,Natural Gas,0.0,0.1782708256295746
2007,3,Natural Gas,0.0,0.17537854122330146
2007,4,Natural Gas,0.0,0.1984395165842648
2007,5,Natural Gas,0.0,0.20129945882053243
2007,6,Natural Gas,0.0,0.22470994586825618
2007,7,Natural Gas,0.0,0.2479118188882589
2007,8,Natural Gas,0.0,0.28769811005136003
2007,9,Natural Gas,0.0,0.24911228313604086
2007,10,Natural Gas,0.0,0.2355840305523215
2007,11,Natural Gas,0.0,0.1930473476923694
2007,12,Natural Gas,0.0,0.1929240338746681
2008,1,Natural Gas,0.0,0.20000224438085978
2008,2,Natural Gas,0.0,0.1846853595486889
2008,3,Natural Gas,0.0,0.19151244640202908
2008,4,Natural Gas,0.0,0.20612391588390802
2008,5,Natural Gas,0.0,0.19145716319320696
2008,6,Natural Gas,0.0,0.22682738524893617
2008,7,Natural Gas,0.0,0.24900216200080122
2008,8,Natural Gas,0.0,0.2562424179765709
2008,9,Natural Gas,0.0,0.23409179277730302
2008,10,Natural Gas,0.0,0.230056758237824
2008,11,Natural Gas,0.0,0.19820978396810812
2008,12,Natural Gas,0.0,0.18715897849427132
2009,1,Natural Gas,0.0,0.1870213398897494
2009,2,Natural Gas,0.0,0.20652060380934814
2009,3,Natural Gas,0.0,0.21958175295707494
2009,4,Natural Gas,0.0,0.211229454141509
2009,5,Natural Gas,0.0,0.21890267021709284
2009,6,Natural Gas,0.0,0.24221229110612996
2009,7,Natural Gas,0.0,0.27351393260104917
2009,8,Natural Gas,0.0,0.2865602386383726
2009,9,Natural Gas,0.0,0.2813880441295235
2009,10,Natural Gas,0.0,0.23645989090825034
2009,11,Natural Gas,0.0,0.21334367942357244
2009,12,Natural Gas,0.0,0.20424593413803707
2010,1,Natural Gas,0.0,0.20548780458294877
2010,2,Natural Gas,0.0,0.20703940866717596
2010,3,Natural Gas,0.0,0.20319417096673567
2010,4,Natural Gas,0.0,0.22461195431373854
2010,5,Natural Gas,0.0,0.22464378910814287
2010,6,Natural Gas,0.0,0.2456012298113438
2010,7,Natural Gas,0.0,0.2797933510885267
2010,8,Natural Gas,0.0,0.29631391029443743
2010,9,Natural Gas,0.0,0.2687745294065717
2010,10,Natural Gas,0.0,0.25246497290373854
2010,11,Natural Gas,0.0,0.22622346884428587
2010,12,Natural Gas,0.0,0.214223647842792
2011,1,Natural Gas,0.0,0.20462016567037322
2011,2,Natural Gas,0.0,0.21052387696313024
2011,3,Natural Gas,0.0,0.20690667494860807
2011,4,Natural Gas,0.0,0.2315637054876862
2011,5,Natural Gas,0.0,0.23248617240647898
2011,6,Natural Gas,0.0,0.24663334000052128
2011,7,Natural Gas,0.0,0.2857437052526088
2011,8,Natural Gas,0.0,0.29484457661491426
2011,9,Natural Gas,0.0,0.2714626374331829
2011,10,Natural Gas,0.0,0.2553145179808603
2011,11,Natural Gas,0.0,0.24808199476715517
2011,12,Natural Gas,0.0,0.25650231086054576
2012,1,Natural Gas,0.0,0.2673080042038869
2012,2,Natural Gas,0.0,0.29285650536863655
2012,3,Natural Gas,0.0,0.298457027942054
2012,4,Natural Gas,0.0,0.32119601897972355
2012,5,Natural Gas,0.0,0.31901108565894754
2012,6,Natural Gas,0.0,0.32036768894289785
2012,7,Natural Gas,0.0,0.33489495358013893
2012,8,Natural Gas,0.0,0.3329159059023262
2012,9,Natural Gas,0.0,0.3228217649096629
2012,10,Natural Gas,0.0,0.29432242384657903
2012,11,Natural Gas,0.0,0.2620218798262011
2012,12,Natural Gas,0.0,0.2509824402288318
2013,1,Natural Gas,0.0,0.25377148146214823
2013,2,Natural Gas,0.0,0.2592075479264106
2013,3,Natural Gas,0.0,0.26036238487890473
2013,4,Natural Gas,0.0,0.26069067256203693
2013,5,Natural Gas,0.0,0.26016128603407956
2013,6,Natural Gas,0.0,0.27916288545888507
2013,7,Natural Gas,0.0,0.3058610488850182
2013,8,Natural Gas,0.0,0.3144473012962039
2013,9,Natural Gas,0.0,0.2993457321157643
2013,10,Natural Gas,0.0,0.2812836507562472
2013,11,Natural Gas,0.0,0.26796014721426553
2013,12,Natural Gas,0.0,0.263260051074447
2014,1,Natural Gas,0.0,0.24097323545097984
2014,2,Natural Gas,0.0,0.23366432928789202
2014,3,Natural Gas,0.0,0.23487193922622604
2014,4,Natural Gas,0.0,0.25711604587477377
2014,5,Natural Gas,0.0,0.27353591265330557
2014,6,Natural Gas,0.0,0.2743191087457764
2014,7,Natural Gas,0.0,0.29741372464091564
2014,8,Natural Gas,0.0,0.3173826348848102
2014,9,Natural Gas,0.0,0.3126076806622522
2014,10,Natural Gas,0.0,0.30962833788080063
2014,11,Natural Gas,0.0,0.2650153348272091
2014,12,Natural Gas,0.0,0.26876225563012024
2015,1,Natural Gas,0.0,0.2815288389701073
2015,2,Natural Gas,0.0,0.27235121393242456
2015,3,Natural Gas,0.0,0.30561893268827456
2015,4,Natural Gas,0.0,0.31418390885798286
2015,5,Natural Gas,0.0,0.31383506874623796
2015,6,Natural Gas,0.0,0.33391096500185474
2015,7,Natural Gas,0.0,0.3511380668812171
2015,8,Natural Gas,0.0,0.35339007927848937
2015,9,Natural Gas,0.0,0.3500919519299571
2015,10,Natural Gas,0.0,0.35112088680323944
2015,11,Natural Gas,0.0,0.3389521161122667
2015,12,Natural Gas,0.0,0.33743136260566803
2016,1,Natural Gas,0.0,0.3111245314125892
2016,2,Natural Gas,0.0,0.31303489655119315
2016,3,Natural Gas,0.0,0.3396270458179132
2016,4,Natural Gas,0.0,0.33565741749202777
2016,5,Natural Gas,0.0,0.34656792080179283
2016,6,Natural Gas,0.0,0.35542352707189734
2016,7,Natural Gas,0.0,0.366192092525432
2016,8,Natural Gas,0.0,0.37597671301102825
2016,9,Natural Gas,0.0,0.35561306464791315
2016,10,Natural Gas,0.0,0.327201906696332
2016,11,Natural Gas,0.0,0.3149222837423455
2016,12,Natural Gas,0.0,0.27811201177724476
2017,1,Natural Gas,0.0,0.26691945777557835
2017,2,Natural Gas,0.0,0.2780198698866445
2017,3,Natural Gas,0.0,0.29408813808062745
2017,4,Natural Gas,0.0,0.2913171782737752
2017,5,Natural Gas,0.0,0.29881735847890495
2017,6,Natural Gas,0.0,0.32227089565134764
2017,7,Natural Gas,0.0,0.357936972695032
2017,8,Natural Gas,0.0,0.3628097756363356
2017,9,Natural Gas,0.0,0.34674113195635503
2017,10,Natural Gas,0.0,0.33045310451148474
2017,11,Natural Gas,0.0,0.3005906293042538
2017,12,Natural Gas,0.0,0.30573390561798447
2001,1,Nuclear,0.0,0.20664782419868494
2001,2,Nuclear,0.0,0.2165560327390398
2001,3,Nuclear,0.0,0.2066490172268565
2001,4,Nuclear,0.0,0.2013931532034365
2001,5,Nuclear,0.0,0.2047100563736833
2001,6,Nuclear,0.0,0.20758147624785378
2001,7,Nuclear,0.0,0.19342296795210687
2001,8,Nuclear,0.0,0.1845943876099035
2001,9,Nuclear,0.0,0.2064923101268372
2001,10,Nuclear,0.0,0.20514010865298318
2001,11,Nuclear,0.0,0.2235252474984755
2001,12,Nuclear,0.0,0.2207256579456914
2002,1,Nuclear,0.0,0.22168315070989666
2002,2,Nuclear,0.0,0.21878524921616643
2002,3,Nuclear,0.0,0.20837292386517242
2002,4,Nuclear,0.0,0.20162861034792837
2002,5,Nuclear,0.0,0.20486602653573793
2002,6,Nuclear,0.0,0.1946433783784744
2002,7,Nuclear,0.0,0.18461798524092232
2002,8,Nuclear,0.0,0.18899244035183851
2002,9,Nuclear,0.0,0.19464355293134505
2002,10,Nuclear,0.0,0.19700725225627383
2002,11,Nuclear,0.0,0.2076361105264674
2002,12,Nuclear,0.0,0.21212771640026268
2003,1,Nuclear,0.0,0.20238403428479948
2003,2,Nuclear,0.0,0.20365805687590163
2003,3,Nuclear,0.0,0.19695182026084973
2003,4,Nuclear,0.0,0.19868630298221113
2003,5,Nuclear,0.0,0.2022543324861294
2003,6,Nuclear,0.0,0.1952620976613384
2003,7,Nuclear,0.0,0.18604563788064737
2003,8,Nuclear,0.0,0.18078933632288627
2003,9,Nuclear,0.0,0.19677045286998568
2003,10,Nuclear,0.0,0.19565723672969926
2003,11,Nuclear,0.0,0.20008913296442482
2003,12,Nuclear,0.0,0.20686035608682815
2004,1,Nuclear,0.0,0.20432920507169158
2004,2,Nuclear,0.0,0.2039657009735418
2004,3,Nuclear,0.0,0.2049311843631479
2004,4,Nuclear,0.0,0.20174889434041182
2004,5,Nuclear,0.0,0.19829522255148976
2004,6,Nuclear,0.0,0.1962857425881506
2004,7,Nuclear,0.0,0.1907482488389208
2004,8,Nuclear,0.0,0.19289316310308519
2004,9,Nuclear,0.0,0.19644783351808418
2004,10,Nuclear,0.0,0.2001285982391122
2004,11,Nuclear,0.0,0.19510255454050268
2004,12,Nuclear,0.0,0.2006663324609226
2005,1,Nuclear,0.0,0.2035100523400681
2005,2,Nuclear,0.0,0.20417726448763257
2005,3,Nuclear,0.0,0.19384694781028716
2005,4,Nuclear,0.0,0.19161291395347368
2005,5,Nuclear,0.0,0.19986643934892706
2005,6,Nuclear,0.0,0.18190028964811963
2005,7,Nuclear,0.0,0.17671047306390955
2005,8,Nuclear,0.0,0.1763093345926956
2005,9,Nuclear,0.0,0.19056637326326212
2005,10,Nuclear,0.0,0.19354542759964868
2005,11,Nuclear,0.0,0.2055196937566295
2005,12,Nuclear,0.0,0.20607823408626025
2006,1,Nuclear,0.0,0.2188052742804253
2006,2,Nuclear,0.0,0.20373948347056714
2006,3,Nuclear,0.0,0.19992100924344658
2006,4,Nuclear,0.0,0.1932706793317401
2006,5,Nuclear,0.0,0.189876190310416
2006,6,Nuclear,0.0,0.1877565826070766
2006,7,Nuclear,0.0,0.17589376897365558
2006,8,Nuclear,0.0,0.17663351466135355
2006,9,Nuclear,0.0,0.20069614685947368
2006,10,Nuclear,0.0,0.17884107685239695
2006,11,Nuclear,0.0,0.19857815755052366
2006,12,Nuclear,0.0,0.20961569067433228
2007,1,Nuclear,0.0,0.20933399247284115
2007,2,Nuclear,0.0,0.2017920845541122
2007,3,Nuclear,0.0,0.2006579575843138
2007,4,Nuclear,0.0,0.1890328942638506
2007,5,Nuclear,0.0,0.19692292312494772
2007,6,Nuclear,0.0,0.19000643565301314
2007,7,Nuclear,0.0,0.18498407412629028
2007,8,Nuclear,0.0,0.17249522581160628
2007,9,Nuclear,0.0,0.19015414891396726
2007,10,Nuclear,0.0,0.18547010536774686
2007,11,Nuclear,0.0,0.20661765854970598
2007,12,Nuclear,0.0,0.2078678245491674
2008,1,Nuclear,0.0,0.1948635264933958
2008,2,Nuclear,0.0,0.20033686764755496
2008,3,Nuclear,0.0,0.1993548898389008
2008,4,Nuclear,0.0,0.18744449387145237
2008,5,Nuclear,0.0,0.1993141799512005
2008,6,Nuclear,0.0,0.1884940005138012
2008,7,Nuclear,0.0,0.18446220031334778
2008,8,Nuclear,0.0,0.18668526534527397
2008,9,Nuclear,0.0,0.19835162232315423
2008,10,Nuclear,0.0,0.19721053983858713
2008,11,Nuclear,0.0,0.20451189703715877
2008,12,Nuclear,0.0,0.21207239934958053
2009,1,Nuclear,0.0,0.20874714778326442
2009,2,Nuclear,0.0,0.21346133190024524
2009,3,Nuclear,0.0,0.2164839837415697
2009,4,Nuclear,0.0,0.2051843938243216
2009,5,Nuclear,0.0,0.2100682840706796
2009,6,Nuclear,0.0,0.2005887268370128
2009,7,Nuclear,0.0,0.19581717193421555
2009,8,Nuclear,0.0,0.18951403757554647
2009,9,Nuclear,0.0,0.20082978337234636
2009,10,Nuclear,0.0,0.188968416491544
2009,11,Nuclear,0.0,0.19913116678584664
2009,12,Nuclear,0.0,0.2017370274483457
2010,1,Nuclear,0.0,0.20104726815414228
2010,2,Nuclear,0.0,0.20406125831466307
2010,3,Nuclear,0.0,0.2070532657402421
2010,4,Nuclear,0.0,0.20017861079744415
2010,5,Nuclear,0.0,0.20328244264416487
2010,6,Nuclear,0.0,0.18180528758391698
2010,7,Nuclear,0.0,0.17553806146380813
2010,8,Nuclear,0.0,0.17505853957981005
2010,9,Nuclear,0.0,0.20047712902980533
2010,10,Nuclear,0.0,0.20379118026172696
2010,11,Nuclear,0.0,0.20474913205615258
2010,12,Nuclear,0.0,0.20348112120672385
2011,1,Nuclear,0.0,0.20046790502753203
2011,2,Nuclear,0.0,0.2069129737323989
2011,3,Nuclear,0.0,0.20602624610008527
2011,4,Nuclear,0.0,0.18038489793719115
2011,5,Nuclear,0.0,0.17617290551475198
2011,6,Nuclear,0.0,0.17751473210380747
2011,7,Nuclear,0.0,0.17282071910969288
2011,8,Nuclear,0.0,0.17550393337103862
2011,9,Nuclear,0.0,0.1978250909010823
2011,10,Nuclear,0.0,0.20517921840508055
2011,11,Nuclear,0.0,0.21203107258306272
2011,12,Nuclear,0.0,0.21397248327667506
2012,1,Nuclear,0.0,0.21318684143982602
2012,2,Nuclear,0.0,0.2063675708318577
2012,3,Nuclear,0.0,0.19971998390322745
2012,4,Nuclear,0.0,0.18925117219105775
2012,5,Nuclear,0.0,0.18449366307074871
2012,6,Nuclear,0.0,0.18053860275428596
2012,7,Nuclear,0.0,0.16672701154536446
2012,8,Nuclear,0.0,0.17590310230210482
2012,9,Nuclear,0.0,0.1928170402217924
2012,10,Nuclear,0.0,0.19171045043753596
2012,11,Nuclear,0.0,0.18536673117014427
2012,12,Nuclear,0.0,0.20495838394423388
2013,1,Nuclear,0.0,0.20462948590077504
2013,2,Nuclear,0.0,0.19852203781379363
2013,3,Nuclear,0.0,0.19345022354562888
2013,4,Nuclear,0.0,0.18964915178896938
2013,5,Nuclear,0.0,0.19509136040501862
2013,6,Nuclear,0.0,0.1861748027974437
2013,7,Nuclear,0.0,0.1786551063615901
2013,8,Nuclear,0.0,0.18517624186048465
2013,9,Nuclear,0.0,0.19299612063066562
2013,10,Nuclear,0.0,0.20063368008586982
2013,11,Nuclear,0.0,0.20657837717539762
2013,12,Nuclear,0.0,0.20196329106246444
2014,1,Nuclear,0.0,0.19362027297041495
2014,2,Nuclear,0.0,0.1927413958785464
2014,3,Nuclear,0.0,0.18753797340790984
2014,4,Nuclear,0.0,0.18882546088836252
2014,5,Nuclear,0.0,0.1932178330342156
2014,6,Nuclear,0.0,0.1898371157025608
2014,7,Nuclear,0.0,0.185931727129467
2014,8,Nuclear,0.0,0.18452518636220547
2014,9,Nuclear,0.0,0.19809301347923242
2014,10,Nuclear,0.0,0.19777364185136612
2014,11,Nuclear,0.0,0.20466413439887504
2014,12,Nuclear,0.0,0.21659369819020774
2015,1,Nuclear,0.0,0.20562518532779217
2015,2,Nuclear,0.0,0.18929100670133697
2015,3,Nuclear,0.0,0.19841596978663406
2015,4,Nuclear,0.0,0.2023971908976933
2015,5,Nuclear,0.0,0.20350482498860695
2015,6,Nuclear,0.0,0.18833658612671242
2015,7,Nuclear,0.0,0.17769351602692499
2015,8,Nuclear,0.0,0.1839990629404083
2015,9,Nuclear,0.0,0.18915799282549636
2015,10,Nuclear,0.0,0.19333716756399816
2015,11,Nuclear,0.0,0.1998013122602119
2015,12,Nuclear,0.0,0.2140433237843838
2016,1,Nuclear,0.0,0.20505109028681973
2016,2,Nuclear,0.0,0.20849230577431566
2016,3,Nuclear,0.0,0.21625128325640694
2016,4,Nuclear,0.0,0.2129614923716359
2016,5,Nuclear,0.0,0.20894353296672774
2016,6,Nuclear,0.0,0.18171195398333234
2016,7,Nuclear,0.0,0.16998438123871723
2016,8,Nuclear,0.0,0.17377065246922802
2016,9,Nuclear,0.0,0.18530335120281655
2016,10,Nuclear,0.0,0.19312717655172448
2016,11,Nuclear,0.0,0.2185031997861991
2016,12,Nuclear,0.0,0.20682610113076444
2017,1,Nuclear,0.0,0.21343909545243211
2017,2,Nuclear,0.0,0.21805787158992976
2017,3,Nuclear,0.0,0.20213647296912335
2017,4,Nuclear,0.0,0.19187222353803318
2017,5,Nuclear,0.0,0.18931681164664121
2017,6,Nuclear,0.0,0.18637388425964274
2017,7,Nuclear,0.0,0.17666503233607428
2017,8,Nuclear,0.0,0.18839100074352286
2017,9,Nuclear,0.0,0.20262959931264338
2017,10,Nuclear,0.0,0.20609950080387182
2017,11,Nuclear,0.0,0.21628540974691474
2017,12,Nuclear,0.0,0.21228300513053983
2001,1,Other,0.0,0.057819573113190526
2001,2,Other,0.0,0.03952127155888792
2001,3,Other,0.0,0.04210083860854771
2001,4,Other,0.0,0.04215360243593146
2001,5,Other,0.0,0.03837908427081305
2001,6,Other,0.0,0.03893700212688163
2001,7,Other,0.0,0.03358431023234119
2001,8,Other,0.0,0.041466822724626394
2001,9,Other,0.0,0.026668252364366447
2001,10,Other,0.0,0.026047268577924772
2001,11,Other,0.0,0.024478912911460718
2001,12,Other,0.0,0.02532834695723975
2002,1,Other,0.0,0.02454148129105766
2002,2,Other,0.0,0.024178471941530347
2002,3,Other,0.0,0.031182911726086764
2002,4,Other,0.0,0.03156255227178956
2002,5,Other,0.0,0.03100391168371845
2002,6,Other,0.0,0.026520011151145176
2002,7,Other,0.0,0.029836584984059895
2002,8,Other,0.0,0.029805400025779968
2002,9,Other,0.0,0.02897684116938663
2002,10,Other,0.0,0.03105687925005256
2002,11,Other,0.0,0.025564921165990472
2002,12,Other,0.0,0.02915079621128392
2003,1,Other,0.0,0.04145996081524043
2003,2,Other,0.0,0.040181591712115085
2003,3,Other,0.0,0.03860998615985169
2003,4,Other,0.0,0.036364309119383306
2003,5,Other,0.0,0.0319872722877548
2003,6,Other,0.0,0.03805226985941957
2003,7,Other,0.0,0.03763443755843203
2003,8,Other,0.0,0.037780489523667166
2003,9,Other,0.0,0.03260278613464414
2003,10,Other,0.0,0.03456372304697071
2003,11,Other,0.0,0.02843655624412492
2003,12,Other,0.0,0.035069074362294804
2004,1,Other,0.0,0.048890048467060444
2004,2,Other,0.0,0.03484279470218368
2004,3,Other,0.0,0.03731062220629566
2004,4,Other,0.0,0.037389866017942
2004,5,Other,0.0,0.03684713914757583
2004,6,Other,0.0,0.03670694800745249
2004,7,Other,0.0,0.037070459134852095
2004,8,Other,0.0,0.034593167821058986
2004,9,Other,0.0,0.030869319422777056
2004,10,Other,0.0,0.029998467805450027
2004,11,Other,0.0,0.02847819701204182
2004,12,Other,0.0,0.03517372648391483
2005,1,Other,0.0,0.039821767570552245
2005,2,Other,0.0,0.030132257612021
2005,3,Other,0.0,0.031835313785889933
2005,4,Other,0.0,0.030114743603021205
2005,5,Other,0.0,0.026934445726946362
2005,6,Other,0.0,0.034550157121451694
2005,7,Other,0.0,0.036504979982507624
2005,8,Other,0.0,0.04031380430115077
2005,9,Other,0.0,0.039420380237502606
2005,10,Other,0.0,0.03662292004086905
2005,11,Other,0.0,0.027081261069247197
2005,12,Other,0.0,0.04167317063588381
2006,1,Other,0.0,0.023821956402259307
2006,2,Other,0.0,0.021330102805191153
2006,3,Other,0.0,0.01863256443556594
2006,4,Other,0.0,0.021345765252953258
2006,5,Other,0.0,0.019323719424972508
2006,6,Other,0.0,0.020785260299757163
2006,7,Other,0.0,0.02128792037422722
2006,8,Other,0.0,0.024600034220544846
2006,9,Other,0.0,0.018755739934864638
2006,10,Other,0.0,0.020766040098750035
2006,11,Other,0.0,0.020416211755021906
2006,12,Other,0.0,0.018000621988206837
2007,1,Other,0.0,0.021494980652563733
2007,2,Other,0.0,0.03197292138969867
2007,3,Other,0.0,0.02249654870920551
2007,4,Other,0.0,0.022571159498014456
2007,5,Other,0.0,0.01976836764857365
2007,6,Other,0.0,0.020476851361372346
2007,7,Other,0.0,0.01803369629022103
2007,8,Other,0.0,0.02062019997607171
2007,9,Other,0.0,0.01773206367631326
2007,10,Other,0.0,0.018555737617921668
2007,11,Other,0.0,0.01424342108522646
2007,12,Other,0.0,0.016679547963737305
2008,1,Other,0.0,0.015877794209851713
2008,2,Other,0.0,0.015773217486324716
2008,3,Other,0.0,0.014253576616013617
2008,4,Other,0.0,0.017322217502587132
2008,5,Other,0.0,0.015101165366347551
2008,6,Other,0.0,0.018104439472700944
2008,7,Other,0.0,0.013975702912557994
2008,8,Other,0.0,0.013806737389896065
2008,9,Other,0.0,0.015996080620727545
2008,10,Other,0.0,0.01407396036964128
2008,11,Other,0.0,0.014360090835974247
2008,12,Other,0.0,0.01618496911344037
2009,1,Other,0.0,0.020675189265518895
2009,2,Other,0.0,0.015155195676083923
2009,3,Other,0.0,0.01562232535754196
2009,4,Other,0.0,0.014778403671273197
2009,5,Other,0.0,0.014993013004503763
2009,6,Other,0.0,0.014160086475917525
2009,7,Other,0.0,0.013119826020986302
2009,8,Other,0.0,0.01336217492588697
2009,9,Other,0.0,0.013727597152145188
2009,10,Other,0.0,0.01335969325500436
2009,11,Other,0.0,0.012314745834244587
2009,12,Other,0.0,0.011362285331964246
2010,1,Other,0.0,0.01581045375476255
2010,2,Other,0.0,0.011749643257460184
2010,3,Other,0.0,0.013310337245839212
2010,4,Other,0.0,0.013511359221693466
2010,5,Other,0.0,0.014047235098018014
2010,6,Other,0.0,0.014801722753272874
2010,7,Other,0.0,0.014432032000819968
2010,8,Other,0.0,0.012645367425021302
2010,9,Other,0.0,0.012764219323273578
2010,10,Other,0.0,0.011965085213710598
2010,11,Other,0.0,0.011761003692049505
2010,12,Other,0.0,0.014004703772175366
2011,1,Other,0.0,0.013219889388826973
2011,2,Other,0.0,0.012313385216769668
2011,3,Other,0.0,0.014030242291727127
2011,4,Other,0.0,0.013279049781556319
2011,5,Other,0.0,0.012492515960096788
2011,6,Other,0.0,0.011541312829335956
2011,7,Other,0.0,0.01142012350677111
2011,8,Other,0.0,0.010318541087140299
2011,9,Other,0.0,0.011751821358999133
2011,10,Other,0.0,0.011586170759385497
2011,11,Other,0.0,0.011295814023300434
2011,12,Other,0.0,0.011713182409752531
2012,1,Other,0.0,0.012609321234274768
2012,2,Other,0.0,0.012220701546392564
2012,3,Other,0.0,0.011220979691700642
2012,4,Other,0.0,0.011460061826197684
2012,5,Other,0.0,0.01054479240414042
2012,6,Other,0.0,0.010231226642579734
2012,7,Other,0.0,0.009585671812546945
2012,8,Other,0.0,0.009627849661059748
2012,9,Other,0.0,0.01034473027346907
2012,10,Other,0.0,0.011071021063736695
2012,11,Other,0.0,0.011150256393920217
2012,12,Other,0.0,0.010737688004180401
2013,1,Other,0.0,0.013011399292714575
2013,2,Other,0.0,0.011780613779191828
2013,3,Other,0.0,0.011517023827214763
2013,4,Other,0.0,0.012143392394145707
2013,5,Other,0.0,0.013261130950128857
2013,6,Other,0.0,0.011639789223859321
2013,7,Other,0.0,0.012199246918407326
2013,8,Other,0.0,0.011272094346920902
2013,9,Other,0.0,0.011776760490893157
2013,10,Other,0.0,0.012390447659114599
2013,11,Other,0.0,0.011532316558610593
2013,12,Other,0.0,0.011795187935691336
2014,1,Other,0.0,0.02329397797098243
2014,2,Other,0.0,0.012490861014984181
2014,3,Other,0.0,0.014185329806393277
2014,4,Other,0.0,0.010931217584906741
2014,5,Other,0.0,0.010691120921104772
2014,6,Other,0.0,0.009607448748654504
2014,7,Other,0.0,0.009637045438763207
2014,8,Other,0.0,0.009296794503424468
2014,9,Other,0.0,0.010829281438069039
2014,10,Other,0.0,0.010341705956041261
2014,11,Other,0.0,0.010809040068657773
2014,12,Other,0.0,0.011754014743996493
2015,1,Other,0.0,0.013255679279114679
2015,2,Other,0.0,0.02344063247495006
2015,3,Other,0.0,0.010787008977820454
2015,4,Other,0.0,0.012146790570814046
2015,5,Other,0.0,0.011906351967391853
2015,6,Other,0.0,0.010351773315827505
2015,7,Other,0.0,0.01074449894006197
2015,8,Other,0.0,0.010170087638689247
2015,9,Other,0.0,0.011044599373027365
2015,10,Other,0.0,0.01097496925446105
2015,11,Other,0.0,0.011681199944735658
2015,12,Other,0.0,0.011538647317482007
2016,1,Other,0.0,0.012432933065646551
2016,2,Other,0.0,0.01243016126075728
2016,3,Other,0.0,0.012109704820748444
2016,4,Other,0.0,0.012317567400750759
2016,5,Other,0.0,0.012195083252858426
2016,6,Other,0.0,0.010016626344758098
2016,7,Other,0.0,0.009276960085245669
2016,8,Other,0.0,0.009098334687645109
2016,9,Other,0.0,0.009622663927151453
2016,10,Other,0.0,0.009641553660309252
2016,11,Other,0.0,0.011308431353165888
2016,12,Other,0.0,0.009983126369519724
2017,1,Other,0.0,0.01112785304080675
2017,2,Other,0.0,0.011107603646094583
2017,3,Other,0.0,0.010673002775495731
2017,4,Other,0.0,0.010287684816321663
2017,5,Other,0.0,0.01100126243009255
2017,6,Other,0.0,0.009968806294504261
2017,7,Other,0.0,0.008475255943879859
2017,8,Other,0.0,0.009373796855258631
2017,9,Other,0.0,0.009439787412477833
2017,10,Other,0.0,0.009539508850847023
2017,11,Other,0.0,0.010895990209540143
2017,12,Other,0.0,0.01173053036640547
2001,1,Other Renewables,0.0,0.016930696363020973
2001,2,Other Renewables,0.0,0.017199837941119147
2001,3,Other Renewables,0.0,0.01739770343151667
2001,4,Other Renewables,0.0,0.01835181247622363
2001,5,Other Renewables,0.0,0.01671312114433231
2001,6,Other Renewables,0.0,0.01587955260094277
2001,7,Other Renewables,0.0,0.015429686374735668
2001,8,Other Renewables,0.0,0.015198309248962346
2001,9,Other Renewables,0.0,0.016989739459209497
2001,10,Other Renewables,0.0,0.018399309968868502
2001,11,Other Renewables,0.0,0.018745266174261064
2001,12,Other Renewables,0.0,0.017736753352474443
2002,1,Other Renewables,0.0,0.01805410920224945
2002,2,Other Renewables,0.0,0.017962740801312157
2002,3,Other Renewables,0.0,0.018039182850299016
2002,4,Other Renewables,0.0,0.01888268709360743
2002,5,Other Renewables,0.0,0.01827981637465969
2002,6,Other Renewables,0.0,0.01713787320094441
2002,7,Other Renewables,0.0,0.015940747267728508
2002,8,Other Renewables,0.0,0.016001143027729117
2002,9,Other Renewables,0.0,0.01748836760172519
2002,10,Other Renewables,0.0,0.018868903013770994
2002,11,Other Renewables,0.0,0.018784099330014112
2002,12,Other Renewables,0.0,0.017662753332412236
2003,1,Other Renewables,0.0,0.017120693723491218
2003,2,Other Renewables,0.0,0.01737238509749251
2003,3,Other Renewables,0.0,0.01850954580837968
2003,4,Other Renewables,0.0,0.019319566214195054
2003,5,Other Renewables,0.0,0.017552981713781543
2003,6,Other Renewables,0.0,0.016855713659097257
2003,7,Other Renewables,0.0,0.01600833479238697
2003,8,Other Renewables,0.0,0.01548652772766138
2003,9,Other Renewables,0.0,0.017286984474797623
2003,10,Other Renewables,0.0,0.018305610163451256
2003,11,Other Renewables,0.0,0.018649812748359924
2003,12,Other Renewables,0.0,0.01796287313664694
2004,1,Other Renewables,0.0,0.01695563980685345
2004,2,Other Renewables,0.0,0.0173629370220487
2004,3,Other Renewables,0.0,0.018316798647464043
2004,4,Other Renewables,0.0,0.019078736670437683
2004,5,Other Renewables,0.0,0.01697098275960225
2004,6,Other Renewables,0.0,0.016266005099387575
2004,7,Other Renewables,0.0,0.015955754530086356
2004,8,Other Renewables,0.0,0.016022041334937544
2004,9,Other Renewables,0.0,0.01652552628494838
2004,10,Other Renewables,0.0,0.018525663166220247
2004,11,Other Renewables,0.0,0.018351933883759566
2004,12,Other Renewables,0.0,0.01709220051144846
2005,1,Other Renewables,0.0,0.017089001864108545
2005,2,Other Renewables,0.0,0.017560183760695153
2005,3,Other Renewables,0.0,0.01817523374180187
2005,4,Other Renewables,0.0,0.018804967657930285
2005,5,Other Renewables,0.0,0.01814291897699881
2005,6,Other Renewables,0.0,0.015814719137114523
2005,7,Other Renewables,0.0,0.015096023089286693
2005,8,Other Renewables,0.0,0.014874634381491988
2005,9,Other Renewables,0.0,0.016459799628258897
2005,10,Other Renewables,0.0,0.0180100882482168
2005,11,Other Renewables,0.0,0.018619361927017807
2005,12,Other Renewables,0.0,0.01702228436082336
2006,1,Other Renewables,0.0,0.018376130521437332
2006,2,Other Renewables,0.0,0.017676414643157175
2006,3,Other Renewables,0.0,0.01821923294240045
2006,4,Other Renewables,0.0,0.017914945840356734
2006,5,Other Renewables,0.0,0.016654632627573433
2006,6,Other Renewables,0.0,0.015541226120956939
2006,7,Other Renewables,0.0,0.01487512902956936
2006,8,Other Renewables,0.0,0.015098202727189255
2006,9,Other Renewables,0.0,0.017428574527482258
2006,10,Other Renewables,0.0,0.018099769614349868
2006,11,Other Renewables,0.0,0.018592964089595425
2006,12,Other Renewables,0.0,0.01793182651493521
2007,1,Other Renewables,0.0,0.017544222279290467
2007,2,Other Renewables,0.0,0.01651414824489209
2007,3,Other Renewables,0.0,0.01773292015956638
2007,4,Other Renewables,0.0,0.018034658480174152
2007,5,Other Renewables,0.0,0.016912182870676692
2007,6,Other Renewables,0.0,0.016110830509487833
2007,7,Other Renewables,0.0,0.015581990189118836
2007,8,Other Renewables,0.0,0.01451111645295443
2007,9,Other Renewables,0.0,0.016623201135241857
2007,10,Other Renewables,0.0,0.017846015161450415
2007,11,Other Renewables,0.0,0.018813628560888227
2007,12,Other Renewables,0.0,0.01749150807944901
2008,1,Other Renewables,0.0,0.016400439051144747
2008,2,Other Renewables,0.0,0.016798206419682982
2008,3,Other Renewables,0.0,0.018009669184270848
2008,4,Other Renewables,0.0,0.01847735857381684
2008,5,Other Renewables,0.0,0.017404740720430814
2008,6,Other Renewables,0.0,0.01575165909102207
2008,7,Other Renewables,0.0,0.0154233341315617
2008,8,Other Renewables,0.0,0.015796802874904547
2008,9,Other Renewables,0.0,0.016918822575316152
2008,10,Other Renewables,0.0,0.01830332228596893
2008,11,Other Renewables,0.0,0.01857781037372131
2008,12,Other Renewables,0.0,0.016736028321873538
2009,1,Other Renewables,0.0,0.016286098085695387
2009,2,Other Renewables,0.0,0.017774458317055677
2009,3,Other Renewables,0.0,0.0185843748765494
2009,4,Other Renewables,0.0,0.01874999494861056
2009,5,Other Renewables,0.0,0.017642086818445205
2009,6,Other Renewables,0.0,0.01658174220404098
2009,7,Other Renewables,0.0,0.016403777816153726
2009,8,Other Renewables,0.0,0.016290596219250508
2009,9,Other Renewables,0.0,0.0176502801362753
2009,10,Other Renewables,0.0,0.018845571904081215
2009,11,Other Renewables,0.0,0.01987120367499448
2009,12,Other Renewables,0.0,0.017498640319736376
2010,1,Other Renewables,0.0,0.01645839353884361
2010,2,Other Renewables,0.0,0.017001128473751872
2010,3,Other Renewables,0.0,0.019183923106745625
2010,4,Other Renewables,0.0,0.019911488717031352
2010,5,Other Renewables,0.0,0.0176271663941136
2010,6,Other Renewables,0.0,0.015928672556305947
2010,7,Other Renewables,0.0,0.015187334950141304
2010,8,Other Renewables,0.0,0.01530562520883665
2010,9,Other Renewables,0.0,0.01729422049375519
2010,10,Other Renewables,0.0,0.018744751084593253
2010,11,Other Renewables,0.0,0.019469560757381044
2010,12,Other Renewables,0.0,0.017273402174740188
2011,1,Other Renewables,0.0,0.016953155793271866
2011,2,Other Renewables,0.0,0.017816378414953912
2011,3,Other Renewables,0.0,0.018773053027330407
2011,4,Other Renewables,0.0,0.018319033216336423
2011,5,Other Renewables,0.0,0.01753626167697965
2011,6,Other Renewables,0.0,0.01652561993560875
2011,7,Other Renewables,0.0,0.015099214759658358
2011,8,Other Renewables,0.0,0.015623905379765456
2011,9,Other Renewables,0.0,0.017735312365656463
2011,10,Other Renewables,0.0,0.019001233825828294
2011,11,Other Renewables,0.0,0.019874894547938463
2011,12,Other Renewables,0.0,0.019089303397673098
2012,1,Other Renewables,0.0,0.018196525648481437
2012,2,Other Renewables,0.0,0.018775186026801147
2012,3,Other Renewables,0.0,0.0192270018134719
2012,4,Other Renewables,0.0,0.018750153479694283
2012,5,Other Renewables,0.0,0.017518746031185452
2012,6,Other Renewables,0.0,0.016546667756131367
2012,7,Other Renewables,0.0,0.015420455885462212
2012,8,Other Renewables,0.0,0.016173659560955036
2012,9,Other Renewables,0.0,0.01839235405468736
2012,10,Other Renewables,0.0,0.019759965281671198
2012,11,Other Renewables,0.0,0.020303875056335758
2012,12,Other Renewables,0.0,0.01950970445007221
2013,1,Other Renewables,0.0,0.018540965445011735
2013,2,Other Renewables,0.0,0.018798994540953445
2013,3,Other Renewables,0.0,0.019776490978259526
2013,4,Other Renewables,0.0,0.019436464023561095
2013,5,Other Renewables,0.0,0.01944094754411301
2013,6,Other Renewables,0.0,0.017755613008508354
2013,7,Other Renewables,0.0,0.016894020223976205
2013,8,Other Renewables,0.0,0.017659783165315187
2013,9,Other Renewables,0.0,0.01867943168086104
2013,10,Other Renewables,0.0,0.02043374164993637
2013,11,Other Renewables,0.0,0.020356788352502295
2013,12,Other Renewables,0.0,0.019288247834706708
2014,1,Other Renewables,0.0,0.01807639401380794
2014,2,Other Renewables,0.0,0.018944570861512015
2014,3,Other Renewables,0.0,0.02042961948875602
2014,4,Other Renewables,0.0,0.021274698810502063
2014,5,Other Renewables,0.0,0.01986224178597611
2014,6,Other Renewables,0.0,0.01878233585861719
2014,7,Other Renewables,0.0,0.018269313810518398
2014,8,Other Renewables,0.0,0.018083127463101846
2014,9,Other Renewables,0.0,0.01918624248085939
2014,10,Other Renewables,0.0,0.020583038480759503
2014,11,Other Renewables,0.0,0.02061251940121057
2014,12,Other Renewables,0.0,0.020306709881520914
2015,1,Other Renewables,0.0,0.018835411640744967
2015,2,Other Renewables,0.0,0.018361554319964207
2015,3,Other Renewables,0.0,0.020173815978338214
2015,4,Other Renewables,0.0,0.021151287107309815
2015,5,Other Renewables,0.0,0.020176269771913138
2015,6,Other Renewables,0.0,0.018080397865501783
2015,7,Other Renewables,0.0,0.017783600889552754
2015,8,Other Renewables,0.0,0.017910501961223613
2015,9,Other Renewables,0.0,0.01836544135462886
2015,10,Other Renewables,0.0,0.02047085311316377
2015,11,Other Renewables,0.0,0.022042114018668478
2015,12,Other Renewables,0.0,0.021296553849012564
2016,1,Other Renewables,0.0,0.019006140251513266
2016,2,Other Renewables,0.0,0.02018238049682021
2016,3,Other Renewables,0.0,0.02132414740530573
2016,4,Other Renewables,0.0,0.020310302929670076
2016,5,Other Renewables,0.0,0.020190335835602428
2016,6,Other Renewables,0.0,0.017461171001241043
2016,7,Other Renewables,0.0,0.016442592422218415
2016,8,Other Renewables,0.0,0.01676916029431804
2016,9,Other Renewables,0.0,0.018365723598217278
2016,10,Other Renewables,0.0,0.019774214049611848
2016,11,Other Renewables,0.0,0.02226624480834119
2016,12,Other Renewables,0.0,0.02022859282742147
2017,1,Other Renewables,0.0,0.019980928196578727
2017,2,Other Renewables,0.0,0.02150776732538826
2017,3,Other Renewables,0.0,0.021076931656980383
2017,4,Other Renewables,0.0,0.021472040559877247
2017,5,Other Renewables,0.0,0.01981469685987636
2017,6,Other Renewables,0.0,0.018284106791717575
2017,7,Other Renewables,0.0,0.01744324171954739
2017,8,Other Renewables,0.0,0.018237387188060877
2017,9,Other Renewables,0.0,0.018827658671508752
2017,10,Other Renewables,0.0,0.02029290477540847
2017,11,Other Renewables,0.0,0.02127714075707603
2017,12,Other Renewables,0.0,0.02015698941263077
2001,1,Solar,0.0,1.954981809648884e-05
2001,2,Solar,0.0,4.4419280271856345e-05
2001,3,Solar,0.0,0.00010474663928233597
2001,4,Solar,0.0,0.00013938170457096364
2001,5,Solar,0.0,0.0002697399558618773
2001,6,Solar,0.0,0.00027813491366797405
2001,7,Solar,0.0,0.00025726140333877894
2001,8,Solar,0.0,0.00023023589278589151
2001,9,Solar,0.0,0.0002111336102731421
2001,10,Solar,0.0,7.061714843883557e-05
2001,11,Solar,0.0,5.12329900843709e-05
2001,12,Solar,0.0,1.3211288090729154e-05
2002,1,Solar,0.0,3.5381356812479396e-05
2002,2,Solar,0.0,8.36169108103636e-05
2002,3,Solar,0.0,0.0001467486953432134
2002,4,Solar,0.0,0.00015822638060303748
2002,5,Solar,0.0,0.00018734042708716103
2002,6,Solar,0.0,0.00028019106611651683
2002,7,Solar,0.0,0.0002242471336434713
2002,8,Solar,0.0,0.00020006670171765855
2002,9,Solar,0.0,0.00015880401019609407
2002,10,Solar,0.0,0.00010081416458943438
2002,11,Solar,0.0,9.509292269142177e-05
2002,12,Solar,0.0,1.3259238316166405e-05
2003,1,Solar,0.0,3.8648604390917176e-05
2003,2,Solar,0.0,5.958593330592934e-05
2003,3,Solar,0.0,0.0001643983036039596
2003,4,Solar,0.0,0.00021105147538762162
2003,5,Solar,0.0,0.00022098353403047632
2003,6,Solar,0.0,0.00027588901478360454
2003,7,Solar,0.0,0.00016669190314021984
2003,8,Solar,0.0,0.00016237123821597458
2003,9,Solar,0.0,0.0001728590298017484
2003,10,Solar,0.0,0.00011552395906581738
2003,11,Solar,0.0,4.710486044507778e-05
2003,12,Solar,0.0,1.2816522350293447e-05
2004,1,Solar,0.0,3.638812519130892e-05
2004,2,Solar,0.0,3.456088945494228e-05
2004,3,Solar,0.0,0.00017139725044021436
2004,4,Solar,0.0,0.0001958349275925145
2004,5,Solar,0.0,0.0002497902501051727
2004,6,Solar,0.0,0.0002546547867522498
2004,7,Solar,0.0,0.00021758812253171324
2004,8,Solar,0.0,0.00019771767689775148
2004,9,Solar,0.0,0.00018065512718706912
2004,10,Solar,0.0,0.00010728435933236264
2004,11,Solar,0.0,5.078275656842588e-05
2004,12,Solar,0.0,2.2687230710306512e-05
2005,1,Solar,0.0,2.526100535142572e-05
2005,2,Solar,0.0,4.382423982944811e-05
2005,3,Solar,0.0,0.00012019519208246328
2005,4,Solar,0.0,0.0002012109634631622
2005,5,Solar,0.0,0.00025757636455110233
2005,6,Solar,0.0,0.0002433144138624158
2005,7,Solar,0.0,0.00017984088356682882
2005,8,Solar,0.0,0.00018733504821152807
2005,9,Solar,0.0,0.00017448682826657328
2005,10,Solar,0.0,0.00011904705627928978
2005,11,Solar,0.0,4.1667968832888135e-05
2005,12,Solar,0.0,8.024848720936458e-06
2006,1,Solar,0.0,3.935824735870716e-05
2006,2,Solar,0.0,6.355616332480106e-05
2006,3,Solar,0.0,0.0001048029257208532
2006,4,Solar,0.0,0.00017482939074370228
2006,5,Solar,0.0,0.0002139508582588367
2006,6,Solar,0.0,0.0001913545955530718
2006,7,Solar,0.0,0.00015023434147391204
2006,8,Solar,0.0,0.00020355690687827576
2006,9,Solar,0.0,0.0001625937990144806
2006,10,Solar,0.0,0.00010039433880355437
2006,11,Solar,0.0,5.073911925977091e-05
2006,12,Solar,0.0,8.068500993682357e-06
2007,1,Solar,0.0,3.632390861335129e-05
2007,2,Solar,0.0,5.953836637026994e-05
2007,3,Solar,0.0,0.000151301918439574
2007,4,Solar,0.0,0.00017967357712384964
2007,5,Solar,0.0,0.0002549696415797701
2007,6,Solar,0.0,0.0002328337349576742
2007,7,Solar,0.0,0.0002181831916553122
2007,8,Solar,0.0,0.00017821538047665118
2007,9,Solar,0.0,0.0001919371896854172
2007,10,Solar,0.0,0.0001480184794018671
2007,11,Solar,0.0,7.736857234575954e-05
2007,12,Solar,0.0,1.5598390699017035e-05
2008,1,Solar,0.0,4.4874586728993716e-05
2008,2,Solar,0.0,0.00011024648294103101
2008,3,Solar,0.0,0.0002297994229431596
2008,4,Solar,0.0,0.0003077855601055666
2008,5,Solar,0.0,0.0003035994099942357
2008,6,Solar,0.0,0.00034354794174524584
2008,7,Solar,0.0,0.0002752058159747988
2008,8,Solar,0.0,0.00027066117637296127
2008,9,Solar,0.0,0.00027391018929646494
2008,10,Solar,0.0,0.00018912105101766182
2008,11,Solar,0.0,9.3043250157812e-05
2008,12,Solar,0.0,5.43398512386524e-05
2009,1,Solar,0.0,2.0254751221336093e-05
2009,2,Solar,0.0,0.00010118084409796481
2009,3,Solar,0.0,0.00025146859194189386
2009,4,Solar,0.0,0.0003433626508650579
2009,5,Solar,0.0,0.0003547144936611575
2009,6,Solar,0.0,0.00029746147975853434
2009,7,Solar,0.0,0.00032530607811758204
2009,8,Solar,0.0,0.0003050565286835199
2009,9,Solar,0.0,0.00029014655591660374
2009,10,Solar,0.0,0.0002217985422454951
2009,11,Solar,0.0,0.00013620285842927673
2009,12,Solar,0.0,6.050913871229185e-05
2010,1,Solar,0.0,2.733394995412711e-05
2010,2,Solar,0.0,0.0001026599486951284
2010,3,Solar,0.0,0.00024345869187210483
2010,4,Solar,0.0,0.00039013219408655267
2010,5,Solar,0.0,0.00046711581167446266
2010,6,Solar,0.0,0.0004686197748665561
2010,7,Solar,0.0,0.00039392615116436256
2010,8,Solar,0.0,0.0003825110657114395
2010,9,Solar,0.0,0.0003975983686113379
2010,10,Solar,0.0,0.0002449873923340332
2010,11,Solar,0.0,0.00025095749495096043
2010,12,Solar,0.0,0.00012261675988002927
2011,1,Solar,0.0,0.00010963183396009332
2011,2,Solar,0.0,0.00027241283840405493
2011,3,Solar,0.0,0.00038373933252209755
2011,4,Solar,0.0,0.0005423591681680686
2011,5,Solar,0.0,0.0005891776797411024
2011,6,Solar,0.0,0.0006058744596178509
2011,7,Solar,0.0,0.000456512209147948
2011,8,Solar,0.0,0.0005637758719748396
2011,9,Solar,0.0,0.0005495987441816933
2011,10,Solar,0.0,0.0005146245285348825
2011,11,Solar,0.0,0.000353100303237424
2011,12,Solar,0.0,0.00035937492825142096
2012,1,Solar,0.0,0.000280570963992309
2012,2,Solar,0.0,0.0004368439540596829
2012,3,Solar,0.0,0.0007476461858161045
2012,4,Solar,0.0,0.0010762578515101189
2012,5,Solar,0.0,0.0013708334554448595
2012,6,Solar,0.0,0.001455849586106685
2012,7,Solar,0.0,0.0012248111860805014
2012,8,Solar,0.0,0.0011605075824176853
2012,9,Solar,0.0,0.0013627068784218066
2012,10,Solar,0.0,0.0013780655757686985
2012,11,Solar,0.0,0.0011257310691263325
2012,12,Solar,0.0,0.0010344833058149039
2013,1,Solar,0.0,0.00088787025970424
2013,2,Solar,0.0,0.0013969481110699985
2013,3,Solar,0.0,0.0019035400957288862
2013,4,Solar,0.0,0.0022274686125053566
2013,5,Solar,0.0,0.00233652903529988
2013,6,Solar,0.0,0.0024401681500987944
2013,7,Solar,0.0,0.0020992259255673217
2013,8,Solar,0.0,0.002450415335239316
2013,9,Solar,0.0,0.0027828794259886305
2013,10,Solar,0.0,0.0031358244603868317
2013,11,Solar,0.0,0.0026208871490056964
2013,12,Solar,0.0,0.0024079742955313618
2014,1,Solar,0.0,0.00363435485893211
2014,2,Solar,0.0,0.004605411895304138
2014,3,Solar,0.0,0.006676751327898311
2014,4,Solar,0.0,0.008280918997872836
2014,5,Solar,0.0,0.008713244569457854
2014,6,Solar,0.0,0.008416221058804184
2014,7,Solar,0.0,0.0075806404942215565
2014,8,Solar,0.0,0.00782322183067084
2014,9,Solar,0.0,0.008435939744198477
2014,10,Solar,0.0,0.008493513310746787
2014,11,Solar,0.0,0.006816370190772852
2014,12,Solar,0.0,0.005302043601011595
2015,1,Solar,0.0,0.00524183712789114
2015,2,Solar,0.0,0.0068312102702302105
2015,3,Solar,0.0,0.00981954667095255
2015,4,Solar,0.0,0.012290312397996208
2015,5,Solar,0.0,0.012008750935212233
2015,6,Solar,0.0,0.01086492110709248
2015,7,Solar,0.0,0.010203217114422151
2015,8,Solar,0.0,0.010526627456803215
2015,9,Solar,0.0,0.010061146389808257
2015,10,Solar,0.0,0.009884819913831937
2015,11,Solar,0.0,0.008960308951811758
2015,12,Solar,0.0,0.007609054791494814
2016,1,Solar,0.0,0.006967651189683753
2016,2,Solar,0.0,0.01075189811276645
2016,3,Solar,0.0,0.013479014887381244
2016,4,Solar,0.0,0.01548535749947127
2016,5,Solar,0.0,0.016574622327566627
2016,6,Solar,0.0,0.014550918329720615
2016,7,Solar,0.0,0.01431070565144862
2016,8,Solar,0.0,0.014307553299567293
2016,9,Solar,0.0,0.015151638904588833
2016,10,Solar,0.0,0.015025244044016228
2016,11,Solar,0.0,0.0134364185967908
2016,12,Solar,0.0,0.010314554510815714
2017,1,Solar,0.0,0.009821800927693766
2017,2,Solar,0.0,0.013264456219052347
2017,3,Solar,0.0,0.01986254949819529
2017,4,Solar,0.0,0.02352423484322922
2017,5,Solar,0.0,0.02528062851917488
2017,6,Solar,0.0,0.024273273254567476
2017,7,Solar,0.0,0.01998604025610907
2017,8,Solar,0.0,0.020479814257251757
2017,9,Solar,0.0,0.021946406634188842
2017,10,Solar,0.0,0.021240560487739188
2017,11,Solar,0.0,0.015125267326497658
2017,12,Solar,0.0,0.012944841602229357
2001,1,Wind,0.0,0.001170733337547428
2001,2,Wind,0.0,0.001524145390117431
2001,3,Wind,0.0,0.0017695657405205605
2001,4,Wind,0.0,0.002462243494231547
2001,5,Wind,0.0,0.0021133418186990247
2001,6,Wind,0.0,0.0020434766770804137
2001,7,Wind,0.0,0.0017757563866001905
2001,8,Wind,0.0,0.0015579729977065768
2001,9,Wind,0.0,0.0015972072069285706
2001,10,Wind,0.0,0.0020589311281405923
2001,11,Wind,0.0,0.001686784080006447
2001,12,Wind,0.0,0.0020152680852512485
2002,1,Wind,0.0,0.0025360837719966955
2002,2,Wind,0.0,0.0025332819167691286
2002,3,Wind,0.0,0.0028165159087177698
2002,4,Wind,0.0,0.003534602340665137
2002,5,Wind,0.0,0.0035025249452846673
2002,6,Wind,0.0,0.0033030509889057772
2002,7,Wind,0.0,0.002334448918495664
2002,8,Wind,0.0,0.0026079886157360475
2002,9,Wind,0.0,0.0022211944194529673
2002,10,Wind,0.0,0.00239156822060583
2002,11,Wind,0.0,0.0022138746179474725
2002,12,Wind,0.0,0.002324892147707752
2003,1,Wind,0.0,0.0018490639826372955
2003,2,Wind,0.0,0.0024909216434733615
2003,3,Wind,0.0,0.00340483006221783
2003,4,Wind,0.0,0.0038241439694967666
2003,5,Wind,0.0,0.0032723297126069396
2003,6,Wind,0.0,0.0031858119845788314
2003,7,Wind,0.0,0.002546563585595735
2003,8,Wind,0.0,0.0021357952059493793
2003,9,Wind,0.0,0.0027699037144535816
2003,10,Wind,0.0,0.00292481718273411
2003,11,Wind,0.0,0.0032277152792082944
2003,12,Wind,0.0,0.0033311591775956892
2004,1,Wind,0.0,0.0028841536854321984
2004,2,Wind,0.0,0.003250525675262528
2004,3,Wind,0.0,0.004181268492086029
2004,4,Wind,0.0,0.004456410633648109
2004,5,Wind,0.0,0.005197825213898301
2004,6,Wind,0.0,0.004048945472202504
2004,7,Wind,0.0,0.0030858135774279056
2004,8,Wind,0.0,0.0028518475433149857
2004,9,Wind,0.0,0.0032465626137192878
2004,10,Wind,0.0,0.0032929104767791904
2004,11,Wind,0.0,0.0030857231705331534
2004,12,Wind,0.0,0.003427488259193607
2005,1,Wind,0.0,0.003297885956018072
2005,2,Wind,0.0,0.003237793782633352
2005,3,Wind,0.0,0.0049159854320289425
2005,4,Wind,0.0,0.005862294962457336
2005,5,Wind,0.0,0.005543117130769649
2005,6,Wind,0.0,0.004941637953409559
2005,7,Wind,0.0,0.003533069682632983
2005,8,Wind,0.0,0.0028108885778313957
2005,9,Wind,0.0,0.004192715575780683
2005,10,Wind,0.0,0.004570926792353597
2005,11,Wind,0.0,0.005258449514908818
2005,12,Wind,0.0,0.005250885995402192
2006,1,Wind,0.0,0.007249640375405872
2006,2,Wind,0.0,0.006253688923458211
2006,3,Wind,0.0,0.0074000903204291335
2006,4,Wind,0.0,0.008298460579559571
2006,5,Wind,0.0,0.00743671964838803
2006,6,Wind,0.0,0.005632756447719407
2006,7,Wind,0.0,0.004763822132145876
2006,8,Wind,0.0,0.004059668550978223
2006,9,Wind,0.0,0.0056591198870937975
2006,10,Wind,0.0,0.007594477592273574
2006,11,Wind,0.0,0.008217404769945971
2006,12,Wind,0.0,0.007350081757984552
2007,1,Wind,0.0,0.006936620546252433
2007,2,Wind,0.0,0.007795720287412889
2007,3,Wind,0.0,0.009508154806725403
2007,4,Wind,0.0,0.010463199449992739
2007,5,Wind,0.0,0.008940984661707858
2007,6,Wind,0.0,0.007223937682917138
2007,7,Wind,0.0,0.005489037240481982
2007,8,Wind,0.0,0.006400298247120574
2007,9,Wind,0.0,0.008066446741697672
2007,10,Wind,0.0,0.010151595633818183
2007,11,Wind,0.0,0.009853563828960691
2007,12,Wind,0.0,0.010078902988824114
2008,1,Wind,0.0,0.011772008714486523
2008,2,Wind,0.0,0.01184773084831159
2008,3,Wind,0.0,0.014730702984499577
2008,4,Wind,0.0,0.01708362027010608
2008,5,Wind,0.0,0.01641927519415797
2008,6,Wind,0.0,0.013778993878694409
2008,7,Wind,0.0,0.009949079790239837
2008,8,Wind,0.0,0.008392194338646878
2008,9,Wind,0.0,0.009203966151987618
2008,10,Wind,0.0,0.014931663899853656
2008,11,Wind,0.0,0.016106131934676433
2008,12,Wind,0.0,0.01923795326134622
2009,1,Wind,0.0,0.016763508130216594
2009,2,Wind,0.0,0.019449903817513693
2009,3,Wind,0.0,0.022855747477394422
2009,4,Wind,0.0,0.02575734507140715
2009,5,Wind,0.0,0.020115151610192658
2009,6,Wind,0.0,0.016106476949562642
2009,7,Wind,0.0,0.013300564498630372
2009,8,Wind,0.0,0.014334559235772076
2009,9,Wind,0.0,0.014204945618316698
2009,10,Wind,0.0,0.022191305260562694
2009,11,Wind,0.0,0.023177274031191752
2009,12,Wind,0.0,0.01970306026985474
2010,1,Wind,0.0,0.018989364261271496
2010,2,Wind,0.0,0.016988665497994625
2010,3,Wind,0.0,0.027514567741630365
2010,4,Wind,0.0,0.033928117139376934
2010,5,Wind,0.0,0.026524114423328155
2010,6,Wind,0.0,0.02142193238766179
2010,7,Wind,0.0,0.016412764667969548
2010,8,Wind,0.0,0.016349741133965926
2010,9,Wind,0.0,0.02053432525374495
2010,10,Wind,0.0,0.02579850894690237
2010,11,Wind,0.0,0.03185396208706822
2010,12,Wind,0.0,0.025017824746196564
2011,1,Wind,0.0,0.023563836904540458
2011,2,Wind,0.0,0.03337852331851537
2011,3,Wind,0.0,0.03308591183138114
2011,4,Wind,0.0,0.04107770211067334
2011,5,Wind,0.0,0.036376596485450274
2011,6,Wind,0.0,0.029876016552283398
2011,7,Wind,0.0,0.017889183003671313
2011,8,Wind,0.0,0.018386200091032274
2011,9,Wind,0.0,0.020327444231272095
2011,10,Wind,0.0,0.034096978232318345
2011,11,Wind,0.0,0.04090586404938798
2011,12,Wind,0.0,0.0317389476139817
2012,1,Wind,0.0,0.04014424393096296
2012,2,Wind,0.0,0.035721562318078194
2012,3,Wind,0.0,0.04538480580489664
2012,4,Wind,0.0,0.043049207940116935
2012,5,Wind,0.0,0.03726734070884223
2012,6,Wind,0.0,0.03318136517754699
2012,7,Wind,0.0,0.0212796259680352
2012,8,Wind,0.0,0.021404481231257787
2012,9,Wind,0.0,0.026272092263025244
2012,10,Wind,0.0,0.040529992613224305
2012,11,Wind,0.0,0.03805443732378036
2012,12,Wind,0.0,0.04340270413984493
2013,1,Wind,0.0,0.04223651061402866
2013,2,Wind,0.0,0.04544829379882778
2013,3,Wind,0.0,0.048420350977042795
2013,4,Wind,0.0,0.05838546135984486
2013,5,Wind,0.0,0.050407692884640996
2013,6,Wind,0.0,0.03853022467165129
2013,7,Wind,0.0,0.028096854580180308
2013,8,Wind,0.0,0.025005002565636505
2013,9,Wind,0.0,0.03424145313149996
2013,10,Wind,0.0,0.043296785278638686
2013,11,Wind,0.0,0.0502437681551466
2013,12,Wind,0.0,0.03956644133934644
2014,1,Wind,0.0,0.04740090949744846
2014,2,Wind,0.0,0.04310494938886405
2014,3,Wind,0.0,0.053306204994550736
2014,4,Wind,0.0,0.06240829779663793
2014,5,Wind,0.0,0.04788856827027257
2014,6,Wind,0.0,0.04401643232201534
2014,7,Wind,0.0,0.03149873440387322
2014,8,Wind,0.0,0.0263847930648944
2014,9,Wind,0.0,0.03378992433293438
2014,10,Wind,0.0,0.04598879529378354
2014,11,Wind,0.0,0.05927805786413547
2014,12,Wind,0.0,0.04343311420345018
2015,1,Wind,0.0,0.04197819090413446
2015,2,Wind,0.0,0.044507530587740096
2015,3,Wind,0.0,0.04705636240853683
2015,4,Wind,0.0,0.06048827231043574
2015,5,Wind,0.0,0.053023924864353866
2015,6,Wind,0.0,0.0368922496906046
2015,7,Wind,0.0,0.03402835232688283
2015,8,Wind,0.0,0.03323484246979433
2015,9,Wind,0.0,0.03975598252164342
2015,10,Wind,0.0,0.052283673447517096
2015,11,Wind,0.0,0.06525349237286604
2015,12,Wind,0.0,0.06177935024027533
2016,1,Wind,0.0,0.05221051384787072
2016,2,Wind,0.0,0.06396685668862925
2016,3,Wind,0.0,0.07172342787753376
2016,4,Wind,0.0,0.0706092846603332
2016,5,Wind,0.0,0.059152207785349485
2016,6,Wind,0.0,0.04410146470937629
2016,7,Wind,0.0,0.04257104954912569
2016,8,Wind,0.0,0.03301474572139267
2016,9,Wind,0.0,0.04644360904927597
2016,10,Wind,0.0,0.06466491423257792
2016,11,Wind,0.0,0.06505484084743891
2016,12,Wind,0.0,0.06680067530143524
2017,1,Wind,0.0,0.06033232960039831
2017,2,Wind,0.0,0.07605069860768307
2017,3,Wind,0.0,0.08113425054972777
2017,4,Wind,0.0,0.08706953494490716
2017,5,Wind,0.0,0.06989632342946242
2017,6,Wind,0.0,0.054801538548272695
2017,7,Wind,0.0,0.03892178423274413
2017,8,Wind,0.0,0.03400293115052259
2017,9,Wind,0.0,0.05137272218466285
2017,10,Wind,0.0,0.07749600077301512
2017,11,Wind,0.0,0.0756977633437996
2017,12,Wind,0.0,0.06555151024724283
