fuel category,year,month,generation (mwh)
Coal,2001,1,177287111.0
Coal,2001,2,149735483.0
Coal,2001,3,155269010.0
Coal,2001,4,140670652.0
Coal,2001,5,151592915.0
Coal,2001,6,162615804.0
Coal,2001,7,179060410.0
Coal,2001,8,183116073.0
Coal,2001,9,154158318.0
Coal,2001,10,148930815.0
Coal,2001,11,144116999.0
Coal,2001,12,157402349.0
Coal,2002,1,164358019.0
Coal,2002,2,143048821.0
Coal,2002,3,151485651.0
Coal,2002,4,142304593.0
Coal,2002,5,151406399.0
Coal,2002,6,164667695.0
Coal,2002,7,183194702.0
Coal,2002,8,179955446.0
Coal,2002,9,165366307.0
Coal,2002,10,159099296.0
Coal,2002,11,156053653.0
Coal,2002,12,172189764.0
Coal,2003,1,181313152.0
Coal,2003,2,156982484.0
Coal,2003,3,155001775.0
Coal,2003,4,141959980.0
Coal,2003,5,150262975.0
Coal,2003,6,162284629.0
Coal,2003,7,181852319.0
Coal,2003,8,185331825.0
Coal,2003,9,164910000.0
Coal,2003,10,159322941.0
Coal,2003,11,158223194.0
Coal,2003,12,176291472.0
Coal,2004,1,180657420.51999998
Coal,2004,2,161503092.18000004
Coal,2004,3,154288419.20000002
Coal,2004,4,141470956.19999996
Coal,2004,5,157016377.21999997
Coal,2004,6,167641906.26
Coal,2004,7,181491820.62999997
Coal,2004,8,178181342.58000004
Coal,2004,9,164252923.35
Coal,2004,10,157605095.42000002
Coal,2004,11,157435994.20000002
Coal,2004,12,176755201.45
Coal,2005,1,177013906.60999998
Coal,2005,2,155818014.16000003
Coal,2005,3,163612700.48999998
Coal,2005,4,143083239.02
Coal,2005,5,153957961.52999997
Coal,2005,6,174866997.25000003
Coal,2005,7,186090757.21000004
Coal,2005,8,187573754.43999997
Coal,2005,9,171656215.50000003
Coal,2005,10,162436793.02999994
Coal,2005,11,158797527.00000003
Coal,2005,12,177965179.62
Coal,2006,1,169236080.58999997
Coal,2006,2,158616188.92000005
Coal,2006,3,161325115.25000003
Coal,2006,4,141426233.64000002
Coal,2006,5,157009755.11000007
Coal,2006,6,169693478.2
Coal,2006,7,187820871.54999998
Coal,2006,8,189454929.69000006
Coal,2006,9,161590354.15
Coal,2006,10,161389659.13999996
Coal,2006,11,159439517.26999995
Coal,2006,12,173508951.11
Coal,2007,1,175739437.70999998
Coal,2007,2,163602812.59000003
Coal,2007,3,159811073.90999994
Coal,2007,4,146249541.24
Coal,2007,5,157513281.19
Coal,2007,6,173512884.08999997
Coal,2007,7,185053787.62
Coal,2007,8,190134816.42
Coal,2007,9,169391272.86999995
Coal,2007,10,162234356.15
Coal,2007,11,159382454.57999995
Coal,2007,12,173829865.57000002
Coal,2008,1,182875504.30000004
Coal,2008,2,166666354.83
Coal,2008,3,160743243.04
Coal,2008,4,146983023.93
Coal,2008,5,154915901.39
Coal,2008,6,171043279.05
Coal,2008,7,186733456.34000003
Coal,2008,8,180576493.01000002
Coal,2008,9,161356347.29999998
Coal,2008,10,151840715.25000003
Coal,2008,11,154281198.01000002
Coal,2008,12,167785730.49000004
Coal,2009,1,171925150.36999995
Coal,2009,2,140915784.76999998
Coal,2009,3,135530327.82
Coal,2009,4,125934973.10999998
Coal,2009,5,131673057.54
Coal,2009,6,148086771.13999996
Coal,2009,7,158233869.09
Coal,2009,8,163260483.08
Coal,2009,9,137144647.98999998
Coal,2009,10,139955577.39
Coal,2009,11,136809575.28
Coal,2009,12,166434035.57999998
Coal,2010,1,173320160.91000003
Coal,2010,2,153044159.13000003
Coal,2010,3,144405633.22
Coal,2010,4,126951885.35999997
Coal,2010,5,143272493.64999998
Coal,2010,6,165491488.90999997
Coal,2010,7,179600499.12000003
Coal,2010,8,177745320.09
Coal,2010,9,148745671.71
Coal,2010,10,132269835.05999999
Coal,2010,11,135185045.44
Coal,2010,12,167258086.17
Coal,2011,1,170802679.38000003
Coal,2011,2,138311157.23999998
Coal,2011,3,134845231.41
Coal,2011,4,124488257.52999999
Coal,2011,5,137101565.00999996
Coal,2011,6,158055212.6
Coal,2011,7,176585819.63999996
Coal,2011,8,171280533.94000003
Coal,2011,9,140941149.13
Coal,2011,10,126626972.86000001
Coal,2011,11,121462710.78000002
Coal,2011,12,132928716.17000003
Coal,2012,1,129090989.88000001
Coal,2012,2,113872046.94000001
Coal,2012,3,105525546.79999997
Coal,2012,4,96285440.68
Coal,2012,5,115982646.59000002
Coal,2012,6,131261036.11999997
Coal,2012,7,160450262.53
Coal,2012,8,152181055.15999997
Coal,2012,9,125588608.07000004
Coal,2012,10,120999338.78000002
Coal,2012,11,128727065.76000005
Coal,2012,12,134078907.63000003
Coal,2013,1,138104821.07999998
Coal,2013,2,123546804.86999997
Coal,2013,3,130633560.37999998
Coal,2013,4,111834682.52000001
Coal,2013,5,119512500.02000001
Coal,2013,6,138283216.05
Coal,2013,7,152866852.7
Coal,2013,8,149426052.92999998
Coal,2013,9,133110437.33000001
Coal,2013,10,120996392.98
Coal,2013,11,120939729.78999999
Coal,2013,12,141859665.41999996
Coal,2014,1,157097368.63
Coal,2014,2,143294487.51
Coal,2014,3,136442601.34000003
Coal,2014,4,109280591.64999998
Coal,2014,5,118785800.63000003
Coal,2014,6,137576921.54
Coal,2014,7,149627057.61
Coal,2014,8,148451623.34000003
Coal,2014,9,126110384.66000004
Coal,2014,10,111295957.54999998
Coal,2014,11,119127439.38
Coal,2014,12,124620116.14999999
Coal,2015,1,132450520.74
Coal,2015,2,126976831.98999998
Coal,2015,3,108487538.6
Coal,2015,4,88989142.5
Coal,2015,5,104584526.71
Coal,2015,6,125673113.69000001
Coal,2015,7,139099868.55
Coal,2015,8,134670308.95
Coal,2015,9,117985632.23999995
Coal,2015,10,96758504.21000001
Coal,2015,11,87227136.04999998
Coal,2015,12,89495072.82000001
Coal,2016,1,113459379.73000002
Coal,2016,2,92704808.02000001
Coal,2016,3,72172526.82999998
Coal,2016,4,72112861.92
Coal,2016,5,81694510.27999999
Coal,2016,6,116034384.14999999
Coal,2016,7,136316434.0
Coal,2016,8,135634733.35
Coal,2016,9,114137768.27000003
Coal,2016,10,99193943.71999998
Coal,2016,11,86940462.43
Coal,2016,12,118746841.91999999
Coal,2017,1,115499025.87000002
Coal,2017,2,86827335.99
Coal,2017,3,89381883.29000002
Coal,2017,4,81485528.50999999
Coal,2017,5,92832682.85
Coal,2017,6,107688724.16999999
Coal,2017,7,127905700.31
Coal,2017,8,119723884.32999998
Coal,2017,9,98353858.27000001
Coal,2017,10,90034945.52000001
Coal,2017,11,91099873.00999999
Coal,2017,12,106523897.41000001
Hydro,2001,1,18852049.0
Hydro,2001,2,17472892.0
Hydro,2001,3,20477190.0
Hydro,2001,4,18012994.0
Hydro,2001,5,19175635.0
Hydro,2001,6,20727629.0
Hydro,2001,7,18079119.0
Hydro,2001,8,18913767.0
Hydro,2001,9,15256029.0
Hydro,2001,10,15234502.0
Hydro,2001,11,15412931.0
Hydro,2001,12,19346315.0
Hydro,2002,1,21794931.0
Hydro,2002,2,20191681.0
Hydro,2002,3,21008816.0
Hydro,2002,4,24246605.0
Hydro,2002,5,26662692.0
Hydro,2002,6,28212842.0
Hydro,2002,7,25470648.0
Hydro,2002,8,21083927.0
Hydro,2002,9,17086781.0
Hydro,2002,10,17171333.0
Hydro,2002,11,19730028.0
Hydro,2002,12,21668540.0
Hydro,2003,1,20600078.0
Hydro,2003,2,19779860.0
Hydro,2003,3,24202270.0
Hydro,2003,4,24758961.0
Hydro,2003,5,29395256.0
Hydro,2003,6,28586300.0
Hydro,2003,7,24843093.0
Hydro,2003,8,22972029.0
Hydro,2003,9,18480454.0
Hydro,2003,10,18428426.0
Hydro,2003,11,19715264.0
Hydro,2003,12,24044333.0
Hydro,2004,1,22983305.92
Hydro,2004,2,20913616.720000006
Hydro,2004,3,22914281.220000003
Hydro,2004,4,20887974.82
Hydro,2004,5,24019718.090000004
Hydro,2004,6,25252345.03
Hydro,2004,7,23318279.509999998
Hydro,2004,8,21591967.450000003
Hydro,2004,9,20525261.35
Hydro,2004,10,18862795.4
Hydro,2004,11,20937044.410000004
Hydro,2004,12,26210718.47
Hydro,2005,1,24272164.87999999
Hydro,2005,2,21606773.959999997
Hydro,2005,3,22936067.54
Hydro,2005,4,23058358.660000008
Hydro,2005,5,27278510.979999997
Hydro,2005,6,26782989.94000001
Hydro,2005,7,25956841.52
Hydro,2005,8,21565678.81
Hydro,2005,9,17363684.070000004
Hydro,2005,10,18006360.269999992
Hydro,2005,11,19352667.81
Hydro,2005,12,22141156.770000003
Hydro,2006,1,27436655.979999997
Hydro,2006,2,24761683.200000003
Hydro,2006,3,24624608.85
Hydro,2006,4,28555682.969999995
Hydro,2006,5,30818442.99
Hydro,2006,6,29757284.12
Hydro,2006,7,25439392.419999998
Hydro,2006,8,21728353.709999997
Hydro,2006,9,17201460.859999996
Hydro,2006,10,17055177.009999998
Hydro,2006,11,20271722.59
Hydro,2006,12,21595951.24
Hydro,2007,1,26044710.569999997
Hydro,2007,2,18566633.26
Hydro,2007,3,24163455.99
Hydro,2007,4,23890583.05
Hydro,2007,5,26046976.489999995
Hydro,2007,6,22816608.15
Hydro,2007,7,22477760.57
Hydro,2007,8,19940551.040000003
Hydro,2007,9,14742534.22
Hydro,2007,10,14796433.79
Hydro,2007,11,15682053.020000001
Hydro,2007,12,18341674.53
Hydro,2008,1,20779130.790000003
Hydro,2008,2,18788886.13
Hydro,2008,3,21668938.48
Hydro,2008,4,22233932.099999994
Hydro,2008,5,27221147.470000003
Hydro,2008,6,29177427.130000006
Hydro,2008,7,25555086.4
Hydro,2008,8,21229277.41
Hydro,2008,9,16178192.35
Hydro,2008,10,15469942.499999998
Hydro,2008,11,15667934.020000003
Hydro,2008,12,20861490.64
Hydro,2009,1,23490295.71
Hydro,2009,2,17812031.75
Hydro,2009,3,21827453.56
Hydro,2009,4,25769807.360000007
Hydro,2009,5,29559655.190000005
Hydro,2009,6,29233394.60999999
Hydro,2009,7,23384748.2
Hydro,2009,8,19580416.589999996
Hydro,2009,9,17358713.93
Hydro,2009,10,19691068.299999993
Hydro,2009,11,21007700.939999994
Hydro,2009,12,24729808.38
Hydro,2010,1,22383072.46
Hydro,2010,2,20589829.880000003
Hydro,2010,3,20885662.810000002
Hydro,2010,4,19096662.619999997
Hydro,2010,5,25079216.970000003
Hydro,2010,6,29853826.929999992
Hydro,2010,7,24516761.35
Hydro,2010,8,20119232.169999998
Hydro,2010,9,17265206.510000005
Hydro,2010,10,17682976.39
Hydro,2010,11,19561550.029999997
Hydro,2010,12,23169071.429999996
Hydro,2011,1,25531094.480000004
Hydro,2011,2,24131226.05
Hydro,2011,3,31134470.76
Hydro,2011,4,31194306.52
Hydro,2011,5,32586926.119999997
Hydro,2011,6,32151214.35
Hydro,2011,7,31284634.62
Hydro,2011,8,25763578.249999996
Hydro,2011,9,21377591.749999996
Hydro,2011,10,19787389.639999997
Hydro,2011,11,20680527.479999997
Hydro,2011,12,23731943.720000003
Hydro,2012,1,23107143.959999997
Hydro,2012,2,20283964.439999998
Hydro,2012,3,25906634.27
Hydro,2012,4,26295398.450000003
Hydro,2012,5,28641312.239999995
Hydro,2012,6,26657662.240000002
Hydro,2012,7,26491045.79
Hydro,2012,8,23033725.84
Hydro,2012,9,17603964.19
Hydro,2012,10,16501696.67
Hydro,2012,11,18733319.200000003
Hydro,2012,12,22984352.26000001
Hydro,2013,1,24828527.62
Hydro,2013,2,20418465.150000002
Hydro,2013,3,20534358.019999996
Hydro,2013,4,25097104.730000008
Hydro,2013,5,28450094.119999994
Hydro,2013,6,27384066.57
Hydro,2013,7,27254571.539999995
Hydro,2013,8,21633315.630000006
Hydro,2013,9,16961152.32
Hydro,2013,10,17198594.19
Hydro,2013,11,17676833.87
Hydro,2013,12,21128299.22
Hydro,2014,1,21633794.680000003
Hydro,2014,2,17396128.949999996
Hydro,2014,3,24257129.26
Hydro,2014,4,25439906.620000005
Hydro,2014,5,26543885.11
Hydro,2014,6,25743877.710000005
Hydro,2014,7,24357402.4
Hydro,2014,8,19807246.689999998
Hydro,2014,9,16074326.75
Hydro,2014,10,17159212.270000003
Hydro,2014,11,18624923.039999995
Hydro,2014,12,22328788.66
Hydro,2015,1,24138383.909999996
Hydro,2015,2,22286076.009999998
Hydro,2015,3,24280904.75
Hydro,2015,4,22470977.240000006
Hydro,2015,5,20125415.63
Hydro,2015,6,20414084.0
Hydro,2015,7,21014221.459999997
Hydro,2015,8,19122105.120000005
Hydro,2015,9,16094122.419999996
Hydro,2015,10,16630401.58
Hydro,2015,11,19337830.87
Hydro,2015,12,23165562.0
Hydro,2016,1,25614542.35
Hydro,2016,2,24139015.5
Hydro,2016,3,27389877.179999992
Hydro,2016,4,25878028.819999997
Hydro,2016,5,25486381.450000003
Hydro,2016,6,23236867.41
Hydro,2016,7,21455320.909999996
Hydro,2016,8,19569549.18
Hydro,2016,9,16367684.09
Hydro,2016,10,17338856.53
Hydro,2016,11,18808265.299999997
Hydro,2016,12,22527764.580000002
Hydro,2017,1,27830360.259999998
Hydro,2017,2,24517125.340000004
Hydro,2017,3,30098990.479999997
Hydro,2017,4,29254581.83
Hydro,2017,5,32137364.680000007
Hydro,2017,6,30388468.699999996
Hydro,2017,7,25719333.80999999
Hydro,2017,8,21172845.61
Hydro,2017,9,18949244.650000002
Hydro,2017,10,17195927.090000004
Hydro,2017,11,19822730.71
Hydro,2017,12,22486445.540000003
Natural Gas,2001,1,42388663.0
Natural Gas,2001,2,37966925.0
Natural Gas,2001,3,44364414.0
Natural Gas,2001,4,45842745.0
Natural Gas,2001,5,50934205.0
Natural Gas,2001,6,57603152.0
Natural Gas,2001,7,73030141.0
Natural Gas,2001,8,78409804.0
Natural Gas,2001,9,60181140.0
Natural Gas,2001,10,56376440.0
Natural Gas,2001,11,44490622.0
Natural Gas,2001,12,47540863.0
Natural Gas,2002,1,48412833.0
Natural Gas,2002,2,44308432.0
Natural Gas,2002,3,51214465.0
Natural Gas,2002,4,49146409.0
Natural Gas,2002,5,50275239.0
Natural Gas,2002,6,65631020.0
Natural Gas,2002,7,83917264.0
Natural Gas,2002,8,84476868.0
Natural Gas,2002,9,68161133.0
Natural Gas,2002,10,54200822.0
Natural Gas,2002,11,45160877.0
Natural Gas,2002,12,46100393.0
Natural Gas,2003,1,50175748.0
Natural Gas,2003,2,43546577.0
Natural Gas,2003,3,46699025.0
Natural Gas,2003,4,45195381.0
Natural Gas,2003,5,49372968.0
Natural Gas,2003,6,54452948.0
Natural Gas,2003,7,76938276.0
Natural Gas,2003,8,83249694.0
Natural Gas,2003,9,59089942.0
Natural Gas,2003,10,51824170.0
Natural Gas,2003,11,45327919.0
Natural Gas,2003,12,44034898.0
Natural Gas,2004,1,48253372.12999999
Natural Gas,2004,2,50319874.79000001
Natural Gas,2004,3,49801186.91999998
Natural Gas,2004,4,51821988.280000016
Natural Gas,2004,5,62021808.1
Natural Gas,2004,6,64685669.02999999
Natural Gas,2004,7,79290022.25
Natural Gas,2004,8,77820688.38000001
Natural Gas,2004,9,67853993.36999997
Natural Gas,2004,10,57228813.94000002
Natural Gas,2004,11,49693033.97999999
Natural Gas,2004,12,51309565.49
Natural Gas,2005,1,51337627.07000001
Natural Gas,2005,2,44912616.66999999
Natural Gas,2005,3,51896972.68000001
Natural Gas,2005,4,52016286.00000001
Natural Gas,2005,5,54826004.00000001
Natural Gas,2005,6,75635492.54
Natural Gas,2005,7,96819410.33000003
Natural Gas,2005,8,100786654.31999998
Natural Gas,2005,9,73355482.72000003
Natural Gas,2005,10,55940880.85000001
Natural Gas,2005,11,49440225.90999999
Natural Gas,2005,12,53992601.25000001
Natural Gas,2006,1,43806920.76000001
Natural Gas,2006,2,47408989.42999999
Natural Gas,2006,3,54921741.86000001
Natural Gas,2006,4,56090856.29999999
Natural Gas,2006,5,65585605.369999975
Natural Gas,2006,6,81060209.91999999
Natural Gas,2006,7,108093514.36
Natural Gas,2006,8,106591665.95000002
Natural Gas,2006,9,72673348.01999998
Natural Gas,2006,10,70640038.99000001
Natural Gas,2006,11,53439692.7
Natural Gas,2006,12,56128186.00000001
Natural Gas,2007,1,61474531.97
Natural Gas,2007,2,57622071.270000026
Natural Gas,2007,3,56203820.98000001
Natural Gas,2007,4,60152847.589999996
Natural Gas,2007,5,66469700.550000004
Natural Gas,2007,6,81511450.77999999
Natural Gas,2007,7,97482675.74000001
Natural Gas,2007,8,121338426.69000003
Natural Gas,2007,9,88531614.76
Natural Gas,2007,10,78358023.88999997
Natural Gas,2007,11,60636799.259999976
Natural Gas,2007,12,66807827.99999999
Natural Gas,2008,1,72599901.11999999
Natural Gas,2008,2,60042011.800000004
Natural Gas,2008,3,62170579.91000001
Natural Gas,2008,4,63046098.00000001
Natural Gas,2008,5,62270447.14000001
Natural Gas,2008,6,84619976.64999999
Natural Gas,2008,7,100320878.07000004
Natural Gas,2008,8,99673493.48
Natural Gas,2008,9,79136030.02000001
Natural Gas,2008,10,73283338.58000001
Natural Gas,2008,11,61454198.53
Natural Gas,2008,12,64363646.04999999
Natural Gas,2009,1,66390113.25000002
Natural Gas,2009,2,62138853.34000002
Natural Gas,2009,3,68202743.29999997
Natural Gas,2009,4,61158673.66
Natural Gas,2009,5,68145646.67000002
Natural Gas,2009,6,84205181.63000003
Natural Gas,2009,7,101893832.54
Natural Gas,2009,8,109239554.08
Natural Gas,2009,9,92126617.88000004
Natural Gas,2009,10,72602725.49
Natural Gas,2009,11,63285132.0
Natural Gas,2009,12,71589607.08
Natural Gas,2010,1,74172181.99
Natural Gas,2010,2,66197586.61999999
Natural Gas,2010,3,63430047.83000002
Natural Gas,2010,4,64642948.84000001
Natural Gas,2010,5,73662966.14000002
Natural Gas,2010,6,92268430.66999997
Natural Gas,2010,7,114624201.91
Natural Gas,2010,8,121150344.26000002
Natural Gas,2010,9,93004176.49000001
Natural Gas,2010,10,77738336.52999999
Natural Gas,2010,11,69226559.84000002
Natural Gas,2010,12,77573320.19
Natural Gas,2011,1,74249523.61
Natural Gas,2011,2,65919732.529999994
Natural Gas,2011,3,65942195.089999996
Natural Gas,2011,4,70023510.03999998
Natural Gas,2011,5,75236961.75
Natural Gas,2011,6,90684254.53999998
Natural Gas,2011,7,119615782.19000001
Natural Gas,2011,8,119847965.14
Natural Gas,2011,9,91732379.00999996
Natural Gas,2011,10,78813283.77999999
Natural Gas,2011,11,75436154.55000001
Natural Gas,2011,12,86115988.57
Natural Gas,2012,1,90756400.53999999
Natural Gas,2012,2,90605398.70000002
Natural Gas,2012,3,92245843.47999999
Natural Gas,2012,4,94823828.07
Natural Gas,2012,5,107346067.27999999
Natural Gas,2012,6,115591780.21000002
Natural Gas,2012,7,138856105.03
Natural Gas,2012,8,131729625.76000002
Natural Gas,2012,9,108006619.95000005
Natural Gas,2012,10,91720449.72
Natural Gas,2012,11,80165319.34
Natural Gas,2012,12,83984349.76999998
Natural Gas,2013,1,88554002.29999998
Natural Gas,2013,2,80278026.75999999
Natural Gas,2013,3,84720151.89
Natural Gas,2013,4,78031441.26
Natural Gas,2013,5,83810255.84999998
Natural Gas,2013,6,99609096.73
Natural Gas,2013,7,120764560.05999999
Natural Gas,2013,8,121149706.97
Natural Gas,2013,9,102057186.86000001
Natural Gas,2013,10,88581811.49999999
Natural Gas,2013,11,84281970.81
Natural Gas,2013,12,92931497.03999999
Natural Gas,2014,1,91055705.75999996
Natural Gas,2014,2,75938477.94
Natural Gas,2014,3,78145897.15000004
Natural Gas,2014,4,76776628.78
Natural Gas,2014,5,89113838.22000001
Natural Gas,2014,6,98461352.01000004
Natural Gas,2014,7,115074394.0
Natural Gas,2014,8,122341178.82000001
Natural Gas,2014,9,106575204.44
Natural Gas,2014,10,97677414.1
Natural Gas,2014,11,84348671.98
Natural Gas,2014,12,91032583.33000004
Natural Gas,2015,1,101685693.39999999
Natural Gas,2015,2,91308165.97000003
Natural Gas,2015,3,99421048.81999998
Natural Gas,2015,4,92804283.72
Natural Gas,2015,5,101514408.81000002
Natural Gas,2015,6,121475594.53999999
Natural Gas,2015,7,141116761.00000003
Natural Gas,2015,8,139081507.13
Natural Gas,2015,9,123033885.50000003
Natural Gas,2015,10,110003243.36999999
Natural Gas,2015,11,102234515.36000001
Natural Gas,2015,12,109774889.07999998
Natural Gas,2016,1,110042022.24000001
Natural Gas,2016,2,98550536.92000003
Natural Gas,2016,3,103888185.60999998
Natural Gas,2016,4,98874255.86999997
Natural Gas,2016,5,110428288.56999998
Natural Gas,2016,6,131393065.04
Natural Gas,2016,7,151551421.36000004
Natural Gas,2016,8,154757217.42
Natural Gas,2016,9,125600677.44000001
Natural Gas,2016,10,102896267.54999998
Natural Gas,2016,11,93940267.27999999
Natural Gas,2016,12,96362026.78999996
Natural Gas,2017,1,91442076.56
Natural Gas,2017,2,81038331.46000004
Natural Gas,2017,3,94704026.97999999
Natural Gas,2017,4,86152716.03999999
Natural Gas,2017,5,96775953.14
Natural Gas,2017,6,115872590.30000001
Natural Gas,2017,7,144488104.53
Natural Gas,2017,8,139399980.83
Natural Gas,2017,9,116529614.87999998
Natural Gas,2017,10,105813849.62000002
Natural Gas,2017,11,92584619.45999998
Natural Gas,2017,12,106143485.09
Nuclear,2001,1,68707077.0
Nuclear,2001,2,61272407.0
Nuclear,2001,3,62140712.0
Nuclear,2001,4,56003026.0
Nuclear,2001,5,61512445.0
Nuclear,2001,6,68023098.0
Nuclear,2001,7,69166040.0
Nuclear,2001,8,68389496.0
Nuclear,2001,9,63378451.0
Nuclear,2001,10,60460967.0
Nuclear,2001,11,62341711.0
Nuclear,2001,12,67430878.0
Nuclear,2002,1,70925863.0
Nuclear,2002,2,61658274.0
Nuclear,2002,3,63040647.0
Nuclear,2002,4,58437062.0
Nuclear,2002,5,63032192.0
Nuclear,2002,6,66371896.0
Nuclear,2002,7,70420827.0
Nuclear,2002,8,70777688.0
Nuclear,2002,9,64480790.0
Nuclear,2002,10,60493052.0
Nuclear,2002,11,61520324.0
Nuclear,2002,12,68905472.0
Nuclear,2003,1,69211084.0
Nuclear,2003,2,60941869.0
Nuclear,2003,3,59933261.0
Nuclear,2003,4,56775591.0
Nuclear,2003,5,62201960.0
Nuclear,2003,6,64180727.0
Nuclear,2003,7,69652754.0
Nuclear,2003,8,69023878.0
Nuclear,2003,9,63583645.0
Nuclear,2003,10,60016207.0
Nuclear,2003,11,59600020.0
Nuclear,2003,12,68611699.0
Nuclear,2004,1,70806160.0
Nuclear,2004,2,64101949.0
Nuclear,2004,3,63285116.0
Nuclear,2004,4,58620255.0
Nuclear,2004,5,64917412.0
Nuclear,2004,6,67734073.0
Nuclear,2004,7,71975040.0
Nuclear,2004,8,71068483.0
Nuclear,2004,9,65932057.0
Nuclear,2004,10,62530352.0
Nuclear,2004,11,58940863.0
Nuclear,2004,12,68616627.0
Nuclear,2005,1,69828239.0
Nuclear,2005,2,60946934.0
Nuclear,2005,3,61538530.0
Nuclear,2005,4,55484010.0
Nuclear,2005,5,62970464.0
Nuclear,2005,6,66144275.0
Nuclear,2005,7,71070011.0
Nuclear,2005,8,71381550.0
Nuclear,2005,9,66738979.0
Nuclear,2005,10,61235597.0
Nuclear,2005,11,62912709.0
Nuclear,2005,12,71735067.0
Nuclear,2006,1,71911532.0
Nuclear,2006,2,62615654.0
Nuclear,2006,3,63720849.0
Nuclear,2006,4,57567204.0
Nuclear,2006,5,62775701.0
Nuclear,2006,6,68391472.0
Nuclear,2006,7,72186494.0
Nuclear,2006,8,72016095.0
Nuclear,2006,9,66642327.0
Nuclear,2006,10,57509306.0
Nuclear,2006,11,61392321.0
Nuclear,2006,12,70489681.0
Nuclear,2007,1,74006184.0
Nuclear,2007,2,65224794.0
Nuclear,2007,3,64305153.0
Nuclear,2007,4,57301424.0
Nuclear,2007,5,65024555.0
Nuclear,2007,6,68923074.0
Nuclear,2007,7,72738535.0
Nuclear,2007,8,72750910.0
Nuclear,2007,9,67578578.0
Nuclear,2007,10,61689542.0
Nuclear,2007,11,64899278.0
Nuclear,2007,12,71982726.0
Nuclear,2008,1,70734570.0
Nuclear,2008,2,65130385.0
Nuclear,2008,3,64716468.0
Nuclear,2008,4,57332716.0
Nuclear,2008,5,64825901.0
Nuclear,2008,6,70319366.0
Nuclear,2008,7,74318270.0
Nuclear,2008,8,72617066.0
Nuclear,2008,9,67053867.0
Nuclear,2008,10,62820353.0
Nuclear,2008,11,63408145.0
Nuclear,2008,12,72931328.0
Nuclear,2009,1,74102489.0
Nuclear,2009,2,64227211.0
Nuclear,2009,3,67240567.0
Nuclear,2009,4,59408407.0
Nuclear,2009,5,65395452.0
Nuclear,2009,6,69734736.0
Nuclear,2009,7,72948979.0
Nuclear,2009,8,72244597.0
Nuclear,2009,9,65751794.0
Nuclear,2009,10,58020927.0
Nuclear,2009,11,59069208.0
Nuclear,2009,12,70710218.0
Nuclear,2010,1,72569341.0
Nuclear,2010,2,65245370.0
Nuclear,2010,3,64634721.0
Nuclear,2010,4,57611073.0
Nuclear,2010,5,66658365.0
Nuclear,2010,6,68301321.56
Nuclear,2010,7,71913468.0
Nuclear,2010,8,71574103.0
Nuclear,2010,9,69371195.0
Nuclear,2010,10,62750833.0
Nuclear,2010,11,62655206.0
Nuclear,2010,12,73683304.0
Nuclear,2011,1,72742813.0
Nuclear,2011,2,64789078.0
Nuclear,2011,3,65661598.0
Nuclear,2011,4,54547338.0
Nuclear,2011,5,57012914.0
Nuclear,2011,6,65270134.0
Nuclear,2011,7,72344850.0
Nuclear,2011,8,71338566.0
Nuclear,2011,9,66848854.0
Nuclear,2011,10,63336970.0
Nuclear,2011,11,64473880.0
Nuclear,2011,12,71837372.0
Nuclear,2012,1,72381186.0
Nuclear,2012,2,63847023.0
Nuclear,2012,3,61728613.0
Nuclear,2012,4,55870931.0
Nuclear,2012,5,62081445.0
Nuclear,2012,6,65140085.0
Nuclear,2012,7,69129329.0
Nuclear,2012,8,69602111.0
Nuclear,2012,9,64510882.0
Nuclear,2012,10,59743218.0
Nuclear,2012,11,56712757.0
Nuclear,2012,12,68583669.0
Nuclear,2013,1,71405817.0
Nuclear,2013,2,61483385.0
Nuclear,2013,3,62947389.0
Nuclear,2013,4,56766882.0
Nuclear,2013,5,62848155.0
Nuclear,2013,6,66429690.0
Nuclear,2013,7,70539238.0
Nuclear,2013,8,71344379.0
Nuclear,2013,9,65798971.0
Nuclear,2013,10,63183533.0
Nuclear,2013,11,64975456.0
Nuclear,2013,12,71293578.0
Nuclear,2014,1,73162609.0
Nuclear,2014,2,62638950.0
Nuclear,2014,3,62397080.0
Nuclear,2014,4,56384588.0
Nuclear,2014,5,62947430.0
Nuclear,2014,6,68138232.0
Nuclear,2014,7,71940126.0
Nuclear,2014,8,71128746.0
Nuclear,2014,9,67534500.0
Nuclear,2014,10,62390988.0
Nuclear,2014,11,65140185.0
Nuclear,2014,12,73362548.0
Nuclear,2015,1,74269974.0
Nuclear,2015,2,63461493.0
Nuclear,2015,3,64546799.0
Nuclear,2015,4,59784495.0
Nuclear,2015,5,65826525.0
Nuclear,2015,6,68516165.0
Nuclear,2015,7,71412176.0
Nuclear,2015,8,72415352.0
Nuclear,2015,9,66476372.0
Nuclear,2015,10,60570921.0
Nuclear,2015,11,60263941.0
Nuclear,2015,12,69633664.0
Nuclear,2016,1,72524775.0
Nuclear,2016,2,65638141.0
Nuclear,2016,3,66148894.0
Nuclear,2016,4,62731845.0
Nuclear,2016,5,66576493.0
Nuclear,2016,6,67175324.0
Nuclear,2016,7,70349347.0
Nuclear,2016,8,71526405.0
Nuclear,2016,9,65448176.0
Nuclear,2016,10,60733343.0
Nuclear,2016,11,65178776.0
Nuclear,2016,12,71662429.0
Nuclear,2017,1,73120612.0
Nuclear,2017,2,63560371.0
Nuclear,2017,3,65093200.0
Nuclear,2017,4,56743352.0
Nuclear,2017,5,61312753.0
Nuclear,2017,6,67010782.0
Nuclear,2017,7,71314219.0
Nuclear,2017,8,72384218.0
Nuclear,2017,9,68097918.0
Nuclear,2017,10,65994785.0
Nuclear,2017,11,66617853.0
Nuclear,2017,12,73699572.0
Other,2001,1,19224077.86
Other,2001,2,11182156.44
Other,2001,3,12659997.719999999
Other,2001,4,11721993.8
Other,2001,5,11532366.08
Other,2001,6,12759402.040000001
Other,2001,7,12009399.76
Other,2001,8,15362845.77
Other,2001,9,8185256.51
Other,2001,10,7676914.359999999
Other,2001,11,6827225.7
Other,2001,12,7737716.99
Other,2002,1,7851863.05
Other,2002,2,6814000.73
Other,2002,3,9434003.68
Other,2002,4,9147624.54
Other,2002,5,9539134.17
Other,2002,6,9043119.969999999
Other,2002,7,11380890.04
Other,2002,8,11162125.32
Other,2002,9,9599339.83
Other,2002,10,9536326.15
Other,2002,11,7574608.43
Other,2002,12,9469056.690000001
Other,2003,1,14178434.780000001
Other,2003,2,12023787.99
Other,2003,3,11749179.95
Other,2003,4,10391280.68
Other,2003,5,9837470.51
Other,2003,6,12507406.06
Other,2003,7,14089780.61
Other,2003,8,14424279.4
Other,2003,9,10535138.53
Other,2003,10,10602130.5
Other,2003,11,8470321.68
Other,2003,12,11631754.0
Other,2004,1,16941859.060000002
Other,2004,2,10950326.639999999
Other,2004,3,11521950.950000001
Other,2004,4,10864017.309999999
Other,2004,5,12062927.600000001
Other,2004,6,12666794.15
Other,2004,7,13987796.98
Other,2004,8,12745314.139999999
Other,2004,9,10360397.93
Other,2004,10,9373046.969999999
Other,2004,11,8603318.969999999
Other,2004,12,12027440.98
Other,2005,1,13663619.420000002
Other,2005,2,8994481.929999998
Other,2005,3,10106418.669999998
Other,2005,4,8720115.469999999
Other,2005,5,8486039.729999997
Other,2005,6,12563449.450000001
Other,2005,7,14681695.340000004
Other,2005,8,16321664.670000002
Other,2005,9,13805562.250000004
Other,2005,10,11587080.100000001
Other,2005,11,8289986.550000001
Other,2005,12,14506275.739999998
Other,2006,1,7829214.289999999
Other,2006,2,6555422.220000001
Other,2006,3,5938759.66
Other,2006,4,6358005.399999999
Other,2006,5,6388689.550000001
Other,2006,6,7571156.909999999
Other,2006,7,8736525.149999997
Other,2006,8,10029797.6
Other,2006,9,6227952.92
Other,2006,10,6677663.630000001
Other,2006,11,6311865.520000001
Other,2006,12,6053259.170000001
Other,2007,1,7599155.18
Other,2007,2,10334534.260000002
Other,2007,3,7209502.3
Other,2007,4,6841981.58
Other,2007,5,6527575.809999999
Other,2007,6,7427788.1000000015
Other,2007,7,7091122.060000002
Other,2007,8,8696694.68
Other,2007,9,6301769.670000001
Other,2007,10,6171856.930000001
Other,2007,11,4473904.850000001
Other,2007,12,5775974.870000001
Other,2008,1,5763566.77
Other,2008,2,5127941.449999999
Other,2008,3,4627130.72
Other,2008,4,5298260.599999999
Other,2008,5,4911575.540000002
Other,2008,6,6754022.42
Other,2008,7,5630693.23
Other,2008,8,5370561.830000001
Other,2008,9,5407563.8500000015
Other,2008,10,4483184.109999999
Other,2008,11,4452292.19
Other,2008,12,5565982.630000001
Other,2009,1,7339419.97
Other,2009,2,4559963.819999998
Other,2009,3,4852340.56
Other,2009,4,4278889.85
Other,2009,5,4667410.25
Other,2009,6,4922758.659999999
Other,2009,7,4887609.720000001
Other,2009,8,5093791.23
Other,2009,9,4494423.709999999
Other,2009,10,4101964.7699999996
Other,2009,11,3652980.5699999994
Other,2009,12,3982559.2899999996
Other,2010,1,5706887.84
Other,2010,2,3756763.1799999997
Other,2010,3,4155017.460000001
Other,2010,4,3888546.830000001
Other,2010,5,4606230.1899999995
Other,2010,6,5560769.1
Other,2010,7,5912435.529999999
Other,2010,8,5170160.9799999995
Other,2010,9,4416808.799999999
Other,2010,10,3684256.909999999
Other,2010,11,3598980.3800000004
Other,2010,12,5071295.260000001
Other,2011,1,4797036.92
Other,2011,2,3855596.1999999997
Other,2011,3,4471508.59
Other,2011,4,4015506.9800000004
Other,2011,5,4042816.55
Other,2011,6,4243608.55
Other,2011,7,4780602.269999999
Other,2011,8,4194264.54
Other,2011,9,3971163.55
Other,2011,10,3576546.1799999997
Other,2011,11,3434802.9699999997
Other,2011,12,3932488.090000001
Other,2012,1,4281116.13
Other,2012,2,3780901.2800000007
Other,2012,3,3468133.23
Other,2012,4,3383251.56
Other,2012,5,3548284.2
Other,2012,6,3691526.1499999994
Other,2012,7,3974467.330000001
Other,2012,8,3809589.78
Other,2012,9,3461040.9599999995
Other,2012,10,3450090.6100000003
Other,2012,11,3411409.2500000005
Other,2012,12,3593071.07
Other,2013,1,4540350.54
Other,2013,2,3648521.95
Other,2013,3,3747561.34
Other,2013,4,3634830.5099999993
Other,2013,5,4272037.53
Other,2013,6,4153234.37
Other,2013,7,4816686.18
Other,2013,8,4342892.82
Other,2013,9,4015099.990000001
Other,2013,10,3901998.2
Other,2013,11,3627279.5699999994
Other,2013,12,4163732.66
Other,2014,1,8802013.219999999
Other,2014,2,4059399.98
Other,2014,3,4719700.99
Other,2014,4,3264137.1400000006
Other,2014,5,3483004.5199999996
Other,2014,6,3448401.38
Other,2014,7,3728735.6700000004
Other,2014,8,3583626.43
Other,2014,9,3691953.0600000005
Other,2014,10,3262463.32
Other,2014,11,3440284.5999999996
Other,2014,12,3981207.5700000008
Other,2015,1,4787832.550000001
Other,2015,2,7858680.450000001
Other,2015,3,3509127.3200000003
Other,2015,4,3587943.7700000005
Other,2015,5,3851278.5900000003
Other,2015,6,3765937.4800000004
Other,2015,7,4318041.91
Other,2015,8,4002577.3199999994
Other,2015,9,3881437.340000001
Other,2015,10,3438366.2699999996
Other,2015,11,3523275.8800000004
Other,2015,12,3753811.5
Other,2016,1,4397419.550000001
Other,2016,2,3913298.74
Other,2016,3,3704225.7900000005
Other,2016,4,3628372.9999999995
Other,2016,5,3885766.95
Other,2016,6,3702949.1199999996
Other,2016,7,3839341.47
Other,2016,8,3745000.45
Other,2016,9,3398674.6499999994
Other,2016,10,3032011.3200000003
Other,2016,11,3373267.3699999996
Other,2016,12,3459017.4100000006
Other,2017,1,3812213.609999999
Other,2017,2,3237688.25
Other,2017,3,3436984.4000000004
Other,2017,4,3042429.54
Other,2017,5,3562904.32
Other,2017,6,3584287.08
Other,2017,7,3421199.1500000004
Other,2017,8,3601631.4599999995
Other,2017,9,3172438.1399999997
Other,2017,10,3054630.5699999994
Other,2017,11,3356063.0599999996
Other,2017,12,4072559.02
Other Renewables,2001,1,5629184.16
Other Renewables,2001,2,4866525.57
Other Renewables,2001,3,5231603.29
Other Renewables,2001,4,5103237.199999999
Other Renewables,2001,5,5022053.9399999995
Other Renewables,2001,6,5203625.9799999995
Other Renewables,2001,7,5517495.24
Other Renewables,2001,8,5630749.25
Other Renewables,2001,9,5214641.5
Other Renewables,2001,10,5422830.67
Other Renewables,2001,11,5228098.3
Other Renewables,2001,12,5418513.02
Other Renewables,2002,1,5776276.96
Other Renewables,2002,2,5062277.27
Other Renewables,2002,3,5457531.32
Other Renewables,2002,4,5472679.470000001
Other Renewables,2002,5,5624245.83
Other Renewables,2002,6,5843883.04
Other Renewables,2002,7,6080450.96
Other Renewables,2002,8,5992429.68
Other Renewables,2002,9,5793481.17
Other Renewables,2002,10,5793885.85
Other Renewables,2002,11,5565524.58
Other Renewables,2002,12,5737394.32
Other Renewables,2003,1,5854917.239999999
Other Renewables,2003,2,5198447.01
Other Renewables,2003,3,5632532.05
Other Renewables,2003,4,5520661.33
Other Renewables,2003,5,5398301.5
Other Renewables,2003,6,5540306.950000001
Other Renewables,2003,7,5993285.4
Other Renewables,2003,8,5912628.600000001
Other Renewables,2003,9,5586049.470000001
Other Renewables,2003,10,5615091.51
Other Renewables,2003,11,5555170.32
Other Renewables,2003,12,5957948.0
Other Renewables,2004,1,5875634.59
Other Renewables,2004,2,5456790.5200000005
Other Renewables,2004,3,5656438.92
Other Renewables,2004,4,5543526.83
Other Renewables,2004,5,5555919.430000001
Other Renewables,2004,6,5613055.550000001
Other Renewables,2004,7,6020585.130000001
Other Renewables,2004,8,5903071.699999999
Other Renewables,2004,9,5546316.909999998
Other Renewables,2004,10,5788359.329999999
Other Renewables,2004,11,5544155.09
Other Renewables,2004,12,5844573.590000001
Other Renewables,2005,1,5863567.3900000015
Other Renewables,2005,2,5241716.619999999
Other Renewables,2005,3,5769898.26
Other Renewables,2005,4,5445222.83
Other Renewables,2005,5,5716157.399999999
Other Renewables,2005,6,5750695.25
Other Renewables,2005,7,6071369.219999999
Other Renewables,2005,8,6022224.86
Other Renewables,2005,9,5764449.43
Other Renewables,2005,10,5698189.41
Other Renewables,2005,11,5699670.32
Other Renewables,2005,12,5925393.889999999
Other Renewables,2006,1,6039414.280000001
Other Renewables,2006,2,5432527.09
Other Renewables,2006,3,5807018.46
Other Renewables,2006,4,5336108.639999999
Other Renewables,2006,5,5506252.449999999
Other Renewables,2006,6,5660985.71
Other Renewables,2006,7,6104726.84
Other Renewables,2006,8,6155760.440000001
Other Renewables,2006,9,5787259.9
Other Renewables,2006,10,5820280.259999999
Other Renewables,2006,11,5748191.21
Other Renewables,2006,12,6030124.59
Other Renewables,2007,1,6202437.199999999
Other Renewables,2007,2,5337830.37
Other Renewables,2007,3,5682895.2
Other Renewables,2007,4,5466834.840000001
Other Renewables,2007,5,5584454.81
Other Renewables,2007,6,5844054.49
Other Renewables,2007,7,6127074.15
Other Renewables,2007,8,6120151.570000001
Other Renewables,2007,9,5907692.789999999
Other Renewables,2007,10,5935794.88
Other Renewables,2007,11,5909421.869999999
Other Renewables,2007,12,6057149.229999999
Other Renewables,2008,1,5953284.460000001
Other Renewables,2008,2,5461169.800000001
Other Renewables,2008,3,5846468.9799999995
Other Renewables,2008,4,5651577.859999999
Other Renewables,2008,5,5660801.45
Other Renewables,2008,6,5876296.74
Other Renewables,2008,7,6213931.680000001
Other Renewables,2008,8,6144659.970000001
Other Renewables,2008,9,5719501.89
Other Renewables,2008,10,5830424.52
Other Renewables,2008,11,5759980.28
Other Renewables,2008,12,5755490.93
Other Renewables,2009,1,5781350.390000001
Other Renewables,2009,2,5348059.41
Other Renewables,2009,3,5772361.920000002
Other Renewables,2009,4,5428811.180000001
Other Renewables,2009,5,5492082.0
Other Renewables,2009,6,5764648.0600000005
Other Renewables,2009,7,6111000.539999999
Other Renewables,2009,8,6210133.949999999
Other Renewables,2009,9,5778712.52
Other Renewables,2009,10,5786350.82
Other Renewables,2009,11,5894487.950000001
Other Renewables,2009,12,6133393.990000001
Other Renewables,2010,1,5940765.990000001
Other Renewables,2010,2,5435842.779999999
Other Renewables,2010,3,5988543.64
Other Renewables,2010,4,5730493.51
Other Renewables,2010,5,5780125.800000003
Other Renewables,2010,6,5984146.010000002
Other Renewables,2010,7,6221863.890000001
Other Renewables,2010,8,6257828.94
Other Renewables,2010,9,5984327.2299999995
Other Renewables,2010,10,5771833.42
Other Renewables,2010,11,5957873.07
Other Renewables,2010,12,6254935.77
Other Renewables,2011,1,6151709.130000001
Other Renewables,2011,2,5578706.399999999
Other Renewables,2011,3,5983066.16
Other Renewables,2011,4,5539568.49
Other Renewables,2011,5,5675068.91
Other Renewables,2011,6,6076281.1899999995
Other Renewables,2011,7,6320714.51
Other Renewables,2011,8,6350780.769999999
Other Renewables,2011,9,5993098.76
Other Renewables,2011,10,5865509.12
Other Renewables,2011,11,6043508.390000001
Other Renewables,2011,12,6408886.640000001
Other Renewables,2012,1,6178083.5
Other Renewables,2012,2,5808760.21
Other Renewables,2012,3,5942600.890000001
Other Renewables,2012,4,5535440.119999999
Other Renewables,2012,5,5894994.17
Other Renewables,2012,6,5970198.77
Other Renewables,2012,7,6393719.64
Other Renewables,2012,8,6399664.550000001
Other Renewables,2012,9,6153537.99
Other Renewables,2012,10,6157848.519999998
Other Renewables,2012,11,6211949.279999999
Other Renewables,2012,12,6528384.380000001
Other Renewables,2013,1,6469902.319999999
Other Renewables,2013,2,5822153.71
Other Renewables,2013,3,6435135.860000001
Other Renewables,2013,4,5817834.93
Other Renewables,2013,5,6262848.759999999
Other Renewables,2013,6,6335443.09
Other Renewables,2013,7,6670345.66
Other Renewables,2013,8,6803930.41
Other Renewables,2013,9,6368456.42
Other Renewables,2013,10,6434991.319999999
Other Renewables,2013,11,6402856.0200000005
Other Renewables,2013,12,6808802.7
Other Renewables,2014,1,6830463.189999999
Other Renewables,2014,2,6156788.590000002
Other Renewables,2014,3,6797282.59
Other Renewables,2014,4,6352772.139999999
Other Renewables,2014,5,6470816.150000001
Other Renewables,2014,6,6741543.42
Other Renewables,2014,7,7068706.120000001
Other Renewables,2014,8,6970485.74
Other Renewables,2014,9,6541034.790000001
Other Renewables,2014,10,6493262.17
Other Renewables,2014,11,6560520.879999999
Other Renewables,2014,12,6878094.75
Other Renewables,2015,1,6803181.870000001
Other Renewables,2015,2,6155874.34
Other Renewables,2015,3,6562754.23
Other Renewables,2015,4,6247710.319999998
Other Renewables,2015,5,6526300.92
Other Renewables,2015,6,6577582.98
Other Renewables,2015,7,7146944.16
Other Renewables,2015,8,7048923.420000002
Other Renewables,2015,9,6454223.23
Other Renewables,2015,10,6413347.43
Other Renewables,2015,11,6648328.0
Other Renewables,2015,12,6928303.34
Other Renewables,2016,1,6722305.37
Other Renewables,2016,2,6353874.460000001
Other Renewables,2016,3,6522822.64
Other Renewables,2016,4,5982784.779999999
Other Renewables,2016,5,6433325.47
Other Renewables,2016,6,6455050.39
Other Renewables,2016,7,6804893.67
Other Renewables,2016,8,6902418.41
Other Renewables,2016,9,6486677.67
Other Renewables,2016,10,6218462.599999999
Other Renewables,2016,11,6641946.589999998
Other Renewables,2016,12,7008932.090000001
Other Renewables,2017,1,6845126.920000001
Other Renewables,2017,2,6269169.1
Other Renewables,2017,3,6787320.010000002
Other Renewables,2017,4,6350036.15
Other Renewables,2017,5,6417251.609999999
Other Renewables,2017,6,6574055.6899999995
Other Renewables,2017,7,7041298.119999999
Other Renewables,2017,8,7007229.67
Other Renewables,2017,9,6327428.77
Other Renewables,2017,10,6497957.9399999995
Other Renewables,2017,11,6553550.87
Other Renewables,2017,12,6998023.66
Solar,2001,1,6500.0
Solar,2001,2,12568.0
Solar,2001,3,31498.0
Solar,2001,4,38759.0
Solar,2001,5,81053.0
Solar,2001,6,91143.0
Solar,2001,7,91994.0
Solar,2001,8,85299.0
Solar,2001,9,64803.00000000001
Solar,2001,10,20813.0
Solar,2001,11,14289.0
Solar,2001,12,4036.0
Solar,2002,1,11320.0
Solar,2002,2,23565.0
Solar,2002,3,44397.0
Solar,2002,4,45858.0
Solar,2002,5,57640.0
Solar,2002,6,95543.0
Solar,2002,7,85537.0
Solar,2002,8,74925.0
Solar,2002,9,52608.0
Solar,2002,10,30956.0
Solar,2002,11,28175.0
Solar,2002,12,4307.0
Solar,2003,1,13217.009999999998
Solar,2003,2,17830.27
Solar,2003,3,50027.09
Solar,2003,4,60309.0
Solar,2003,5,67962.0
Solar,2003,6,90682.0
Solar,2003,7,62407.0
Solar,2003,8,61992.0
Solar,2003,9,55857.0
Solar,2003,10,35436.0
Solar,2003,11,14031.0
Solar,2003,12,4251.0
Solar,2004,1,12609.57
Solar,2004,2,10861.73
Solar,2004,3,52929.45
Solar,2004,4,56901.89
Solar,2004,5,81775.73
Solar,2004,6,87876.0
Solar,2004,7,82102.53
Solar,2004,8,72846.0
Solar,2004,9,60631.69
Solar,2004,10,33521.09
Solar,2004,11,15341.57
Solar,2004,12,7757.76
Solar,2005,1,8667.54
Solar,2005,2,13081.54
Solar,2005,3,38157.09
Solar,2005,4,58263.25
Solar,2005,5,81152.71
Solar,2005,6,88476.25
Solar,2005,7,72329.01
Solar,2005,8,75845.48
Solar,2005,9,61107.7
Solar,2005,10,37665.15
Solar,2005,11,12755.2
Solar,2005,12,2793.42
Solar,2006,1,12935.3
Solar,2006,2,19532.84
Solar,2006,3,33403.85
Solar,2006,4,52074.32
Solar,2006,5,70735.12
Solar,2006,6,69702.07
Solar,2006,7,61655.91
Solar,2006,8,82993.16
Solar,2006,9,53990.22
Solar,2006,10,32283.46
Solar,2006,11,15686.48
Solar,2006,12,2713.28
Solar,2007,1,12841.65
Solar,2007,2,19244.45
Solar,2007,3,48487.95
Solar,2007,4,54464.340000000004
Solar,2007,5,84191.76000000001
Solar,2007,6,84458.28
Solar,2007,7,85792.93000000001
Solar,2007,8,75163.42000000001
Solar,2007,9,68212.25
Solar,2007,10,49232.689999999995
Solar,2007,11,24301.719999999998
Solar,2007,12,5401.58
Solar,2008,1,16289.269999999999
Solar,2008,2,35841.61
Solar,2008,3,74599.66
Solar,2008,4,94140.84000000001
Solar,2008,5,98744.13
Solar,2008,6,128163.62
Solar,2008,7,110878.10999999999
Solar,2008,8,105282.11999999998
Solar,2008,9,92596.85999999999
Solar,2008,10,60243.49
Solar,2008,11,28847.710000000003
Solar,2008,12,18687.38
Solar,2009,1,7190.17
Solar,2009,2,30443.75
Solar,2009,3,78106.89
Solar,2009,4,99416.08
Solar,2009,5,110424.64
Solar,2009,6,103412.58000000003
Solar,2009,7,121188.27999999998
Solar,2009,8,116290.52
Solar,2009,9,94994.16
Solar,2009,10,68101.1
Solar,2009,11,40402.49
Solar,2009,12,21208.87
Solar,2010,1,9866.369999999999
Solar,2010,2,32823.9
Solar,2010,3,75999.20999999999
Solar,2010,4,112279.40000000001
Solar,2010,5,153171.99
Solar,2010,6,176052.91
Solar,2010,7,161381.5
Solar,2010,8,156392.75
Solar,2010,9,137581.15
Solar,2010,10,75435.86
Solar,2010,11,76795.41000000002
Solar,2010,12,44401.21000000001
Solar,2011,1,39781.57
Solar,2011,2,85298.54999999999
Solar,2011,3,122299.65000000001
Solar,2011,4,164006.24000000002
Solar,2011,5,190669.13999999996
Solar,2011,6,222773.1
Solar,2011,7,191101.55
Solar,2011,8,229162.74000000002
Solar,2011,9,185719.84999999995
Solar,2011,10,158859.94000000003
Solar,2011,11,107369.86000000002
Solar,2011,12,120653.59999999998
Solar,2012,1,95259.44
Solar,2012,2,135152.94999999998
Solar,2012,3,231079.3399999999
Solar,2012,4,317733.98
Solar,2012,5,461280.4600000001
Solar,2012,6,525284.7000000001
Solar,2012,7,507838.3800000001
Solar,2012,8,459194.7299999999
Solar,2012,9,455921.44
Solar,2012,10,429450.10000000003
Solar,2012,11,344416.24000000005
Solar,2012,12,346161.3000000001
Solar,2013,1,309823.88000000006
Solar,2013,2,432642.6399999999
Solar,2013,3,619399.0199999999
Solar,2013,4,666738.8
Solar,2013,5,752706.5199999999
Solar,2013,6,870685.0300000001
Solar,2013,7,828847.27
Solar,2013,8,944091.7400000001
Solar,2013,9,948778.6700000002
Solar,2013,10,987533.4400000002
Solar,2013,11,824352.1900000001
Solar,2013,12,850021.32
Solar,2014,1,1373300.8399999999
Solar,2014,2,1496710.9900000002
Solar,2014,3,2221468.96
Solar,2014,4,2472739.659999999
Solar,2014,5,2838642.5
Solar,2014,6,3020834.0499999993
Solar,2014,7,2933077.8600000003
Solar,2014,8,3015609.789999999
Solar,2014,9,2876007.3999999994
Solar,2014,10,2679420.1800000006
Solar,2014,11,2169503.7900000005
Solar,2014,12,1795857.5500000003
Solar,2015,1,1893304.59
Solar,2015,2,2290223.98
Solar,2015,3,3194401.67
Solar,2015,4,3630337.54
Solar,2015,5,3884400.9899999993
Solar,2015,6,3952618.7800000003
Solar,2015,7,4100509.42
Solar,2015,8,4142898.4499999983
Solar,2015,9,3535819.450000001
Solar,2015,10,3096831.5799999996
Solar,2015,11,2702602.5200000005
Solar,2015,12,2475416.45
Solar,2016,1,2464397.2099999995
Solar,2016,2,3384943.159999999
Solar,2016,3,4123082.71
Solar,2016,4,4561505.630000001
Solar,2016,5,5281236.57
Solar,2016,6,5379187.4
Solar,2016,7,5922595.8900000015
Solar,2016,8,5889186.909999998
Solar,2016,9,5351479.739999999
Solar,2016,10,4725038.27
Solar,2016,11,4008038.8700000006
Solar,2016,12,3573852.750000001
Solar,2017,1,3364782.3199999994
Solar,2017,2,3866376.17
Solar,2017,3,6396257.379999999
Solar,2017,4,6956942.039999999
Solar,2017,5,8187465.859999999
Solar,2017,6,8727462.16
Solar,2017,7,8067747.379999999
Solar,2017,8,7868822.47
Solar,2017,9,7375549.300000002
Solar,2017,10,6801405.2299999995
Solar,2017,11,4658718.48
Solar,2017,12,4494138.779999999
Wind,2001,1,389250.0
Wind,2001,2,431242.0
Wind,2001,3,532120.0
Wind,2001,4,684696.0
Wind,2001,5,635029.0
Wind,2001,6,669634.0
Wind,2001,7,634992.0
Wind,2001,8,577206.0
Wind,2001,9,490229.0
Wind,2001,10,606829.0
Wind,2001,11,470448.0
Wind,2001,12,615657.0
Wind,2002,1,811401.0
Wind,2002,2,713932.0
Wind,2002,3,852102.0
Wind,2002,4,1024417.0
Wind,2002,5,1077640.0
Wind,2002,6,1126315.0
Wind,2002,7,890454.0
Wind,2002,8,976692.0
Wind,2002,9,735829.0
Wind,2002,10,734355.0
Wind,2002,11,655947.0
Wind,2002,12,755195.0
Wind,2003,1,632341.0
Wind,2003,2,745374.0
Wind,2003,3,1036104.0
Wind,2003,4,1092768.0
Wind,2003,5,1006383.0
Wind,2003,6,1047145.0
Wind,2003,7,953396.0
Wind,2003,8,815429.0
Wind,2003,9,895056.0
Wind,2003,10,897163.0
Wind,2003,11,961431.0
Wind,2003,12,1104883.0
Wind,2004,1,999445.2199999999
Wind,2004,2,1021568.9700000001
Wind,2004,3,1291223.99
Wind,2004,4,1294856.7999999998
Wind,2004,5,1701651.4899999998
Wind,2004,6,1397205.7499999998
Wind,2004,7,1164370.0899999999
Wind,2004,8,1050718.8299999998
Wind,2004,9,1089615.2300000002
Wind,2004,10,1028872.7
Wind,2004,11,932203.0000000001
Wind,2004,12,1172008.68
Wind,2005,1,1131568.52
Wind,2005,2,966481.7699999999
Wind,2005,3,1560625.6400000001
Wind,2005,4,1697503.7100000004
Wind,2005,5,1746429.5600000005
Wind,2005,6,1796924.3499999999
Wind,2005,7,1420941.82
Wind,2005,8,1138031.54
Wind,2005,9,1468346.97
Wind,2005,10,1446189.84
Wind,2005,11,1609691.5000000002
Wind,2005,12,1827813.8900000001
Wind,2006,1,2382633.3600000003
Wind,2006,2,1921958.45
Wind,2006,3,2358631.7399999998
Wind,2006,4,2471762.2700000005
Wind,2006,5,2458682.6199999996
Wind,2006,6,2051765.6399999997
Wind,2006,7,1955064.2399999998
Wind,2006,8,1655186.88
Wind,2006,9,1879143.7899999998
Wind,2006,10,2442129.87
Wind,2006,11,2540488.630000001
Wind,2006,12,2471689.58
Wind,2007,1,2452314.65
Wind,2007,2,2519792.84
Wind,2007,3,3047092.4600000004
Wind,2007,4,3171703.1599999997
Wind,2007,5,2952340.64
Wind,2007,6,2620416.46
Wind,2007,7,2158372.4400000004
Wind,2007,8,2699364.69
Wind,2007,9,2866721.57
Wind,2007,10,3376540.2999999993
Wind,2007,11,3095036.4199999995
Wind,2007,12,3490231.9
Wind,2008,1,4273185.390000001
Wind,2008,2,3851748.7099999995
Wind,2008,3,4782019.99
Wind,2008,4,5225282.05
Wind,2008,5,5340283.91
Wind,2008,6,5140376.410000001
Wind,2008,7,4008400.6200000006
Wind,2008,8,3264406.1599999997
Wind,2008,9,3111451.8499999996
Wind,2008,10,4756400.94
Wind,2008,11,4993645.67
Wind,2008,12,6615898.550000001
Wind,2009,1,5950824.67
Wind,2009,2,5852175.029999999
Wind,2009,3,7099062.91
Wind,2009,4,7457696.030000001
Wind,2009,5,6261961.140000001
Wind,2009,6,5599421.9399999995
Wind,2009,7,4954941.340000001
Wind,2009,8,5464473.6
Wind,2009,9,4650707.890000001
Wind,2009,10,6813625.930000002
Wind,2009,11,6875183.04
Wind,2009,12,6906058.369999999
Wind,2010,1,6854336.6099999985
Wind,2010,2,5431857.9399999995
Wind,2010,3,8589076.84
Wind,2010,4,9764455.979999999
Wind,2010,5,8697524.870000001
Wind,2010,6,8047875.35
Wind,2010,7,6723891.200000001
Wind,2010,8,6684724.2
Wind,2010,9,7105502.199999999
Wind,2010,10,7943807.6
Wind,2010,11,9747619.13
Wind,2010,12,9059297.37
Wind,2011,1,8550494.809999999
Wind,2011,2,10451561.889999999
Wind,2011,3,10544646.05
Wind,2011,4,12421656.84
Wind,2011,5,11772160.769999994
Wind,2011,6,10985069.129999999
Wind,2011,7,7488629.07
Wind,2011,8,7473594.029999999
Wind,2011,9,6869029.33
Wind,2011,10,10525428.96
Wind,2011,11,12438553.17
Wind,2011,12,10655774.759999998
Wind,2012,1,13629771.739999998
Wind,2012,2,11051714.19
Wind,2012,3,14027344.98
Wind,2012,4,12709032.650000002
Wind,2012,5,12540324.280000001
Wind,2012,6,11972159.5
Wind,2012,7,8823083.019999998
Wind,2012,8,8469419.01
Wind,2012,9,8789865.47
Wind,2012,10,12630465.259999998
Wind,2012,11,11642715.190000003
Wind,2012,12,14523517.59
Wind,2013,1,14738504.25
Wind,2013,2,14075590.68
Wind,2013,3,15755653.379999999
Wind,2013,4,17476274.29
Wind,2013,5,16238702.16
Wind,2013,6,13748105.769999996
Wind,2013,7,11093613.569999998
Wind,2013,8,9633883.71
Wind,2013,9,11674081.190000003
Wind,2013,10,13635018.110000001
Wind,2013,11,15803259.72
Wind,2013,12,13967058.850000001
Wind,2014,1,17911214.330000002
Wind,2014,2,14008660.449999997
Wind,2014,3,17735882.909999996
Wind,2014,4,18635549.16
Wind,2014,5,15601366.870000003
Wind,2014,6,15798817.139999999
Wind,2014,7,12187392.419999998
Wind,2014,8,10170520.790000001
Wind,2014,9,11519768.440000003
Wind,2014,10,14507931.129999999
Wind,2014,11,18866928.82
Wind,2014,12,14711249.459999997
Wind,2015,1,15162146.320000002
Wind,2015,2,14921545.350000001
Wind,2015,3,15307928.940000005
Wind,2015,4,17867149.23
Wind,2015,5,17151341.330000002
Wind,2015,6,13421266.25
Wind,2015,7,13675449.39
Wind,2015,8,13080027.57
Wind,2015,9,13971566.540000003
Wind,2015,10,16380038.529999997
Wind,2015,11,19681715.65
Wind,2015,12,20098372.799999997
Wind,2016,1,18466401.540000007
Wind,2016,2,20138227.85
Wind,2016,3,21939409.36
Wind,2016,4,20799303.44
Wind,2016,5,18847898.72
Wind,2016,6,16303441.329999998
Wind,2016,7,17618357.140000004
Wind,2016,8,13589326.160000004
Wind,2016,9,16403640.190000001
Wind,2016,10,20335389.799999997
Wind,2016,11,19405642.129999995
Wind,2016,12,23145524.790000003
Wind,2017,1,20668832.270000003
Wind,2017,2,22167558.47
Wind,2017,3,26127338.230000008
Wind,2017,4,25749517.98000001
Wind,2017,5,22636848.66
Wind,2017,6,19703908.450000007
Wind,2017,7,15711522.580000002
Wind,2017,8,13064719.5
Wind,2017,9,17264878.55
Wind,2017,10,24814868.009999994
Wind,2017,11,23315592.470000003
Wind,2017,12,22757913.409999996
